# BEAST v${version}${extra_release_tag}
# Generated Thu Jul 30 22:17:20 CEST 2026 [seed=1785442627552]
# -beagle_gpu -beagle_order 1 -overwrite EBOV_DRC_18-20.xml
state	HZ.coefficients1	HZ.coefficients2	HZ.coefficients3	HZ.coefIndicators1	HZ.coefIndicators2	HZ.coefIndicators3	HZ.coefficientsTimesIndicators1	HZ.coefficientsTimesIndicators2	HZ.coefficientsTimesIndicators3
0	0.0	0.0	0.0	1.0	1.0	1.0	0.0	0.0	0.0
50000	1.4080893788715323	0.47754581647939914	-1.0683785033718072	0.0	1.0	1.0	0.0	0.47754581647939914	-1.0683785033718072
100000	2.702322840508208	0.4679094305957572	-1.111663548499581	0.0	1.0	1.0	0.0	0.4679094305957572	-1.111663548499581
150000	-3.544252118609583	0.30167868725329317	-1.1534928337964363	0.0	1.0	1.0	-0.0	0.30167868725329317	-1.1534928337964363
200000	-1.3147190979331664	0.35064058284332905	-1.2274521042003468	0.0	1.0	1.0	-0.0	0.35064058284332905	-1.2274521042003468
250000	-1.1544654353207733	0.7218073245966623	-1.08426253135178	0.0	1.0	1.0	-0.0	0.7218073245966623	-1.08426253135178
300000	2.111409876285114	0.2844932535517375	-1.0046476640437658	0.0	1.0	1.0	0.0	0.2844932535517375	-1.0046476640437658
350000	1.087550481106179	0.4049336099764823	-1.049723115480629	0.0	1.0	1.0	0.0	0.4049336099764823	-1.049723115480629
400000	1.183928325626487	0.6901222855832607	-1.1587114187408971	0.0	1.0	1.0	0.0	0.6901222855832607	-1.1587114187408971
450000	0.7444168374502718	0.3231073716015374	-1.1398910092853283	0.0	1.0	1.0	0.0	0.3231073716015374	-1.1398910092853283
500000	1.9044169626457783	0.19631145876877984	-1.2437712782988177	0.0	1.0	1.0	0.0	0.19631145876877984	-1.2437712782988177
550000	-3.1382857994843087	0.3471137680640452	-1.1248024329565407	0.0	1.0	1.0	-0.0	0.3471137680640452	-1.1248024329565407
600000	3.2331332020447032	0.24181187607998356	-1.0522268155808807	0.0	1.0	1.0	0.0	0.24181187607998356	-1.0522268155808807
650000	1.7756745219086896	0.22322714944123714	-1.0231600606493347	0.0	1.0	1.0	0.0	0.22322714944123714	-1.0231600606493347
700000	0.7456387897544869	0.3012482011536921	-1.1019765975069364	0.0	1.0	1.0	0.0	0.3012482011536921	-1.1019765975069364
750000	2.7090485697526603	0.5366310018441911	-1.046075585130279	0.0	1.0	1.0	0.0	0.5366310018441911	-1.046075585130279
800000	0.5399162770038249	0.4762876934893309	-1.0612675112236227	0.0	1.0	1.0	0.0	0.4762876934893309	-1.0612675112236227
850000	-2.5873019934723303	0.24715386819208435	-1.1277376180125014	0.0	1.0	1.0	-0.0	0.24715386819208435	-1.1277376180125014
900000	-0.7031604606951117	0.17682629682076645	-1.0021223265337664	0.0	1.0	1.0	-0.0	0.17682629682076645	-1.0021223265337664
950000	-0.2546723478007121	0.4336647349450584	-1.0505594715595379	0.0	1.0	1.0	-0.0	0.4336647349450584	-1.0505594715595379
1000000	1.8344421698067053	0.4594914187624571	-1.1480678304792649	0.0	1.0	1.0	0.0	0.4594914187624571	-1.1480678304792649
1050000	-0.47734690243649314	0.30030384489393935	-1.0395320254906055	0.0	1.0	1.0	-0.0	0.30030384489393935	-1.0395320254906055
1100000	-0.057820291197637305	0.26941764165593995	-1.2384062588116895	1.0	1.0	1.0	-0.057820291197637305	0.26941764165593995	-1.2384062588116895
1150000	0.32677967798123503	0.4540453856490071	-1.1227681467441686	0.0	1.0	1.0	0.0	0.4540453856490071	-1.1227681467441686
1200000	4.476515150392573	0.5057820511416593	-1.0457283695223258	0.0	1.0	1.0	0.0	0.5057820511416593	-1.0457283695223258
1250000	4.983718277175591	0.35906144989542194	-1.1252950959287544	0.0	1.0	1.0	0.0	0.35906144989542194	-1.1252950959287544
1300000	-2.46906573811266	0.5250385325822613	-1.0885553570359334	0.0	1.0	1.0	-0.0	0.5250385325822613	-1.0885553570359334
1350000	-1.5313347649678841	0.37916516711350634	-1.1465475648763177	0.0	1.0	1.0	-0.0	0.37916516711350634	-1.1465475648763177
1400000	1.5680988591128606	2.7642207560809684	-1.1254933159565788	0.0	0.0	1.0	0.0	0.0	-1.1254933159565788
1450000	-2.586664114485605	0.5353039932772059	-1.0047995356236923	0.0	1.0	1.0	-0.0	0.5353039932772059	-1.0047995356236923
1500000	1.922780703768657	-1.5367981452115744	-1.0807009855608911	0.0	0.0	1.0	0.0	-0.0	-1.0807009855608911
1550000	-0.4172106682077799	0.45472865628302417	-1.101564212679051	0.0	1.0	1.0	-0.0	0.45472865628302417	-1.101564212679051
1600000	-1.5964434808882955	0.20580516974904467	-1.189280167016908	0.0	0.0	1.0	-0.0	0.0	-1.189280167016908
1650000	-1.9794268961337809	0.3488233854891225	-1.0686770030187558	0.0	1.0	1.0	-0.0	0.3488233854891225	-1.0686770030187558
1700000	-3.6024624616078738	0.4515211941743189	-1.067970680637303	0.0	1.0	1.0	-0.0	0.4515211941743189	-1.067970680637303
1750000	-0.021676040364913163	0.4070213960150447	-1.1210086212444788	1.0	1.0	1.0	-0.021676040364913163	0.4070213960150447	-1.1210086212444788
1800000	-1.1965275530910546	0.4161003919353214	-1.195739654093285	0.0	1.0	1.0	-0.0	0.4161003919353214	-1.195739654093285
1850000	-0.8344372367123956	0.03882843150439527	-1.1224651744095897	0.0	0.0	1.0	-0.0	0.0	-1.1224651744095897
1900000	1.5085551460951485	0.526063085819096	-1.1480327050026065	0.0	1.0	1.0	0.0	0.526063085819096	-1.1480327050026065
1950000	0.3980800672320945	0.3157367521263972	-1.082102426211556	0.0	1.0	1.0	0.0	0.3157367521263972	-1.082102426211556
2000000	0.4591312165321618	0.31252511742973227	-1.020166020331474	0.0	1.0	1.0	0.0	0.31252511742973227	-1.020166020331474
2050000	0.01083375023652561	0.49371557880027483	-1.0294797771646278	1.0	1.0	1.0	0.01083375023652561	0.49371557880027483	-1.0294797771646278
2100000	-1.2202503516148695	0.4489596249684355	-0.9409616890124166	0.0	1.0	1.0	-0.0	0.4489596249684355	-0.9409616890124166
2150000	-6.841447884914219	0.22891802766159486	-0.9231850141015814	0.0	1.0	1.0	-0.0	0.22891802766159486	-0.9231850141015814
2200000	-0.117302336142238	0.4976951268916383	-1.0881052457209388	0.0	1.0	1.0	-0.0	0.4976951268916383	-1.0881052457209388
2250000	-0.5940576991717725	0.4162424818816042	-1.1026729893759448	0.0	1.0	1.0	-0.0	0.4162424818816042	-1.1026729893759448
2300000	1.2675363402063031	0.5889370642406591	-1.0873011478936487	0.0	1.0	1.0	0.0	0.5889370642406591	-1.0873011478936487
2350000	0.3946811550937938	0.5264715043236048	-1.1058465311465426	0.0	1.0	1.0	0.0	0.5264715043236048	-1.1058465311465426
2400000	-4.439865317921616	0.5547455411448583	-1.0960212462502832	0.0	1.0	1.0	-0.0	0.5547455411448583	-1.0960212462502832
2450000	-1.6266493913334792	0.4074070263313048	-1.0755333971825702	0.0	1.0	1.0	-0.0	0.4074070263313048	-1.0755333971825702
2500000	-0.29485894355957143	0.3924627408029582	-1.0050803388594762	0.0	1.0	1.0	-0.0	0.3924627408029582	-1.0050803388594762
2550000	0.17424015526202608	0.18516793779237312	-1.2551375092902788	0.0	1.0	1.0	0.0	0.18516793779237312	-1.2551375092902788
2600000	1.482342267810696	0.6326429238719821	-1.1502568298222455	0.0	1.0	1.0	0.0	0.6326429238719821	-1.1502568298222455
2650000	5.0401663989096885	0.5834548406126676	-1.1248580481559036	0.0	0.0	1.0	0.0	0.0	-1.1248580481559036
2700000	2.9373511262314347	0.2880593130854789	-1.1376874190148714	0.0	0.0	1.0	0.0	0.0	-1.1376874190148714
2750000	0.7032655517527128	0.16422215206540927	-1.1267821494960732	0.0	1.0	1.0	0.0	0.16422215206540927	-1.1267821494960732
2800000	-1.5129284568900485	0.47441169082847806	-1.182412863556182	0.0	1.0	1.0	-0.0	0.47441169082847806	-1.182412863556182
2850000	-2.088290476651584	0.3364378843016961	-1.0177031092420064	0.0	1.0	1.0	-0.0	0.3364378843016961	-1.0177031092420064
2900000	0.6756558711474911	0.3241018378279416	-1.2415614164105284	0.0	0.0	1.0	0.0	0.0	-1.2415614164105284
2950000	-0.34720339327189353	0.40056822273803244	-1.0405884023657852	0.0	1.0	1.0	-0.0	0.40056822273803244	-1.0405884023657852
3000000	0.9173261415125866	0.33305101815106425	-1.1361173036185674	0.0	1.0	1.0	0.0	0.33305101815106425	-1.1361173036185674
3050000	-2.577324814424594	0.2930681626632762	-1.0241498331520833	0.0	1.0	1.0	-0.0	0.2930681626632762	-1.0241498331520833
3100000	0.3199624746087499	0.3818408138852123	-1.0202316292806815	0.0	1.0	1.0	0.0	0.3818408138852123	-1.0202316292806815
3150000	-2.111957131067045	0.336819593696523	-0.9955695652198433	0.0	1.0	1.0	-0.0	0.336819593696523	-0.9955695652198433
3200000	1.296856000939005	0.5329288771591542	-1.1647542643579878	0.0	1.0	1.0	0.0	0.5329288771591542	-1.1647542643579878
3250000	0.8216911277032528	0.3467435140924214	-1.0372551604761908	0.0	1.0	1.0	0.0	0.3467435140924214	-1.0372551604761908
3300000	-0.23211207821164076	0.3717311092808413	-1.0862772705250983	0.0	1.0	1.0	-0.0	0.3717311092808413	-1.0862772705250983
3350000	0.26008163280232555	0.43500122145040354	-1.0515781533877573	0.0	1.0	1.0	0.0	0.43500122145040354	-1.0515781533877573
3400000	-5.0832853740390185	-1.4056598525657535	-1.1912292359638463	0.0	0.0	1.0	-0.0	-0.0	-1.1912292359638463
3450000	-0.18178406434561212	0.33473917891339916	-1.1520994405090672	0.0	1.0	1.0	-0.0	0.33473917891339916	-1.1520994405090672
3500000	-0.31455812178372616	0.5249802714178067	-1.0828310405447699	0.0	1.0	1.0	-0.0	0.5249802714178067	-1.0828310405447699
3550000	-5.620635313539131	0.3898539258742709	-1.1436138261231656	0.0	1.0	1.0	-0.0	0.3898539258742709	-1.1436138261231656
3600000	-0.9122726109375108	0.3086170664534373	-1.1654694101176055	0.0	1.0	1.0	-0.0	0.3086170664534373	-1.1654694101176055
3650000	1.8510511796122722	0.5577054104399893	-1.1345477035877567	0.0	1.0	1.0	0.0	0.5577054104399893	-1.1345477035877567
3700000	-2.8540997278059024	0.44597915578654934	-1.1121952490648497	0.0	1.0	1.0	-0.0	0.44597915578654934	-1.1121952490648497
3750000	1.0602537857652452	2.12942599665973	-1.2763701647602788	0.0	0.0	1.0	0.0	0.0	-1.2763701647602788
3800000	-0.7288587889645827	0.41246126809201816	-1.1337315885292354	0.0	1.0	1.0	-0.0	0.41246126809201816	-1.1337315885292354
3850000	2.250106894346038	0.2412333089646516	-1.0404917319844138	0.0	1.0	1.0	0.0	0.2412333089646516	-1.0404917319844138
3900000	1.2981645555578218	0.5498220094785741	-1.1257019298724522	0.0	1.0	1.0	0.0	0.5498220094785741	-1.1257019298724522
3950000	-0.4461607471272795	0.3520990463753978	-1.0844712618876235	0.0	1.0	1.0	-0.0	0.3520990463753978	-1.0844712618876235
4000000	-0.7609828113228627	0.3849699842288436	-0.930627118259902	0.0	1.0	1.0	-0.0	0.3849699842288436	-0.930627118259902
4050000	-0.18581661199374142	-3.750913720025799	-1.1504919949984385	0.0	0.0	1.0	-0.0	-0.0	-1.1504919949984385
4100000	2.1079839122210142	0.528191042941175	-1.0242112477142917	0.0	1.0	1.0	0.0	0.528191042941175	-1.0242112477142917
4150000	3.6264839982087897	0.568276071877795	-1.0602877587056556	0.0	1.0	1.0	0.0	0.568276071877795	-1.0602877587056556
4200000	0.1380772502253511	0.3117193933731659	-1.0610549313315536	0.0	1.0	1.0	0.0	0.3117193933731659	-1.0610549313315536
4250000	-0.2698210777271879	0.5353852906591028	-1.0071080368666623	0.0	1.0	1.0	-0.0	0.5353852906591028	-1.0071080368666623
4300000	0.8580979850192508	0.47898064105556337	-1.005399548014451	0.0	1.0	1.0	0.0	0.47898064105556337	-1.005399548014451
4350000	1.7648998389983988	0.3578056552862999	-1.1662352846000021	0.0	1.0	1.0	0.0	0.3578056552862999	-1.1662352846000021
4400000	-1.523776675504385	0.35472176459910193	-1.0302816309958511	0.0	1.0	1.0	-0.0	0.35472176459910193	-1.0302816309958511
4450000	1.3285583212460403	0.20491131231117884	-1.171610445753137	0.0	1.0	1.0	0.0	0.20491131231117884	-1.171610445753137
4500000	-0.8204474625681343	0.39119914341081924	-1.0802696402576673	0.0	1.0	1.0	-0.0	0.39119914341081924	-1.0802696402576673
4550000	-2.0817690669374183	0.4130610179063211	-1.0761672077695414	0.0	1.0	1.0	-0.0	0.4130610179063211	-1.0761672077695414
4600000	0.5610148021003847	0.4591645482140477	-1.1806099072726466	0.0	1.0	1.0	0.0	0.4591645482140477	-1.1806099072726466
4650000	-0.5576129240323927	0.14879144988126333	-1.1874080762292736	0.0	1.0	1.0	-0.0	0.14879144988126333	-1.1874080762292736
4700000	-2.1056880638224644	0.2856065958127877	-1.240939771457676	0.0	1.0	1.0	-0.0	0.2856065958127877	-1.240939771457676
4750000	1.1803159071711826	0.40803408288491433	-1.0356171071298745	0.0	1.0	1.0	0.0	0.40803408288491433	-1.0356171071298745
4800000	-3.6040695510360723	0.2973335452252073	-1.169535441883568	0.0	1.0	1.0	-0.0	0.2973335452252073	-1.169535441883568
4850000	-0.7387620922748557	0.2634512229866785	-1.1242065037415645	0.0	1.0	1.0	-0.0	0.2634512229866785	-1.1242065037415645
4900000	0.4799349172180011	0.5222110813574977	-1.0408816683542046	0.0	1.0	1.0	0.0	0.5222110813574977	-1.0408816683542046
4950000	0.568169084820719	0.1773803702257356	-1.0689267270127571	0.0	1.0	1.0	0.0	0.1773803702257356	-1.0689267270127571
5000000	-0.7097955520958981	0.29827955192785033	-1.1543811543124018	0.0	1.0	1.0	-0.0	0.29827955192785033	-1.1543811543124018
5050000	0.12202708847757154	0.45849225012084643	-0.9372551695418594	1.0	1.0	1.0	0.12202708847757154	0.45849225012084643	-0.9372551695418594
5100000	0.8354295809617064	0.3795532218758246	-1.0134270897816555	0.0	1.0	1.0	0.0	0.3795532218758246	-1.0134270897816555
5150000	0.055708188879984744	0.4829908014018073	-1.125548204347966	0.0	1.0	1.0	0.0	0.4829908014018073	-1.125548204347966
5200000	4.1229629385800175	0.6132134522361674	-0.9408949551826538	0.0	1.0	1.0	0.0	0.6132134522361674	-0.9408949551826538
5250000	2.3744360949125265	0.46556041179659985	-1.0326325368466676	0.0	1.0	1.0	0.0	0.46556041179659985	-1.0326325368466676
5300000	0.7012112958832954	0.31232927779341535	-1.1184312801399934	0.0	0.0	1.0	0.0	0.0	-1.1184312801399934
5350000	-0.6704777873736113	0.4684415562445269	-1.0652945516257284	0.0	1.0	1.0	-0.0	0.4684415562445269	-1.0652945516257284
5400000	0.5337718503945753	0.30472282913831084	-1.1275805653742288	0.0	1.0	1.0	0.0	0.30472282913831084	-1.1275805653742288
5450000	0.07647234550685338	0.25377944141556147	-1.2147415604503093	0.0	1.0	1.0	0.0	0.25377944141556147	-1.2147415604503093
5500000	3.9897227039488823	0.43208364354118245	-0.9010045374442417	0.0	1.0	1.0	0.0	0.43208364354118245	-0.9010045374442417
5550000	-1.0599408632992886	0.7801511233362447	-1.0604716289897815	0.0	1.0	1.0	-0.0	0.7801511233362447	-1.0604716289897815
5600000	-1.3485194911522662	0.4750878981042687	-0.8336933918820638	0.0	1.0	1.0	-0.0	0.4750878981042687	-0.8336933918820638
5650000	1.8037054318387749	0.36199740138097297	-0.919368586234764	0.0	1.0	1.0	0.0	0.36199740138097297	-0.919368586234764
5700000	-0.6239123897654597	0.38403646130465036	-0.9088440704080972	0.0	1.0	1.0	-0.0	0.38403646130465036	-0.9088440704080972
5750000	-0.054211124682732446	0.5117674461925426	-1.133026183834712	0.0	1.0	1.0	-0.0	0.5117674461925426	-1.133026183834712
5800000	0.4576603995455673	0.3386640209307361	-1.1785715180556409	0.0	1.0	1.0	0.0	0.3386640209307361	-1.1785715180556409
5850000	1.2848712718864768	0.4455197178305112	-1.0418478301816891	0.0	1.0	1.0	0.0	0.4455197178305112	-1.0418478301816891
5900000	2.5185184862205174	0.4419395108795673	-1.1236012345858475	0.0	1.0	1.0	0.0	0.4419395108795673	-1.1236012345858475
5950000	1.8874370639916522	0.5330340884640772	-1.1935005207543559	0.0	1.0	1.0	0.0	0.5330340884640772	-1.1935005207543559
6000000	-3.3005055366850797	0.23893314810801397	-1.0771763680871764	0.0	1.0	1.0	-0.0	0.23893314810801397	-1.0771763680871764
6050000	0.010850653637330288	0.3720838364642417	-1.1983256172794206	0.0	1.0	1.0	0.0	0.3720838364642417	-1.1983256172794206
6100000	1.5608765843768386	0.30944617467672525	-1.1483106837009762	0.0	1.0	1.0	0.0	0.30944617467672525	-1.1483106837009762
6150000	-1.9510769526083267	0.5530917763925353	-1.034180046052933	0.0	1.0	1.0	-0.0	0.5530917763925353	-1.034180046052933
6200000	-2.0436625672091915	0.5243893517198014	-1.1790478087076712	0.0	1.0	1.0	-0.0	0.5243893517198014	-1.1790478087076712
6250000	-1.3784276450750113	0.4553749769417112	-1.180192574078018	0.0	1.0	1.0	-0.0	0.4553749769417112	-1.180192574078018
6300000	-2.5611504041433295	0.3363084268392326	-1.1681489979546613	0.0	1.0	1.0	-0.0	0.3363084268392326	-1.1681489979546613
6350000	1.101388801026185	0.39821050261666024	-1.087797905642674	0.0	1.0	1.0	0.0	0.39821050261666024	-1.087797905642674
6400000	0.9407564883577453	0.39472883428594435	-1.1253293955663248	0.0	1.0	1.0	0.0	0.39472883428594435	-1.1253293955663248
6450000	-0.11928946817467123	0.3971909573034454	-1.1252105548211722	0.0	1.0	1.0	-0.0	0.3971909573034454	-1.1252105548211722
6500000	3.5106339856309665	0.5260742651230463	-1.074322889700575	0.0	1.0	1.0	0.0	0.5260742651230463	-1.074322889700575
6550000	0.1749141780115711	0.31377311428901056	-0.9420009448472645	1.0	1.0	1.0	0.1749141780115711	0.31377311428901056	-0.9420009448472645
6600000	-0.1719137887815294	0.4702332507840717	-1.0494158511483989	0.0	1.0	1.0	-0.0	0.4702332507840717	-1.0494158511483989
6650000	0.298282547909762	0.13760579543339335	-1.061134091213462	1.0	1.0	1.0	0.298282547909762	0.13760579543339335	-1.061134091213462
6700000	-1.2892609145818779	0.3062830721330174	-1.1624945004181333	0.0	1.0	1.0	-0.0	0.3062830721330174	-1.1624945004181333
6750000	0.13459676451654531	0.4611562618473575	-1.1562284691145714	0.0	0.0	1.0	0.0	0.0	-1.1562284691145714
6800000	1.0418759730267622	0.33356304084285165	-1.0574097841769707	0.0	1.0	1.0	0.0	0.33356304084285165	-1.0574097841769707
6850000	0.334683974769463	0.4029791362062524	-1.0809392331323286	0.0	1.0	1.0	0.0	0.4029791362062524	-1.0809392331323286
6900000	4.526109320822032	0.37101471516905443	-0.9589570635467503	0.0	1.0	1.0	0.0	0.37101471516905443	-0.9589570635467503
6950000	-3.767362097444552	0.4109729884308615	-1.1328645552236032	0.0	1.0	1.0	-0.0	0.4109729884308615	-1.1328645552236032
7000000	0.26777820924554446	-1.372750240578557	-1.2651577336234852	0.0	0.0	1.0	0.0	-0.0	-1.2651577336234852
7050000	4.482877407027825	0.4367401786697174	-1.0885121835175533	0.0	1.0	1.0	0.0	0.4367401786697174	-1.0885121835175533
7100000	-2.9553555306846766	0.4753369785519194	-1.0892212470006482	0.0	1.0	1.0	-0.0	0.4753369785519194	-1.0892212470006482
7150000	1.925175091031991	0.18226924916168744	-1.1577886309852459	0.0	1.0	1.0	0.0	0.18226924916168744	-1.1577886309852459
7200000	0.08863481271508312	0.5360130566184026	-1.005254603834824	0.0	1.0	1.0	0.0	0.5360130566184026	-1.005254603834824
7250000	-1.7679867011828532	0.3992086037459212	-1.1574107214156202	0.0	1.0	1.0	-0.0	0.3992086037459212	-1.1574107214156202
7300000	-3.191761776411537	0.3490509080253735	-1.039399782886609	0.0	1.0	1.0	-0.0	0.3490509080253735	-1.039399782886609
7350000	0.9944056194738036	0.20880925057636035	-1.214599909276236	0.0	1.0	1.0	0.0	0.20880925057636035	-1.214599909276236
7400000	1.1593790163401598	0.31290014468586297	-0.9356050507899702	0.0	1.0	1.0	0.0	0.31290014468586297	-0.9356050507899702
7450000	-0.012233945843012073	0.4495140620313255	-1.0904028078835901	1.0	1.0	1.0	-0.012233945843012073	0.4495140620313255	-1.0904028078835901
7500000	-0.8706875714978985	0.46951050392385896	-1.1217406908586043	0.0	1.0	1.0	-0.0	0.46951050392385896	-1.1217406908586043
7550000	-1.0992653593736965	0.40602105686040013	-1.1442043031773184	0.0	1.0	1.0	-0.0	0.40602105686040013	-1.1442043031773184
7600000	-1.5356836110928653	0.48710978834081253	-1.1250630121575764	0.0	1.0	1.0	-0.0	0.48710978834081253	-1.1250630121575764
7650000	0.3934496256555015	0.3575988526729197	-0.9812666322829111	0.0	1.0	1.0	0.0	0.3575988526729197	-0.9812666322829111
7700000	4.726687869265436	0.32907809168957397	-1.0929026436010552	0.0	1.0	1.0	0.0	0.32907809168957397	-1.0929026436010552
7750000	0.15422204344846707	0.38916185421257754	-0.9798867465646662	1.0	1.0	1.0	0.15422204344846707	0.38916185421257754	-0.9798867465646662
7800000	0.10291192416478052	0.3907751457114622	-1.087492135536022	0.0	1.0	1.0	0.0	0.3907751457114622	-1.087492135536022
7850000	-1.2906588068608904	0.38358452144606237	-1.0617031936629748	0.0	1.0	1.0	-0.0	0.38358452144606237	-1.0617031936629748
7900000	0.40565918291641034	0.4528402798954455	-1.079175002310149	0.0	1.0	1.0	0.0	0.4528402798954455	-1.079175002310149
7950000	1.8113332892835772	0.1962180039765503	-1.046359744624564	0.0	1.0	1.0	0.0	0.1962180039765503	-1.046359744624564
8000000	1.1537375594737087	0.40411687927039486	-1.2063145869871466	0.0	1.0	1.0	0.0	0.40411687927039486	-1.2063145869871466
8050000	2.2118694824899867	0.4313080472127683	-1.1828832568292609	0.0	1.0	1.0	0.0	0.4313080472127683	-1.1828832568292609
8100000	-2.8226540628232692	4.092807526699283	-1.243899272351689	0.0	0.0	1.0	-0.0	0.0	-1.243899272351689
8150000	-5.7176130487044485	0.4133248132444236	-1.1048825193305258	0.0	1.0	1.0	-0.0	0.4133248132444236	-1.1048825193305258
8200000	-1.6043176243602986	0.4853251496930283	-1.0104180873554567	0.0	1.0	1.0	-0.0	0.4853251496930283	-1.0104180873554567
8250000	1.2111486182549138	0.30404597966006025	-1.1367813475993664	0.0	1.0	1.0	0.0	0.30404597966006025	-1.1367813475993664
8300000	4.422809131052997	0.4668070816782164	-1.2535375177037997	0.0	1.0	1.0	0.0	0.4668070816782164	-1.2535375177037997
8350000	-0.6179857832304284	0.4326811446473177	-1.198437207336083	0.0	1.0	1.0	-0.0	0.4326811446473177	-1.198437207336083
8400000	-1.7437419732365558	0.2984456610924972	-1.1102141353092547	0.0	1.0	1.0	-0.0	0.2984456610924972	-1.1102141353092547
8450000	3.461017473661099	0.2689722036184342	-1.2787535708914133	0.0	1.0	1.0	0.0	0.2689722036184342	-1.2787535708914133
8500000	1.1781312616065143	0.35810581146879455	-1.061295306250758	0.0	1.0	1.0	0.0	0.35810581146879455	-1.061295306250758
8550000	-1.108478246181937	0.3115040183673819	-1.2510203633461758	0.0	1.0	1.0	-0.0	0.3115040183673819	-1.2510203633461758
8600000	0.5323560154043308	0.46050072647947543	-1.0549014980318119	0.0	1.0	1.0	0.0	0.46050072647947543	-1.0549014980318119
8650000	3.9969833345766728	0.3704480320667232	-1.0282172851025584	0.0	1.0	1.0	0.0	0.3704480320667232	-1.0282172851025584
8700000	2.2113504800269324	0.4700577682620152	-1.0926066441224493	0.0	1.0	1.0	0.0	0.4700577682620152	-1.0926066441224493
8750000	-2.9339427932911843	0.5026529155281932	-1.0764606188733186	0.0	1.0	1.0	-0.0	0.5026529155281932	-1.0764606188733186
8800000	-0.4892059113549375	0.11528639479658584	-0.9995243887254266	0.0	0.0	1.0	-0.0	0.0	-0.9995243887254266
8850000	-1.8187111780296321	0.4917565737176799	-1.0635551591460104	0.0	1.0	1.0	-0.0	0.4917565737176799	-1.0635551591460104
8900000	1.2225634004673576	0.20058670410227694	-1.213962391665459	0.0	1.0	1.0	0.0	0.20058670410227694	-1.213962391665459
8950000	2.0187332530465296	0.5383864911059486	-1.1937430792626162	0.0	1.0	1.0	0.0	0.5383864911059486	-1.1937430792626162
9000000	1.984998694074782	0.4723727372205274	-1.0187930025736878	0.0	1.0	1.0	0.0	0.4723727372205274	-1.0187930025736878
9050000	0.6253227313800807	0.3454774967651898	-1.1735243812078013	0.0	1.0	1.0	0.0	0.3454774967651898	-1.1735243812078013
9100000	0.3828697599764974	0.4718886316142623	-1.0267017732426111	0.0	1.0	1.0	0.0	0.4718886316142623	-1.0267017732426111
9150000	0.06290623189853828	-0.39081991486992074	-1.104856886402801	1.0	0.0	1.0	0.06290623189853828	-0.0	-1.104856886402801
9200000	-0.31572974660748754	0.3088793027563158	-1.1119473363411667	0.0	1.0	1.0	-0.0	0.3088793027563158	-1.1119473363411667
9250000	-1.4768439103154263	2.5876175736290232	-1.1746530150283565	0.0	0.0	1.0	-0.0	0.0	-1.1746530150283565
9300000	5.121972087144719	-2.062496588022798	-1.1595257599530377	0.0	0.0	1.0	0.0	-0.0	-1.1595257599530377
9350000	-0.15472950909866756	0.29342068914631003	-1.0499207292983248	0.0	1.0	1.0	-0.0	0.29342068914631003	-1.0499207292983248
9400000	0.606892004797188	0.3893539851375656	-1.0075719597334003	0.0	1.0	1.0	0.0	0.3893539851375656	-1.0075719597334003
9450000	-1.117524962194404	-0.9290802524548999	-1.276740499476936	0.0	0.0	1.0	-0.0	-0.0	-1.276740499476936
9500000	0.9717227852111678	0.5725619391549089	-1.0483121452763497	0.0	1.0	1.0	0.0	0.5725619391549089	-1.0483121452763497
9550000	1.9233967020608462	0.3402669255642285	-1.038850220088004	0.0	1.0	1.0	0.0	0.3402669255642285	-1.038850220088004
9600000	0.3471281497928987	0.5423462943678129	-1.1144947108371324	0.0	1.0	1.0	0.0	0.5423462943678129	-1.1144947108371324
9650000	2.5255104944555877	0.33462457667012535	-1.1275183549617673	0.0	1.0	1.0	0.0	0.33462457667012535	-1.1275183549617673
9700000	-0.8158245371846392	0.17448580035790887	-1.118755976643674	0.0	1.0	1.0	-0.0	0.17448580035790887	-1.118755976643674
9750000	-0.22371626755555923	0.24203823159603838	-1.2025796374103705	0.0	1.0	1.0	-0.0	0.24203823159603838	-1.2025796374103705
9800000	3.1366599354834555	0.25372145272643903	-1.0449396608074262	0.0	1.0	1.0	0.0	0.25372145272643903	-1.0449396608074262
9850000	0.12919688912006633	0.4334040762250905	-1.1957958533520716	1.0	1.0	1.0	0.12919688912006633	0.4334040762250905	-1.1957958533520716
9900000	2.2181047743140376	0.332655342777001	-1.1168859057126197	0.0	1.0	1.0	0.0	0.332655342777001	-1.1168859057126197
9950000	1.339147228632763	0.09786737478098687	-1.1799498555560262	0.0	1.0	1.0	0.0	0.09786737478098687	-1.1799498555560262
10000000	4.528978194279098	0.38005636887812577	-1.1840389382220593	0.0	1.0	1.0	0.0	0.38005636887812577	-1.1840389382220593
10050000	-0.5740451638947022	0.4223003055194102	-1.1676334317576924	0.0	1.0	1.0	-0.0	0.4223003055194102	-1.1676334317576924
10100000	-0.4358471688152699	0.1642620305792822	-0.982610539330501	0.0	1.0	1.0	-0.0	0.1642620305792822	-0.982610539330501
10150000	2.365828625114516	0.36874578124321883	-1.046692315710122	0.0	1.0	1.0	0.0	0.36874578124321883	-1.046692315710122
10200000	-0.04684384166768842	-2.8500864141802578	-1.1101836220510934	0.0	0.0	1.0	-0.0	-0.0	-1.1101836220510934
10250000	1.7873230329845946	0.29737037034509156	-1.0890453334039454	0.0	1.0	1.0	0.0	0.29737037034509156	-1.0890453334039454
10300000	-0.9353460118284096	0.36688832662160004	-1.1603491080858035	0.0	1.0	1.0	-0.0	0.36688832662160004	-1.1603491080858035
10350000	-1.0617515034007678	0.41155127449546375	-1.1172906310608919	0.0	1.0	1.0	-0.0	0.41155127449546375	-1.1172906310608919
10400000	0.22841900224452685	0.46354253838223836	-1.0805062522025288	0.0	1.0	1.0	0.0	0.46354253838223836	-1.0805062522025288
10450000	-1.2395968429405275	0.3470483673061351	-1.2052712235171	0.0	1.0	1.0	-0.0	0.3470483673061351	-1.2052712235171
10500000	2.0625387592824698	0.3422977776042486	-1.0544333629170848	0.0	1.0	1.0	0.0	0.3422977776042486	-1.0544333629170848
10550000	-1.0876884666985644	0.44808452457712217	-1.113102965704507	0.0	1.0	1.0	-0.0	0.44808452457712217	-1.113102965704507
10600000	2.421198468406736	0.49277211791697517	-1.0607104252759545	0.0	1.0	1.0	0.0	0.49277211791697517	-1.0607104252759545
10650000	0.8003175814210243	-2.566779734740838	-1.0881214955680594	0.0	0.0	1.0	0.0	-0.0	-1.0881214955680594
10700000	0.733770848735509	0.39373653131867525	-1.0592777428019182	0.0	1.0	1.0	0.0	0.39373653131867525	-1.0592777428019182
10750000	0.555197690328557	0.4416021222381237	-0.9824781120433924	0.0	1.0	1.0	0.0	0.4416021222381237	-0.9824781120433924
10800000	2.789307356173749	0.3827024467158399	-1.1691541344359306	0.0	1.0	1.0	0.0	0.3827024467158399	-1.1691541344359306
10850000	0.1813775803416172	0.4160872315350973	-0.8487269168778906	1.0	1.0	1.0	0.1813775803416172	0.4160872315350973	-0.8487269168778906
10900000	1.1332866839573181	0.3905108121167615	-1.0873821102501124	0.0	1.0	1.0	0.0	0.3905108121167615	-1.0873821102501124
10950000	-2.2303607670515673	0.5359009254488019	-1.039940285214633	0.0	1.0	1.0	-0.0	0.5359009254488019	-1.039940285214633
11000000	1.9383620706728089	-0.08959109670395288	-1.2514844767991717	0.0	0.0	1.0	0.0	-0.0	-1.2514844767991717
11050000	3.0246636502118784	0.41254648887765244	-1.0947659060702062	0.0	1.0	1.0	0.0	0.41254648887765244	-1.0947659060702062
11100000	-2.1150433211440074	0.45865945113805584	-1.0689059663753857	0.0	1.0	1.0	-0.0	0.45865945113805584	-1.0689059663753857
11150000	-1.7519851397036814	1.124903604032745	-1.1240470146426218	0.0	0.0	1.0	-0.0	0.0	-1.1240470146426218
11200000	-0.5457229332363727	0.3558600448413778	-1.198582921823599	0.0	1.0	1.0	-0.0	0.3558600448413778	-1.198582921823599
11250000	2.715705434814857	0.28763181047484737	-1.2284015436384261	0.0	1.0	1.0	0.0	0.28763181047484737	-1.2284015436384261
11300000	0.34717641581409703	0.22732502445146613	-1.088518813772578	0.0	1.0	1.0	0.0	0.22732502445146613	-1.088518813772578
11350000	-1.5893901002573974	0.3236943411206757	-1.014983381629903	0.0	1.0	1.0	-0.0	0.3236943411206757	-1.014983381629903
11400000	0.7498365979879464	0.4228815834064093	-0.9685497774417465	0.0	1.0	1.0	0.0	0.4228815834064093	-0.9685497774417465
11450000	-2.121845455402812	0.47047926125900613	-1.030549526459647	0.0	1.0	1.0	-0.0	0.47047926125900613	-1.030549526459647
11500000	0.610018276712747	0.4784568646932217	-0.9735474752359531	0.0	1.0	1.0	0.0	0.4784568646932217	-0.9735474752359531
11550000	-0.06316291416183625	0.44804052136300837	-0.9152588609593004	0.0	1.0	1.0	-0.0	0.44804052136300837	-0.9152588609593004
11600000	-0.05260634177580041	0.617006990718566	-1.064310281093897	1.0	1.0	1.0	-0.05260634177580041	0.617006990718566	-1.064310281093897
11650000	2.3361873449345163	0.41000974355761527	-1.1643831335983108	0.0	1.0	1.0	0.0	0.41000974355761527	-1.1643831335983108
11700000	-3.463759060592963	0.49204500687822367	-1.0891686735210107	0.0	1.0	1.0	-0.0	0.49204500687822367	-1.0891686735210107
11750000	2.9900580678136324	0.3438704629654946	-1.0643622857731627	0.0	1.0	1.0	0.0	0.3438704629654946	-1.0643622857731627
11800000	-1.471008552273204	0.3341348109968639	-1.037525929635878	0.0	1.0	1.0	-0.0	0.3341348109968639	-1.037525929635878
11850000	5.651328649539755	0.3903283929270865	-1.0365408299103416	0.0	1.0	1.0	0.0	0.3903283929270865	-1.0365408299103416
11900000	-1.8426377952830708	0.3566766555824751	-1.1728467541168013	0.0	1.0	1.0	-0.0	0.3566766555824751	-1.1728467541168013
11950000	-1.5834015708230769	0.36291416981984115	-1.0180624620511645	0.0	1.0	1.0	-0.0	0.36291416981984115	-1.0180624620511645
12000000	2.0216081641306176	0.32224627930955013	-1.215821807959809	0.0	1.0	1.0	0.0	0.32224627930955013	-1.215821807959809
12050000	-0.07544468289674365	0.42432490376342963	-1.1186097471571455	0.0	1.0	1.0	-0.0	0.42432490376342963	-1.1186097471571455
12100000	1.9626928499904963	0.3155190154694557	-1.151090750530913	0.0	1.0	1.0	0.0	0.3155190154694557	-1.151090750530913
12150000	-2.0755479446583953	0.31266980663356775	-1.1807182139081234	0.0	1.0	1.0	-0.0	0.31266980663356775	-1.1807182139081234
12200000	2.266657482440296	0.45557903924578147	-1.1292264157881464	0.0	1.0	1.0	0.0	0.45557903924578147	-1.1292264157881464
12250000	-0.7462935001075921	0.13225889875148447	-1.1965592488970633	0.0	1.0	1.0	-0.0	0.13225889875148447	-1.1965592488970633
12300000	0.18257741101249203	0.28324604809269815	-1.1370889777607038	0.0	1.0	1.0	0.0	0.28324604809269815	-1.1370889777607038
12350000	2.2062025191923578	0.5558381722188765	-0.9567259563309178	0.0	1.0	1.0	0.0	0.5558381722188765	-0.9567259563309178
12400000	1.29857440610697	0.41475429761204985	-1.023419935295736	0.0	1.0	1.0	0.0	0.41475429761204985	-1.023419935295736
12450000	1.9705660168989165	0.3271592166380802	-1.0480170066438184	0.0	1.0	1.0	0.0	0.3271592166380802	-1.0480170066438184
12500000	-1.3125472897525126	0.3550897194616808	-1.168729039064874	0.0	1.0	1.0	-0.0	0.3550897194616808	-1.168729039064874
12550000	-0.5514097248613	0.4729344156261165	-0.9613483477951756	0.0	1.0	1.0	-0.0	0.4729344156261165	-0.9613483477951756
12600000	0.8610157605654802	0.3962660930545969	-0.9842558506418544	0.0	1.0	1.0	0.0	0.3962660930545969	-0.9842558506418544
12650000	-1.3428192074411767	0.20034361926594513	-0.8797943977883669	0.0	1.0	1.0	-0.0	0.20034361926594513	-0.8797943977883669
12700000	0.14793120882564642	0.24695871313029705	-1.1430831482090724	0.0	1.0	1.0	0.0	0.24695871313029705	-1.1430831482090724
12750000	-1.08237277072733	0.5025354867734412	-1.0497685826918155	0.0	1.0	1.0	-0.0	0.5025354867734412	-1.0497685826918155
12800000	0.319471719984199	0.42653929242723543	-0.9987538409673337	1.0	1.0	1.0	0.319471719984199	0.42653929242723543	-0.9987538409673337
12850000	-3.51576113258868	0.4778906319245152	-1.18046244796051	0.0	1.0	1.0	-0.0	0.4778906319245152	-1.18046244796051
12900000	0.822538638545955	0.36224587714409257	-1.1258215949088999	0.0	1.0	1.0	0.0	0.36224587714409257	-1.1258215949088999
12950000	-1.7211710405428953	0.33035495655240893	-1.119665723110884	0.0	1.0	1.0	-0.0	0.33035495655240893	-1.119665723110884
13000000	0.3039422196470598	0.5578606979471944	-1.0348763968990322	0.0	1.0	1.0	0.0	0.5578606979471944	-1.0348763968990322
13050000	-0.05943960111560309	0.5211789361763238	-1.0697002587805027	0.0	1.0	1.0	-0.0	0.5211789361763238	-1.0697002587805027
13100000	-8.617088378733151E-5	0.438522282154167	-1.1581823418647201	1.0	1.0	1.0	-8.617088378733151E-5	0.438522282154167	-1.1581823418647201
13150000	-0.5976926209816296	0.3204777618164072	-1.1597968668837872	0.0	1.0	1.0	-0.0	0.3204777618164072	-1.1597968668837872
13200000	1.4536595704810755	0.48683088734435526	-1.0330980811137154	0.0	1.0	1.0	0.0	0.48683088734435526	-1.0330980811137154
13250000	-2.070621397942991	0.36942220543955173	-1.101667625407652	0.0	1.0	1.0	-0.0	0.36942220543955173	-1.101667625407652
13300000	-2.5021466912902675	0.48938188340245486	-0.9905859821831957	0.0	1.0	1.0	-0.0	0.48938188340245486	-0.9905859821831957
13350000	-1.935233912760041	0.4172720970381244	-1.1824137122471239	0.0	1.0	1.0	-0.0	0.4172720970381244	-1.1824137122471239
13400000	-1.0270895389215715	0.49964768164886086	-1.1510531700013438	0.0	1.0	1.0	-0.0	0.49964768164886086	-1.1510531700013438
13450000	0.6486087608392623	0.3864019824138733	-0.9967955408227873	0.0	1.0	1.0	0.0	0.3864019824138733	-0.9967955408227873
13500000	-2.982538520617498	0.4877170680399443	-1.0002948229408404	0.0	1.0	1.0	-0.0	0.4877170680399443	-1.0002948229408404
13550000	1.7622604082793758	0.36946046766849516	-1.070711730538886	0.0	1.0	1.0	0.0	0.36946046766849516	-1.070711730538886
13600000	1.054130490471319	0.44678281981033646	-1.1035859663445446	0.0	1.0	1.0	0.0	0.44678281981033646	-1.1035859663445446
13650000	1.3550762277254207	0.3192264257662835	-1.1375126526275743	0.0	1.0	1.0	0.0	0.3192264257662835	-1.1375126526275743
13700000	1.8141893490201824	0.5347870755063999	-1.0288728872198005	0.0	1.0	1.0	0.0	0.5347870755063999	-1.0288728872198005
13750000	-2.166804810274244	0.4322283085958036	-1.0808524378855602	0.0	1.0	1.0	-0.0	0.4322283085958036	-1.0808524378855602
13800000	-1.4397829170116776	0.33243473258088946	-1.0851336843670925	0.0	1.0	1.0	-0.0	0.33243473258088946	-1.0851336843670925
13850000	-0.8478412594916601	0.27060724541152453	-1.1108028280184514	0.0	1.0	1.0	-0.0	0.27060724541152453	-1.1108028280184514
13900000	-1.52945681854633	0.5690912562111861	-0.9400622457869394	0.0	1.0	1.0	-0.0	0.5690912562111861	-0.9400622457869394
13950000	-0.56956181042162	0.465167594746739	-1.1819753506666795	0.0	1.0	1.0	-0.0	0.465167594746739	-1.1819753506666795
14000000	-0.7867872511048707	0.3285701896968499	-1.1144291067789895	0.0	1.0	1.0	-0.0	0.3285701896968499	-1.1144291067789895
14050000	-1.104514629661864	0.3155955259179189	-1.1722253984608428	0.0	1.0	1.0	-0.0	0.3155955259179189	-1.1722253984608428
14100000	0.4951357106054053	0.35381247961095885	-0.9255976950246916	0.0	1.0	1.0	0.0	0.35381247961095885	-0.9255976950246916
14150000	2.0402686754687895	0.29800184893332043	-1.0653555138205695	0.0	1.0	1.0	0.0	0.29800184893332043	-1.0653555138205695
14200000	1.6714437831778244	0.36140686487613605	-1.1350362187845966	0.0	1.0	1.0	0.0	0.36140686487613605	-1.1350362187845966
14250000	1.4978489846394747	0.5671119013989269	-1.000581356126264	0.0	1.0	1.0	0.0	0.5671119013989269	-1.000581356126264
14300000	2.7714002214534927	0.4120864962499727	-1.1530325339727474	0.0	1.0	1.0	0.0	0.4120864962499727	-1.1530325339727474
14350000	0.19050291785941167	0.4290264859657876	-1.1133423525922415	0.0	1.0	1.0	0.0	0.4290264859657876	-1.1133423525922415
14400000	0.40674251297802966	0.15172752156542046	-1.0851433381964046	0.0	1.0	1.0	0.0	0.15172752156542046	-1.0851433381964046
14450000	2.6620863281194653	0.24149795652037706	-1.0549420407604433	0.0	1.0	1.0	0.0	0.24149795652037706	-1.0549420407604433
14500000	-0.620709225265488	0.7652573516671708	-1.1365181205203039	0.0	0.0	1.0	-0.0	0.0	-1.1365181205203039
14550000	2.3726231910485795	0.3091463490764137	-1.0885065428642438	0.0	1.0	1.0	0.0	0.3091463490764137	-1.0885065428642438
14600000	0.11412391999301304	0.5997729303985836	-1.121750475990576	0.0	1.0	1.0	0.0	0.5997729303985836	-1.121750475990576
14650000	-1.618367226605661	0.26074224553917286	-1.0507861470945958	0.0	1.0	1.0	-0.0	0.26074224553917286	-1.0507861470945958
14700000	-2.1739451824040352	0.31003921915284505	-1.2099154252465176	0.0	1.0	1.0	-0.0	0.31003921915284505	-1.2099154252465176
14750000	4.191863867827161	0.5338529613009945	-1.0486040378481483	0.0	1.0	1.0	0.0	0.5338529613009945	-1.0486040378481483
14800000	2.8859208812600885	0.08788567070944733	-1.0284474268706878	0.0	1.0	1.0	0.0	0.08788567070944733	-1.0284474268706878
14850000	-0.5061864424430017	0.35081671502170136	-0.8911972921414718	0.0	1.0	1.0	-0.0	0.35081671502170136	-0.8911972921414718
14900000	2.1848854626932077	0.49532503153583474	-0.9968505899622957	0.0	1.0	1.0	0.0	0.49532503153583474	-0.9968505899622957
14950000	3.855395888544428	0.38005336863417183	-1.0394606402643696	0.0	1.0	1.0	0.0	0.38005336863417183	-1.0394606402643696
15000000	2.360348430667518	0.3821477506873454	-0.9800768463628062	0.0	1.0	1.0	0.0	0.3821477506873454	-0.9800768463628062
15050000	-1.1211211978725806	0.4250917164371545	-1.0706560463553607	0.0	1.0	1.0	-0.0	0.4250917164371545	-1.0706560463553607
15100000	-0.08990167021109352	0.528917396695707	-1.0617996777941718	0.0	1.0	1.0	-0.0	0.528917396695707	-1.0617996777941718
15150000	0.17309674264846664	0.2909728565918743	-1.1979756877884453	1.0	1.0	1.0	0.17309674264846664	0.2909728565918743	-1.1979756877884453
15200000	1.8548457631861002	0.4015102355255499	-1.05402758429062	0.0	1.0	1.0	0.0	0.4015102355255499	-1.05402758429062
15250000	-1.810755964825133	0.3722988054967865	-1.0700547386607349	0.0	1.0	1.0	-0.0	0.3722988054967865	-1.0700547386607349
15300000	1.2549724341859039	0.30979349720117666	-1.0202596256158	0.0	1.0	1.0	0.0	0.30979349720117666	-1.0202596256158
15350000	-0.9591150036989027	0.25483061628592113	-0.9576343161164509	0.0	1.0	1.0	-0.0	0.25483061628592113	-0.9576343161164509
15400000	-2.1893911136804953	0.2702357178108124	-1.247524500303734	0.0	1.0	1.0	-0.0	0.2702357178108124	-1.247524500303734
15450000	0.3121183629456824	0.2559487146820059	-1.1438824701807135	0.0	1.0	1.0	0.0	0.2559487146820059	-1.1438824701807135
15500000	-1.0235865177669439	0.4031195821939278	-1.0935564437708083	0.0	1.0	1.0	-0.0	0.4031195821939278	-1.0935564437708083
15550000	0.44400009341893704	2.6851052299600093	-1.244734259269786	0.0	0.0	1.0	0.0	0.0	-1.244734259269786
15600000	0.6346925537552137	0.32744486983780396	-1.0532733895992212	0.0	1.0	1.0	0.0	0.32744486983780396	-1.0532733895992212
15650000	1.5154761838406887	0.25854824019222833	-1.128057560244527	0.0	1.0	1.0	0.0	0.25854824019222833	-1.128057560244527
15700000	1.972386476608515	0.4397664292245798	-0.9842969147112244	0.0	1.0	1.0	0.0	0.4397664292245798	-0.9842969147112244
15750000	-4.793899966275321	0.38757010448604984	-1.2669351241089188	0.0	0.0	1.0	-0.0	0.0	-1.2669351241089188
15800000	0.347432935560478	0.3205612074127844	-1.0437187688761482	0.0	1.0	1.0	0.0	0.3205612074127844	-1.0437187688761482
15850000	-3.8513371935001453	0.4611984144918084	-0.9861673146634892	0.0	1.0	1.0	-0.0	0.4611984144918084	-0.9861673146634892
15900000	0.834070540175972	0.4197473799954438	-1.1325293602394644	0.0	1.0	1.0	0.0	0.4197473799954438	-1.1325293602394644
15950000	1.7235768515025987	0.262456045660041	-1.0674144244818566	0.0	1.0	1.0	0.0	0.262456045660041	-1.0674144244818566
16000000	-0.7311979960042041	0.5617053735291896	-1.0266770266824825	0.0	1.0	1.0	-0.0	0.5617053735291896	-1.0266770266824825
16050000	0.01341824547395043	0.2766320367687855	-0.9396396079562448	1.0	1.0	1.0	0.01341824547395043	0.2766320367687855	-0.9396396079562448
16100000	0.2377039077975688	0.49211083687468427	-1.0529220869020566	0.0	1.0	1.0	0.0	0.49211083687468427	-1.0529220869020566
16150000	2.963017217171635	0.29684853457340304	-1.1396253845902815	0.0	1.0	1.0	0.0	0.29684853457340304	-1.1396253845902815
16200000	-1.7418752344142474	0.2696132420004796	-0.9637717720300056	0.0	1.0	1.0	-0.0	0.2696132420004796	-0.9637717720300056
16250000	2.0829960013878464	0.37792771230375793	-1.0344547432780118	0.0	1.0	1.0	0.0	0.37792771230375793	-1.0344547432780118
16300000	0.0049461800751367975	0.35314640886277165	-1.1479393859081422	1.0	1.0	1.0	0.0049461800751367975	0.35314640886277165	-1.1479393859081422
16350000	0.05058305287096858	0.2519237261224557	-1.1789936079703969	1.0	1.0	1.0	0.05058305287096858	0.2519237261224557	-1.1789936079703969
16400000	0.23232152980924964	0.22591889236769036	-0.9905948338222803	0.0	1.0	1.0	0.0	0.22591889236769036	-0.9905948338222803
16450000	-0.05995473774022834	0.5162845076699246	-1.0655910533342938	1.0	1.0	1.0	-0.05995473774022834	0.5162845076699246	-1.0655910533342938
16500000	0.9388458880248629	0.3638404520153433	-1.1533596392043883	0.0	1.0	1.0	0.0	0.3638404520153433	-1.1533596392043883
16550000	-1.9760340333847872	-0.6519036638747915	-1.164864868348379	0.0	0.0	1.0	-0.0	-0.0	-1.164864868348379
16600000	0.008518843241097068	0.4935210349408003	-1.0660031551274523	0.0	1.0	1.0	0.0	0.4935210349408003	-1.0660031551274523
16650000	0.20306449520009395	0.4136868319748681	-1.112702715122199	0.0	1.0	1.0	0.0	0.4136868319748681	-1.112702715122199
16700000	0.2226599144340747	0.2678712783786552	-1.0680870176825792	0.0	1.0	1.0	0.0	0.2678712783786552	-1.0680870176825792
16750000	0.3518048898933056	0.11949901497089338	-1.0284050922780197	1.0	1.0	1.0	0.3518048898933056	0.11949901497089338	-1.0284050922780197
16800000	-2.230630312625153	0.5173562951845865	-1.2044538870098276	0.0	1.0	1.0	-0.0	0.5173562951845865	-1.2044538870098276
16850000	-0.06648471665925908	0.46641870420008474	-0.9333681209780788	0.0	1.0	1.0	-0.0	0.46641870420008474	-0.9333681209780788
16900000	1.3004851572880702	0.34242355994454454	-1.0275325806335551	0.0	1.0	1.0	0.0	0.34242355994454454	-1.0275325806335551
16950000	0.054387836540910284	0.43834727035145177	-0.988874864719641	1.0	1.0	1.0	0.054387836540910284	0.43834727035145177	-0.988874864719641
17000000	0.28002931017786836	0.3155781432264455	-1.1873985996233394	0.0	1.0	1.0	0.0	0.3155781432264455	-1.1873985996233394
17050000	2.5677543520945303	0.47558941588894815	-1.2218337527737795	0.0	1.0	1.0	0.0	0.47558941588894815	-1.2218337527737795
17100000	-2.44424905440307	0.363382081295474	-1.032827497476552	0.0	1.0	1.0	-0.0	0.363382081295474	-1.032827497476552
17150000	2.2798997698971486	0.5926094841693942	-1.1550392916146295	0.0	0.0	1.0	0.0	0.0	-1.1550392916146295
17200000	1.664169366177823	0.38718783821242075	-1.1017662947929812	0.0	1.0	1.0	0.0	0.38718783821242075	-1.1017662947929812
17250000	0.24931388009882394	0.6371926789536796	-0.9039351809543631	0.0	1.0	1.0	0.0	0.6371926789536796	-0.9039351809543631
17300000	0.7727853870786965	-1.8901558314383098	-1.2793074393731436	0.0	0.0	1.0	0.0	-0.0	-1.2793074393731436
17350000	-3.5586407195085306	-2.8921035030524354	-1.1416822809863645	0.0	0.0	1.0	-0.0	-0.0	-1.1416822809863645
17400000	-2.014488618130798	1.0550176645285674	-1.3016501896949353	0.0	0.0	1.0	-0.0	0.0	-1.3016501896949353
17450000	-0.589239490411698	3.4611385465106346	-1.0812778000789833	0.0	0.0	1.0	-0.0	0.0	-1.0812778000789833
17500000	-0.6683251012756426	0.40780642483127677	-1.1033857071162392	0.0	1.0	1.0	-0.0	0.40780642483127677	-1.1033857071162392
17550000	-4.897333463582248	0.5437668274606817	-1.0017950606519386	0.0	1.0	1.0	-0.0	0.5437668274606817	-1.0017950606519386
17600000	2.0573415852015495	0.4161028389599813	-1.0606943262131117	0.0	1.0	1.0	0.0	0.4161028389599813	-1.0606943262131117
17650000	-0.32001652372010847	0.3651919909264359	-1.156296501031506	0.0	1.0	1.0	-0.0	0.3651919909264359	-1.156296501031506
17700000	-1.5675119425696304	0.35002337825853075	-0.9764557366154686	0.0	1.0	1.0	-0.0	0.35002337825853075	-0.9764557366154686
17750000	3.1427099820597215	4.870251656863396	-1.2860629506898245	0.0	0.0	1.0	0.0	0.0	-1.2860629506898245
17800000	-4.181530760741685	0.5131452021450466	-1.2776313885297377	0.0	1.0	1.0	-0.0	0.5131452021450466	-1.2776313885297377
17850000	-0.5471274395543886	0.3883112736798787	-0.9952263362279152	0.0	1.0	1.0	-0.0	0.3883112736798787	-0.9952263362279152
17900000	-4.046694350130779	0.4853452366496421	-0.9330388624843378	0.0	1.0	1.0	-0.0	0.4853452366496421	-0.9330388624843378
17950000	1.1693697577045663	0.4167164170467113	-1.0768459640345198	0.0	1.0	1.0	0.0	0.4167164170467113	-1.0768459640345198
18000000	2.35495453491699	0.4225609404103798	-1.1281522257168968	0.0	1.0	1.0	0.0	0.4225609404103798	-1.1281522257168968
18050000	0.2233004560301469	0.4605404066672965	-1.168102623573545	0.0	1.0	1.0	0.0	0.4605404066672965	-1.168102623573545
18100000	-1.6273948176069457	0.4018633852838061	-1.0769774898274345	0.0	1.0	1.0	-0.0	0.4018633852838061	-1.0769774898274345
18150000	-3.5340210707154887	0.5369540820333579	-0.9443250632706423	0.0	1.0	1.0	-0.0	0.5369540820333579	-0.9443250632706423
18200000	0.5367725178053256	0.46287785358573436	-1.186695405973982	0.0	1.0	1.0	0.0	0.46287785358573436	-1.186695405973982
18250000	1.9400951681705716	0.4066752936501341	-1.0820406939989142	0.0	1.0	1.0	0.0	0.4066752936501341	-1.0820406939989142
18300000	-2.2213513967222207	0.2737547179150142	-1.0850864625826118	0.0	1.0	1.0	-0.0	0.2737547179150142	-1.0850864625826118
18350000	-2.9432218823452625	-0.08934154146000442	-1.1059894500362728	0.0	0.0	1.0	-0.0	-0.0	-1.1059894500362728
18400000	4.859431986279834	0.34464368666956663	-1.2371605425207433	0.0	1.0	1.0	0.0	0.34464368666956663	-1.2371605425207433
18450000	-0.3058268126963391	0.46727114833012723	-0.9908760532399519	0.0	1.0	1.0	-0.0	0.46727114833012723	-0.9908760532399519
18500000	1.8546272415614098	0.30032826779071214	-1.2057567092860026	0.0	1.0	1.0	0.0	0.30032826779071214	-1.2057567092860026
18550000	-0.984957589437287	0.4720631698873696	-1.1322625284854393	0.0	1.0	1.0	-0.0	0.4720631698873696	-1.1322625284854393
18600000	-1.4403118050655503	0.4859756196674881	-1.1591283166965174	0.0	1.0	1.0	-0.0	0.4859756196674881	-1.1591283166965174
18650000	-1.0600645683196666	0.2763905533237723	-1.043259744930368	0.0	1.0	1.0	-0.0	0.2763905533237723	-1.043259744930368
18700000	-0.4151026943855365	0.3513338369014767	-1.0855243763620908	0.0	1.0	1.0	-0.0	0.3513338369014767	-1.0855243763620908
18750000	-0.24839188642953225	0.3227465412279833	-1.1352971064846487	0.0	1.0	1.0	-0.0	0.3227465412279833	-1.1352971064846487
18800000	0.24285440724547538	0.45463714903080904	-1.1059591744386463	0.0	1.0	1.0	0.0	0.45463714903080904	-1.1059591744386463
18850000	-0.09098442962544687	0.38388602076369055	-1.0592924710422653	0.0	1.0	1.0	-0.0	0.38388602076369055	-1.0592924710422653
18900000	0.93014359748436	0.5172389744311989	-1.035838892977891	0.0	1.0	1.0	0.0	0.5172389744311989	-1.035838892977891
18950000	-4.115911061307117	0.41151853995573	-1.1106583170086053	0.0	1.0	1.0	-0.0	0.41151853995573	-1.1106583170086053
19000000	3.2910137172592537	0.39442616941650127	-1.1143218768812417	0.0	1.0	1.0	0.0	0.39442616941650127	-1.1143218768812417
19050000	1.723504593399206	0.3372138882860645	-1.157132261815978	0.0	1.0	1.0	0.0	0.3372138882860645	-1.157132261815978
19100000	2.981372588725856	0.3904743416364937	-1.0275681527181217	0.0	1.0	1.0	0.0	0.3904743416364937	-1.0275681527181217
19150000	0.17899826399110366	0.45952577333526884	-1.027170161598758	1.0	1.0	1.0	0.17899826399110366	0.45952577333526884	-1.027170161598758
19200000	0.07596435908423205	0.455718005910191	-1.1179865946426228	0.0	1.0	1.0	0.0	0.455718005910191	-1.1179865946426228
19250000	3.462747229531651	0.22779684053012184	-1.1683702347304779	0.0	1.0	1.0	0.0	0.22779684053012184	-1.1683702347304779
19300000	-3.5186349285831584	0.37428333931563323	-0.986298707718748	0.0	1.0	1.0	-0.0	0.37428333931563323	-0.986298707718748
19350000	1.5432818908595556	-0.26533787437918477	-1.0399665412731225	0.0	0.0	1.0	0.0	-0.0	-1.0399665412731225
19400000	-1.9185085114405103	0.40397424902780144	-1.0752320376357518	0.0	1.0	1.0	-0.0	0.40397424902780144	-1.0752320376357518
19450000	1.19376614899752	0.47455679021903463	-1.0009246001864562	0.0	1.0	1.0	0.0	0.47455679021903463	-1.0009246001864562
19500000	-0.24941475493161078	0.35509342460924054	-1.1770907908672232	0.0	1.0	1.0	-0.0	0.35509342460924054	-1.1770907908672232
19550000	-1.8373266191182314	0.3941255713592831	-1.0792744185154042	0.0	1.0	1.0	-0.0	0.3941255713592831	-1.0792744185154042
19600000	0.7345955770305006	0.39464055723227454	-1.0762674041750984	0.0	1.0	1.0	0.0	0.39464055723227454	-1.0762674041750984
19650000	-3.1661411132773885	0.38039812679224894	-1.1124328393703535	0.0	1.0	1.0	-0.0	0.38039812679224894	-1.1124328393703535
19700000	-1.5495852890861466	0.23423725582200045	-1.0620825316672535	0.0	1.0	1.0	-0.0	0.23423725582200045	-1.0620825316672535
19750000	-5.172786130520879	0.3368915494821283	-1.2559078633706162	0.0	1.0	1.0	-0.0	0.3368915494821283	-1.2559078633706162
19800000	0.21452624522207778	0.4241547446521929	-1.0400464526357165	0.0	1.0	1.0	0.0	0.4241547446521929	-1.0400464526357165
19850000	-2.83435940521359	0.390300289586991	-1.007472079901179	0.0	1.0	1.0	-0.0	0.390300289586991	-1.007472079901179
19900000	3.1208751182933367	0.3282885768224836	-1.1311983636210623	0.0	1.0	1.0	0.0	0.3282885768224836	-1.1311983636210623
19950000	3.6319291771973314	0.36071102659718246	-1.0610164083835214	0.0	1.0	1.0	0.0	0.36071102659718246	-1.0610164083835214
20000000	-2.1329971002206043	0.5706957232978017	-0.9776234992825905	0.0	1.0	1.0	-0.0	0.5706957232978017	-0.9776234992825905
20050000	-0.7722663462952226	0.3468979471769105	-1.018693130113471	0.0	1.0	1.0	-0.0	0.3468979471769105	-1.018693130113471
20100000	0.15489393358689968	0.45632500821585903	-1.1014728565689753	1.0	1.0	1.0	0.15489393358689968	0.45632500821585903	-1.1014728565689753
20150000	-1.538554063144516	0.43470570483659304	-1.0599723707608597	0.0	1.0	1.0	-0.0	0.43470570483659304	-1.0599723707608597
20200000	-2.800450965071959	0.1831773295759919	-1.0202542359569196	0.0	1.0	1.0	-0.0	0.1831773295759919	-1.0202542359569196
20250000	-0.3346991945475097	0.3367321727415457	-1.034286894111963	0.0	1.0	1.0	-0.0	0.3367321727415457	-1.034286894111963
20300000	0.718517869338452	0.47662689612522774	-1.1083796833249897	0.0	1.0	1.0	0.0	0.47662689612522774	-1.1083796833249897
20350000	2.2026779959353626	0.5402121643531821	-1.0677062863732447	0.0	1.0	1.0	0.0	0.5402121643531821	-1.0677062863732447
20400000	0.4943427209316084	0.4613119304810708	-1.1081476850640066	0.0	1.0	1.0	0.0	0.4613119304810708	-1.1081476850640066
20450000	2.2192856981322406	0.5543059892428908	-1.0033472997967086	0.0	1.0	1.0	0.0	0.5543059892428908	-1.0033472997967086
20500000	-0.4931427583784539	0.4386489418227989	-1.0119016387754909	0.0	1.0	1.0	-0.0	0.4386489418227989	-1.0119016387754909
20550000	-1.5291700929824403	1.5830508222368793	-1.2113707810969128	0.0	0.0	1.0	-0.0	0.0	-1.2113707810969128
20600000	3.4951206189735133	0.39658402553037847	-1.1310422364762993	0.0	1.0	1.0	0.0	0.39658402553037847	-1.1310422364762993
20650000	-1.176011479397625	0.4743662448281899	-1.0899976450285631	0.0	1.0	1.0	-0.0	0.4743662448281899	-1.0899976450285631
20700000	0.1640058646801828	0.3631785137400601	-1.1689686335602576	0.0	1.0	1.0	0.0	0.3631785137400601	-1.1689686335602576
20750000	-0.6408675590225898	0.3920672624291	-1.1964962311063194	0.0	1.0	1.0	-0.0	0.3920672624291	-1.1964962311063194
20800000	-1.1974704342913276	0.21427501118576311	-1.0986214839592676	0.0	1.0	1.0	-0.0	0.21427501118576311	-1.0986214839592676
20850000	4.483325156452495	0.3445712519699728	-1.1049406710567535	0.0	1.0	1.0	0.0	0.3445712519699728	-1.1049406710567535
20900000	-2.231135474781796	0.5336452030399972	-1.0130647298006996	0.0	1.0	1.0	-0.0	0.5336452030399972	-1.0130647298006996
20950000	1.1016749073650989	0.3948587259561987	-1.2339241142140847	0.0	1.0	1.0	0.0	0.3948587259561987	-1.2339241142140847
21000000	-3.252552041213074	0.5348306654154942	-1.157352063562645	0.0	1.0	1.0	-0.0	0.5348306654154942	-1.157352063562645
21050000	0.005300831821591245	0.45737605675612	-1.1705532187417829	1.0	1.0	1.0	0.005300831821591245	0.45737605675612	-1.1705532187417829
21100000	-0.40708891935983615	0.565953036158028	-1.233138729369333	0.0	1.0	1.0	-0.0	0.565953036158028	-1.233138729369333
21150000	-1.4021214511094136	0.5075257605189183	-1.1845260704793477	0.0	1.0	1.0	-0.0	0.5075257605189183	-1.1845260704793477
21200000	1.3969600717827144	0.3265961601561877	-1.090243372924907	0.0	1.0	1.0	0.0	0.3265961601561877	-1.090243372924907
21250000	0.17370828221613321	0.4155215476741696	-1.0123195468813038	1.0	1.0	1.0	0.17370828221613321	0.4155215476741696	-1.0123195468813038
21300000	-1.6513536145592718	0.24382949891242411	-1.1080995427821216	0.0	1.0	1.0	-0.0	0.24382949891242411	-1.1080995427821216
21350000	-0.1177677534882618	0.3121850660625029	-1.1657018745841534	0.0	1.0	1.0	-0.0	0.3121850660625029	-1.1657018745841534
21400000	-5.195540104451847	0.36557364064020614	-1.1217132718445388	0.0	1.0	1.0	-0.0	0.36557364064020614	-1.1217132718445388
21450000	1.0730857354842738	0.4363417588669799	-0.8586191826608777	0.0	1.0	1.0	0.0	0.4363417588669799	-0.8586191826608777
21500000	1.020312872157482	0.44071094744505906	-1.1197528015979845	0.0	1.0	1.0	0.0	0.44071094744505906	-1.1197528015979845
21550000	0.1481095257372553	0.446902047479061	-0.9537678631727474	1.0	1.0	1.0	0.1481095257372553	0.446902047479061	-0.9537678631727474
21600000	0.3227978466037015	0.47985111989996576	-1.1106356641748931	0.0	1.0	1.0	0.0	0.47985111989996576	-1.1106356641748931
21650000	-0.909131179547649	0.4751409615751471	-1.092988207592063	0.0	1.0	1.0	-0.0	0.4751409615751471	-1.092988207592063
21700000	1.1419198305069407	0.2980659015293383	-1.0615848722859995	0.0	1.0	1.0	0.0	0.2980659015293383	-1.0615848722859995
21750000	0.3745256102378753	2.103491139396233	-1.115135424414132	0.0	0.0	1.0	0.0	0.0	-1.115135424414132
21800000	2.785584069497294	-0.7654857947416643	-1.2356376822633606	0.0	0.0	1.0	0.0	-0.0	-1.2356376822633606
21850000	0.2415258110612889	-0.7166276252529271	-1.1873525707308459	0.0	0.0	1.0	0.0	-0.0	-1.1873525707308459
21900000	0.10816855324130761	0.4113435482550466	-0.9705419898608477	0.0	1.0	1.0	0.0	0.4113435482550466	-0.9705419898608477
21950000	2.701129989147192	0.42948950844733685	-1.1458929934462139	0.0	1.0	1.0	0.0	0.42948950844733685	-1.1458929934462139
22000000	2.4881225480232487	0.16453674090369053	-1.2360020896761765	0.0	1.0	1.0	0.0	0.16453674090369053	-1.2360020896761765
22050000	0.48999932423639697	0.4188912710871346	-0.9369039799567245	0.0	1.0	1.0	0.0	0.4188912710871346	-0.9369039799567245
22100000	-1.035441338194303	0.31836406571682757	-1.0725512363250413	0.0	1.0	1.0	-0.0	0.31836406571682757	-1.0725512363250413
22150000	-2.6751480273427397	0.3873505461217695	-1.036417731588074	0.0	1.0	1.0	-0.0	0.3873505461217695	-1.036417731588074
22200000	-0.6899589570682946	0.4663364205331849	-1.2021915824355738	0.0	1.0	1.0	-0.0	0.4663364205331849	-1.2021915824355738
22250000	0.232670741673902	0.527908247077876	-1.0113658487676536	0.0	1.0	1.0	0.0	0.527908247077876	-1.0113658487676536
22300000	-0.3704453277308576	0.23723378663714817	-1.2883975283113847	0.0	1.0	1.0	-0.0	0.23723378663714817	-1.2883975283113847
22350000	-1.1855074071037974	0.4407034156474663	-1.120291027163936	0.0	1.0	1.0	-0.0	0.4407034156474663	-1.120291027163936
22400000	-0.600740763468358	-0.8450370571555781	-1.2327980628077044	0.0	0.0	1.0	-0.0	-0.0	-1.2327980628077044
22450000	-0.024134969246361715	0.4028020879313933	-1.0238959575463198	1.0	1.0	1.0	-0.024134969246361715	0.4028020879313933	-1.0238959575463198
22500000	-0.028860339648603794	0.30668599465401736	-1.1063684456500038	0.0	1.0	1.0	-0.0	0.30668599465401736	-1.1063684456500038
22550000	-0.5454588118499165	0.3575399197782652	-0.9581005691508897	0.0	1.0	1.0	-0.0	0.3575399197782652	-0.9581005691508897
22600000	-2.031203988076234	0.3304635334587981	-1.04889632019997	0.0	1.0	1.0	-0.0	0.3304635334587981	-1.04889632019997
22650000	-0.8980995821230982	0.3209614506908114	-1.2463031228051025	0.0	1.0	1.0	-0.0	0.3209614506908114	-1.2463031228051025
22700000	-0.08021827478556412	0.44848444583304214	-0.9733462993851019	1.0	1.0	1.0	-0.08021827478556412	0.44848444583304214	-0.9733462993851019
22750000	-0.4068999807832301	0.4440605912725903	-1.0811210613438358	0.0	1.0	1.0	-0.0	0.4440605912725903	-1.0811210613438358
22800000	-1.9988325509556366	0.6434324076496695	-1.1008050365744102	0.0	1.0	1.0	-0.0	0.6434324076496695	-1.1008050365744102
22850000	4.057792290415984	0.33226215489471717	-1.285196862723273	0.0	1.0	1.0	0.0	0.33226215489471717	-1.285196862723273
22900000	-1.5207251948293448	0.3366100023447253	-1.1658226526888034	0.0	1.0	1.0	-0.0	0.3366100023447253	-1.1658226526888034
22950000	-0.9537193285227659	0.33059824405939947	-1.1392364381762736	0.0	1.0	1.0	-0.0	0.33059824405939947	-1.1392364381762736
23000000	3.2265807189392626	0.4008919037870843	-0.966034242432395	0.0	1.0	1.0	0.0	0.4008919037870843	-0.966034242432395
23050000	0.2338720184181249	0.3729480667839535	-1.0159683839642897	0.0	1.0	1.0	0.0	0.3729480667839535	-1.0159683839642897
23100000	0.5746304178695889	0.2987401957748707	-1.0842893669249847	0.0	1.0	1.0	0.0	0.2987401957748707	-1.0842893669249847
23150000	-1.832617974824927	0.35496170719869924	-1.0077726687883102	0.0	1.0	1.0	-0.0	0.35496170719869924	-1.0077726687883102
23200000	1.239344407114775	1.3602725691057092	-1.2388387562898449	0.0	0.0	1.0	0.0	0.0	-1.2388387562898449
23250000	-2.899960291704878	0.328185301037602	-1.1408740592832185	0.0	1.0	1.0	-0.0	0.328185301037602	-1.1408740592832185
23300000	1.2967116094468378	0.3668683860563084	-1.0858696671632082	0.0	1.0	1.0	0.0	0.3668683860563084	-1.0858696671632082
23350000	-2.709194346228897	0.3188860746860276	-1.1367541472251517	0.0	1.0	1.0	-0.0	0.3188860746860276	-1.1367541472251517
23400000	0.8418527316636873	0.09545569886908856	-1.12991901967078	0.0	1.0	1.0	0.0	0.09545569886908856	-1.12991901967078
23450000	-0.32886876170257695	0.3652975867140552	-1.0489066852928135	0.0	1.0	1.0	-0.0	0.3652975867140552	-1.0489066852928135
23500000	0.5161861073098624	0.35552940191462434	-1.0773249243853487	0.0	1.0	1.0	0.0	0.35552940191462434	-1.0773249243853487
23550000	0.6758522165312066	0.4293402893526306	-1.0037984268418638	0.0	1.0	1.0	0.0	0.4293402893526306	-1.0037984268418638
23600000	0.23235963839008367	0.46535587803937184	-1.1176731106333606	0.0	1.0	1.0	0.0	0.46535587803937184	-1.1176731106333606
23650000	0.11764879643345272	0.5002903960560395	-1.1547652235729187	1.0	1.0	1.0	0.11764879643345272	0.5002903960560395	-1.1547652235729187
23700000	4.9098823354024645	0.4643349314607365	-1.1625986352217295	0.0	1.0	1.0	0.0	0.4643349314607365	-1.1625986352217295
23750000	3.171672974354133	0.42969767629526856	-1.0735112762806573	0.0	1.0	1.0	0.0	0.42969767629526856	-1.0735112762806573
23800000	0.5715011485170675	0.2801128967753687	-1.1489441572127206	0.0	1.0	1.0	0.0	0.2801128967753687	-1.1489441572127206
23850000	-0.7428547645266725	0.3657996891925508	-1.114089254774911	0.0	1.0	1.0	-0.0	0.3657996891925508	-1.114089254774911
23900000	0.1174652240496375	0.37964573970623444	-1.1655626895185136	1.0	1.0	1.0	0.1174652240496375	0.37964573970623444	-1.1655626895185136
23950000	-1.0350319023107768	0.3277705821381563	-1.1707311104199187	0.0	1.0	1.0	-0.0	0.3277705821381563	-1.1707311104199187
24000000	2.526246152979455	0.2193173663172217	-1.0769688277769045	0.0	1.0	1.0	0.0	0.2193173663172217	-1.0769688277769045
24050000	-1.274858399245567	0.42521494603992854	-1.2090208326107574	0.0	1.0	1.0	-0.0	0.42521494603992854	-1.2090208326107574
24100000	-1.6272952767798539	0.556682296320971	-1.0062702938974892	0.0	1.0	1.0	-0.0	0.556682296320971	-1.0062702938974892
24150000	0.5101958703067512	0.42734520020537803	-1.0551226526510642	0.0	1.0	1.0	0.0	0.42734520020537803	-1.0551226526510642
24200000	1.1540051279336858	0.408048599397866	-1.2508168741079424	0.0	1.0	1.0	0.0	0.408048599397866	-1.2508168741079424
24250000	1.71450150524423	0.31118832011508907	-1.0452389143471443	0.0	1.0	1.0	0.0	0.31118832011508907	-1.0452389143471443
24300000	0.12386963555937906	0.5303980901231009	-1.1628520520135899	0.0	1.0	1.0	0.0	0.5303980901231009	-1.1628520520135899
24350000	0.37193220952925127	1.1756032746355962	-1.2133687993599986	0.0	0.0	1.0	0.0	0.0	-1.2133687993599986
24400000	-2.0331720931872175	0.7993206429912842	-1.178595777630189	0.0	0.0	1.0	-0.0	0.0	-1.178595777630189
24450000	1.4757850246311812	0.2664191861093847	-1.2571139368519506	0.0	1.0	1.0	0.0	0.2664191861093847	-1.2571139368519506
24500000	-5.192009106509841	0.4650578126923327	-1.0444481023265526	0.0	1.0	1.0	-0.0	0.4650578126923327	-1.0444481023265526
24550000	-0.05288188390081074	0.3089007148430662	-1.178483968155517	1.0	1.0	1.0	-0.05288188390081074	0.3089007148430662	-1.178483968155517
24600000	1.1232648274576849	0.5878052626260822	-1.0634018867405342	0.0	1.0	1.0	0.0	0.5878052626260822	-1.0634018867405342
24650000	-1.5425027514895733	0.658695918314134	-0.9722786307058127	0.0	1.0	1.0	-0.0	0.658695918314134	-0.9722786307058127
24700000	-0.03745025022587205	0.20227320089702092	-1.0399837486406196	0.0	1.0	1.0	-0.0	0.20227320089702092	-1.0399837486406196
24750000	0.13960511924126448	0.16476156313052506	-1.1292052788281985	1.0	1.0	1.0	0.13960511924126448	0.16476156313052506	-1.1292052788281985
24800000	2.4374766438133797	0.4657221664876574	-1.0814560853708814	0.0	1.0	1.0	0.0	0.4657221664876574	-1.0814560853708814
24850000	4.088261541524955	0.450695458969826	-1.0742092650690382	0.0	1.0	1.0	0.0	0.450695458969826	-1.0742092650690382
24900000	-0.7213763256576585	0.28401045155564963	-0.9547795931840921	0.0	1.0	1.0	-0.0	0.28401045155564963	-0.9547795931840921
24950000	-3.7423033820836804	-0.9994211696078008	-1.113939781472659	0.0	0.0	1.0	-0.0	-0.0	-1.113939781472659
25000000	0.027024273917042173	0.24500454765725638	-1.1044020556399303	1.0	1.0	1.0	0.027024273917042173	0.24500454765725638	-1.1044020556399303
25050000	2.071789248128193	-1.8358007757650512	-1.251794894250166	0.0	0.0	1.0	0.0	-0.0	-1.251794894250166
25100000	-0.17480479055854345	0.24556760173996997	-1.1381890621015298	0.0	1.0	1.0	-0.0	0.24556760173996997	-1.1381890621015298
25150000	-1.4278050006130543	0.21418656636720793	-1.2680302229823974	0.0	1.0	1.0	-0.0	0.21418656636720793	-1.2680302229823974
25200000	-2.37687982115548	0.9207979181018604	-1.1660652958343944	0.0	0.0	1.0	-0.0	0.0	-1.1660652958343944
25250000	0.6629735347341268	0.4553919837286072	-1.0912773466446624	0.0	1.0	1.0	0.0	0.4553919837286072	-1.0912773466446624
25300000	1.024275169136075	0.2766774909193445	-1.0196147661029995	0.0	1.0	1.0	0.0	0.2766774909193445	-1.0196147661029995
25350000	2.1335730268779463	0.3188331315343691	-1.124802924164416	0.0	1.0	1.0	0.0	0.3188331315343691	-1.124802924164416
25400000	1.2237401899733773	0.41410886597369	-1.1156072948652171	0.0	1.0	1.0	0.0	0.41410886597369	-1.1156072948652171
25450000	1.8958216621345394	0.4253030420111032	-1.1478179043711612	0.0	1.0	1.0	0.0	0.4253030420111032	-1.1478179043711612
25500000	-0.03990495423796641	0.46768356341717715	-0.9814307089550921	0.0	1.0	1.0	-0.0	0.46768356341717715	-0.9814307089550921
25550000	1.2170837709102538	0.5021089289559318	-0.974748564357814	0.0	1.0	1.0	0.0	0.5021089289559318	-0.974748564357814
25600000	2.364968555190796	0.3417049706068987	-1.1758402574829394	0.0	1.0	1.0	0.0	0.3417049706068987	-1.1758402574829394
25650000	-1.561220149475886	0.28291569898930546	-0.9802424971646785	0.0	1.0	1.0	-0.0	0.28291569898930546	-0.9802424971646785
25700000	4.414197851333936	0.4438584631845446	-1.141516106260881	0.0	1.0	1.0	0.0	0.4438584631845446	-1.141516106260881
25750000	-1.0204704273904162	0.4004834549596861	-1.050751194722729	0.0	1.0	1.0	-0.0	0.4004834549596861	-1.050751194722729
25800000	2.621260769173849	0.40464992472382044	-1.1990178212025355	0.0	1.0	1.0	0.0	0.40464992472382044	-1.1990178212025355
25850000	-0.3456152685147798	0.3478809780545702	-1.103526494426125	0.0	1.0	1.0	-0.0	0.3478809780545702	-1.103526494426125
25900000	0.1015134984325685	0.1724704669801048	-1.0456940648924122	1.0	1.0	1.0	0.1015134984325685	0.1724704669801048	-1.0456940648924122
25950000	3.938737337366445	0.4055387255404533	-1.1637313602533084	0.0	1.0	1.0	0.0	0.4055387255404533	-1.1637313602533084
26000000	0.17937424469090638	0.3699558261733908	-1.1553296277054868	0.0	1.0	1.0	0.0	0.3699558261733908	-1.1553296277054868
26050000	-0.4160143504102133	0.33861683787448743	-1.0662858397625468	0.0	1.0	1.0	-0.0	0.33861683787448743	-1.0662858397625468
26100000	1.2026145046887815	0.34031286227317836	-1.1037010479194016	0.0	1.0	1.0	0.0	0.34031286227317836	-1.1037010479194016
26150000	-1.0445473039286883	0.44595741134410327	-1.09306920535709	0.0	1.0	1.0	-0.0	0.44595741134410327	-1.09306920535709
26200000	-1.9359104560109457	0.2859364066060835	-1.138599069612665	0.0	1.0	1.0	-0.0	0.2859364066060835	-1.138599069612665
26250000	-0.1941522951105319	0.4206256004479407	-1.0136788773865972	0.0	1.0	1.0	-0.0	0.4206256004479407	-1.0136788773865972
26300000	-1.5270188408358687	-1.433772380927167	-1.0746059868555689	0.0	0.0	1.0	-0.0	-0.0	-1.0746059868555689
26350000	2.4408870186386404	0.4030086700029067	-1.1288376955285975	0.0	1.0	1.0	0.0	0.4030086700029067	-1.1288376955285975
26400000	1.1817431254359052	0.19464193354754242	-1.1938008260858395	0.0	1.0	1.0	0.0	0.19464193354754242	-1.1938008260858395
26450000	1.7242887880467674	0.48008563252124403	-1.0690613995522362	0.0	1.0	1.0	0.0	0.48008563252124403	-1.0690613995522362
26500000	3.939818190207932	0.5808015614775386	-0.9945940444172864	0.0	1.0	1.0	0.0	0.5808015614775386	-0.9945940444172864
26550000	1.160346110236685	0.260806037644092	-1.1458367523453505	0.0	1.0	1.0	0.0	0.260806037644092	-1.1458367523453505
26600000	1.8804185946026402	0.38279381833683757	-1.1248088089393713	0.0	1.0	1.0	0.0	0.38279381833683757	-1.1248088089393713
26650000	-0.3262888985340098	0.4383230225015042	-1.025040419720835	0.0	1.0	1.0	-0.0	0.4383230225015042	-1.025040419720835
26700000	-3.565744260157079	1.6099899877134818	-1.3033220224901816	0.0	0.0	1.0	-0.0	0.0	-1.3033220224901816
26750000	0.3059833599068954	0.4419166444235381	-0.9883106679811008	0.0	1.0	1.0	0.0	0.4419166444235381	-0.9883106679811008
26800000	-0.07299408690534825	0.380855018523234	-0.9089594248321021	0.0	1.0	1.0	-0.0	0.380855018523234	-0.9089594248321021
26850000	1.554492327441655	0.2649332137981239	-1.26511900704276	0.0	1.0	1.0	0.0	0.2649332137981239	-1.26511900704276
26900000	0.14363755870580985	0.20314283893279025	-1.2253738932101688	0.0	1.0	1.0	0.0	0.20314283893279025	-1.2253738932101688
26950000	1.9189908695918068	0.48760640264842664	-0.9765493913197382	0.0	1.0	1.0	0.0	0.48760640264842664	-0.9765493913197382
27000000	1.3285239246708638	0.06000539444588407	-1.1328182072552386	0.0	0.0	1.0	0.0	0.0	-1.1328182072552386
27050000	-1.032636634282683	0.44896389725324515	-1.0604400409285106	0.0	1.0	1.0	-0.0	0.44896389725324515	-1.0604400409285106
27100000	-1.9778250180524009	0.3846277504096763	-1.0381251101630067	0.0	1.0	1.0	-0.0	0.3846277504096763	-1.0381251101630067
27150000	0.8526358766160704	0.36338843130908677	-0.940938729251466	0.0	1.0	1.0	0.0	0.36338843130908677	-0.940938729251466
27200000	0.4517932785737527	0.21721451422359098	-1.1916611440712375	0.0	1.0	1.0	0.0	0.21721451422359098	-1.1916611440712375
27250000	1.2154284524469579	0.47311843808908277	-1.119133748852677	0.0	1.0	1.0	0.0	0.47311843808908277	-1.119133748852677
27300000	-0.5640183703485034	0.40937892197680986	-1.1691424708363942	0.0	1.0	1.0	-0.0	0.40937892197680986	-1.1691424708363942
27350000	2.48831453487644	0.20136777528435726	-1.2651354721660244	0.0	1.0	1.0	0.0	0.20136777528435726	-1.2651354721660244
27400000	-2.6777793520976787	0.43447032078168796	-0.9941004773561064	0.0	1.0	1.0	-0.0	0.43447032078168796	-0.9941004773561064
27450000	-2.3334054980756957	0.365402317364109	-0.9917306486550103	0.0	1.0	1.0	-0.0	0.365402317364109	-0.9917306486550103
27500000	-2.285397441170824	0.3809174045572364	-1.1107944182263016	0.0	1.0	1.0	-0.0	0.3809174045572364	-1.1107944182263016
27550000	0.4201515225092658	0.25300500055391084	-1.0442903003566197	0.0	1.0	1.0	0.0	0.25300500055391084	-1.0442903003566197
27600000	3.1446002803529396	0.5199775128067925	-1.035008460372144	0.0	1.0	1.0	0.0	0.5199775128067925	-1.035008460372144
27650000	-0.26927168517479977	0.47291381657120507	-1.1131397641258118	0.0	1.0	1.0	-0.0	0.47291381657120507	-1.1131397641258118
27700000	-0.7417496769082934	2.526137157182851	-1.348015655589841	0.0	0.0	1.0	-0.0	0.0	-1.348015655589841
27750000	1.286546266620496	0.47696792479976385	-0.9353862747698617	0.0	1.0	1.0	0.0	0.47696792479976385	-0.9353862747698617
27800000	0.393794331519953	0.21025448361689614	-1.2038225598178307	0.0	0.0	1.0	0.0	0.0	-1.2038225598178307
27850000	3.0804651385357262	-1.7421816481343946	-1.1172122753733602	0.0	0.0	1.0	0.0	-0.0	-1.1172122753733602
27900000	-2.098181836770966	0.6121391168829263	-0.8828346647671403	0.0	1.0	1.0	-0.0	0.6121391168829263	-0.8828346647671403
27950000	-0.059153951617058866	0.26022726776958954	-1.1380880921583911	0.0	1.0	1.0	-0.0	0.26022726776958954	-1.1380880921583911
28000000	-0.5396530492274291	0.3272554463079	-1.065848465592139	0.0	1.0	1.0	-0.0	0.3272554463079	-1.065848465592139
28050000	0.5561676651967218	0.18494662848279336	-1.0445685168980259	0.0	1.0	1.0	0.0	0.18494662848279336	-1.0445685168980259
28100000	1.3121036185611192	0.3337404705472223	-1.035379974425189	0.0	1.0	1.0	0.0	0.3337404705472223	-1.035379974425189
28150000	0.21442234975877805	0.2800721306981578	-1.0875835689735778	1.0	1.0	1.0	0.21442234975877805	0.2800721306981578	-1.0875835689735778
28200000	0.3530336626474053	0.4544423361860801	-1.0940856128173306	0.0	1.0	1.0	0.0	0.4544423361860801	-1.0940856128173306
28250000	-2.1547637056012787	0.410738750377635	-1.0283882501088584	0.0	1.0	1.0	-0.0	0.410738750377635	-1.0283882501088584
28300000	0.28944462388271086	2.3387495580279065	-1.1473227796965009	0.0	0.0	1.0	0.0	0.0	-1.1473227796965009
28350000	1.0937963447852295	0.4345546152025063	-0.9859706395031685	0.0	1.0	1.0	0.0	0.4345546152025063	-0.9859706395031685
28400000	0.15865998551906232	0.5440577446692211	-1.1534827510332264	0.0	1.0	1.0	0.0	0.5440577446692211	-1.1534827510332264
28450000	-0.014698240617298186	0.47304893189697933	-1.0208295838862538	0.0	1.0	1.0	-0.0	0.47304893189697933	-1.0208295838862538
28500000	1.477075182857374	0.15174237984775574	-1.2531699421817841	0.0	1.0	1.0	0.0	0.15174237984775574	-1.2531699421817841
28550000	2.3755001357850034	0.27187290614203735	-1.2292966403967014	0.0	1.0	1.0	0.0	0.27187290614203735	-1.2292966403967014
28600000	1.7582037971629352	0.3158728501384577	-1.1412250407469449	0.0	1.0	1.0	0.0	0.3158728501384577	-1.1412250407469449
28650000	-3.238009399415013	0.1894013535871135	-1.101969496189389	0.0	1.0	1.0	-0.0	0.1894013535871135	-1.101969496189389
28700000	-0.2897454070783532	0.25693962330219755	-1.144468553746927	0.0	1.0	1.0	-0.0	0.25693962330219755	-1.144468553746927
28750000	-3.349347777498928	0.3869550585609902	-1.1595104988401614	0.0	1.0	1.0	-0.0	0.3869550585609902	-1.1595104988401614
28800000	0.9991982026502585	0.2685648421733422	-1.1606984670111573	0.0	1.0	1.0	0.0	0.2685648421733422	-1.1606984670111573
28850000	-3.5340194610713636	0.25237002954319077	-1.124423928469415	0.0	1.0	1.0	-0.0	0.25237002954319077	-1.124423928469415
28900000	-1.324307999431956	-0.3634292071319688	-1.0631652875376072	0.0	0.0	1.0	-0.0	-0.0	-1.0631652875376072
28950000	-2.537585880559199	0.4728529487554766	-1.094124900632025	0.0	1.0	1.0	-0.0	0.4728529487554766	-1.094124900632025
29000000	-1.3812369834618416	0.4679416908002059	-1.0521592260473134	0.0	1.0	1.0	-0.0	0.4679416908002059	-1.0521592260473134
29050000	0.15898518466550215	0.23267875593831958	-1.0636494839098338	0.0	1.0	1.0	0.0	0.23267875593831958	-1.0636494839098338
29100000	-2.587174820729339	0.3831937570291394	-1.107497255603716	0.0	1.0	1.0	-0.0	0.3831937570291394	-1.107497255603716
29150000	-4.2940890047173434	0.39425378117389953	-1.071537088439024	0.0	1.0	1.0	-0.0	0.39425378117389953	-1.071537088439024
29200000	-0.37713714267517473	0.2407485684846549	-1.0237106605865274	0.0	1.0	1.0	-0.0	0.2407485684846549	-1.0237106605865274
29250000	-1.3888779877021222	0.27711405454468074	-1.2366125297008137	0.0	1.0	1.0	-0.0	0.27711405454468074	-1.2366125297008137
29300000	-0.7085938101400268	0.48948620907320484	-1.0748457935467286	0.0	1.0	1.0	-0.0	0.48948620907320484	-1.0748457935467286
29350000	-0.923955024877754	0.35394274156931094	-1.200753397349154	0.0	1.0	1.0	-0.0	0.35394274156931094	-1.200753397349154
29400000	-2.1856009039612303	0.43199208913534987	-1.1516082722137853	0.0	1.0	1.0	-0.0	0.43199208913534987	-1.1516082722137853
29450000	0.22507330493987007	0.49252262219121334	-1.253157593509971	0.0	1.0	1.0	0.0	0.49252262219121334	-1.253157593509971
29500000	-0.8759255550801741	0.4853405434232253	-1.0262326051959736	0.0	1.0	1.0	-0.0	0.4853405434232253	-1.0262326051959736
29550000	-1.3373805421715412	0.33731432735598593	-1.0215187851151213	0.0	1.0	1.0	-0.0	0.33731432735598593	-1.0215187851151213
29600000	1.534881224302612	0.40031458574886136	-0.9905861824348917	0.0	1.0	1.0	0.0	0.40031458574886136	-0.9905861824348917
29650000	0.6565771725747872	0.37393193439638545	-1.0445486102995467	0.0	1.0	1.0	0.0	0.37393193439638545	-1.0445486102995467
29700000	0.8567839222515288	0.22808417155381241	-0.9944613698389706	0.0	1.0	1.0	0.0	0.22808417155381241	-0.9944613698389706
29750000	-0.4685780230393567	0.4412317533320954	-0.9015476404328725	0.0	1.0	1.0	-0.0	0.4412317533320954	-0.9015476404328725
29800000	-1.3753275331377823	-2.2580347695162013	-1.1778722476679349	0.0	0.0	1.0	-0.0	-0.0	-1.1778722476679349
29850000	-0.5099018391892773	0.3701259800930599	-1.2242382526494717	0.0	1.0	1.0	-0.0	0.3701259800930599	-1.2242382526494717
29900000	-0.7296688768087176	0.33738100611881017	-1.1757164824123185	0.0	1.0	1.0	-0.0	0.33738100611881017	-1.1757164824123185
29950000	-0.6733625684684047	0.36358816767082724	-1.0451354338482914	0.0	1.0	1.0	-0.0	0.36358816767082724	-1.0451354338482914
30000000	0.030286839841055964	0.5284092595694331	-0.9699035295227806	1.0	1.0	1.0	0.030286839841055964	0.5284092595694331	-0.9699035295227806
30050000	0.07949155238454135	0.29464512618210864	-1.136955955709692	1.0	1.0	1.0	0.07949155238454135	0.29464512618210864	-1.136955955709692
30100000	-1.3929479174869919	0.5075193821762569	-0.943253727311911	0.0	1.0	1.0	-0.0	0.5075193821762569	-0.943253727311911
30150000	-0.5064230929244842	0.34430414932476544	-1.1076196485149015	0.0	1.0	1.0	-0.0	0.34430414932476544	-1.1076196485149015
30200000	0.014788370642864423	0.3617525770668986	-0.9781594087195288	0.0	1.0	1.0	0.0	0.3617525770668986	-0.9781594087195288
30250000	0.05134757835578685	0.2940266535541652	-1.2426536514562023	0.0	1.0	1.0	0.0	0.2940266535541652	-1.2426536514562023
30300000	1.527256660771686	0.37684667173220726	-0.9072448546190902	0.0	1.0	1.0	0.0	0.37684667173220726	-0.9072448546190902
30350000	-0.30180010294445797	0.5063597745958556	-1.1096755365851882	0.0	1.0	1.0	-0.0	0.5063597745958556	-1.1096755365851882
30400000	-1.33761181649902	0.3128205922521756	-1.1429069888054382	0.0	1.0	1.0	-0.0	0.3128205922521756	-1.1429069888054382
30450000	-0.6731130972002055	0.42403805607073114	-1.1249909698016227	0.0	1.0	1.0	-0.0	0.42403805607073114	-1.1249909698016227
30500000	-0.9700561194264904	0.5319826286831759	-0.9512183564549145	0.0	1.0	1.0	-0.0	0.5319826286831759	-0.9512183564549145
30550000	0.4701526169870674	0.25326179131201476	-1.0404779708934317	0.0	1.0	1.0	0.0	0.25326179131201476	-1.0404779708934317
30600000	-2.0700783703479586	0.43957381779129756	-1.1612472204263817	0.0	1.0	1.0	-0.0	0.43957381779129756	-1.1612472204263817
30650000	1.0823078439369496	0.4625511257438716	-1.1017062047861947	0.0	1.0	1.0	0.0	0.4625511257438716	-1.1017062047861947
30700000	-2.789706915737441	0.2805157029904124	-1.1258157105666717	0.0	0.0	1.0	-0.0	0.0	-1.1258157105666717
30750000	-2.2874753401290264	0.4173084305714047	-0.8768754472959577	0.0	1.0	1.0	-0.0	0.4173084305714047	-0.8768754472959577
30800000	-0.5028497349231332	0.36999879524573603	-1.1115645790223962	0.0	1.0	1.0	-0.0	0.36999879524573603	-1.1115645790223962
30850000	2.2901003201213537	0.48729449224912946	-0.9421034545326611	0.0	1.0	1.0	0.0	0.48729449224912946	-0.9421034545326611
30900000	0.4459779761416951	0.5439232454868744	-1.067221235251456	0.0	1.0	1.0	0.0	0.5439232454868744	-1.067221235251456
30950000	-0.3355304456659346	0.2126992068886675	-0.9877484225439581	0.0	1.0	1.0	-0.0	0.2126992068886675	-0.9877484225439581
31000000	0.34231509831442053	0.5195238803970338	-1.0677219848671524	0.0	1.0	1.0	0.0	0.5195238803970338	-1.0677219848671524
31050000	-1.702833445318707	0.5049479592004988	-1.1010682482557212	0.0	1.0	1.0	-0.0	0.5049479592004988	-1.1010682482557212
31100000	-1.926560547596502	0.32793291953615783	-1.1336945895237147	0.0	1.0	1.0	-0.0	0.32793291953615783	-1.1336945895237147
31150000	0.9883197345104926	0.30436919646395455	-1.116540260378017	0.0	1.0	1.0	0.0	0.30436919646395455	-1.116540260378017
31200000	0.26670263230236974	0.5537520449706136	-1.0495741697222052	0.0	1.0	1.0	0.0	0.5537520449706136	-1.0495741697222052
31250000	-1.2957785791841794	0.4486413632694998	-1.008045293352327	0.0	1.0	1.0	-0.0	0.4486413632694998	-1.008045293352327
31300000	-0.47592927570194565	0.704465740524435	-1.1824093804842695	0.0	1.0	1.0	-0.0	0.704465740524435	-1.1824093804842695
31350000	0.19401705029517216	-1.1965206795872934	-1.0312657288279425	0.0	0.0	1.0	0.0	-0.0	-1.0312657288279425
31400000	-0.38097209708898216	0.29130899777565417	-1.180743598276666	0.0	1.0	1.0	-0.0	0.29130899777565417	-1.180743598276666
31450000	2.338233304651023	0.4834245662810078	-1.0270853830543754	0.0	1.0	1.0	0.0	0.4834245662810078	-1.0270853830543754
31500000	3.2845809987715633	0.648682163985898	-1.0319226003664244	0.0	1.0	1.0	0.0	0.648682163985898	-1.0319226003664244
31550000	3.135972026897452	0.29781929365139853	-1.1432790171493665	0.0	1.0	1.0	0.0	0.29781929365139853	-1.1432790171493665
31600000	-1.3818576901431465	0.23575208591972055	-1.0372434290867245	0.0	1.0	1.0	-0.0	0.23575208591972055	-1.0372434290867245
31650000	4.785849822768746	0.45434596222068535	-1.1156453044870014	0.0	1.0	1.0	0.0	0.45434596222068535	-1.1156453044870014
31700000	-1.2468745086786008	0.42170913372288293	-1.070086274552704	0.0	1.0	1.0	-0.0	0.42170913372288293	-1.070086274552704
31750000	0.045556709573519184	0.6069541182669724	-1.0493737317090164	0.0	1.0	1.0	0.0	0.6069541182669724	-1.0493737317090164
31800000	-0.22530313875193209	0.4236417680403291	-1.1184005359560552	0.0	1.0	1.0	-0.0	0.4236417680403291	-1.1184005359560552
31850000	2.836509668048264	0.15068239088371124	-1.111866975078642	0.0	1.0	1.0	0.0	0.15068239088371124	-1.111866975078642
31900000	-1.392530373486381	0.37770051542125943	-1.1944333233172166	0.0	1.0	1.0	-0.0	0.37770051542125943	-1.1944333233172166
31950000	-0.7000330484616124	0.5090705998569425	-1.0307491095834	0.0	1.0	1.0	-0.0	0.5090705998569425	-1.0307491095834
32000000	-0.42233029437157993	0.32943088623046374	-1.06925983697241	0.0	1.0	1.0	-0.0	0.32943088623046374	-1.06925983697241
32050000	-0.7657072246403367	0.17704017633636204	-1.0364578970971965	0.0	1.0	1.0	-0.0	0.17704017633636204	-1.0364578970971965
32100000	-3.952348446221234	0.35545381957078614	-1.0572707088644786	0.0	1.0	1.0	-0.0	0.35545381957078614	-1.0572707088644786
32150000	0.10116012887845915	0.26343058472313247	-1.1123500676517482	0.0	1.0	1.0	0.0	0.26343058472313247	-1.1123500676517482
32200000	-0.2948827771380299	0.23949320752933553	-1.1094806318339694	0.0	1.0	1.0	-0.0	0.23949320752933553	-1.1094806318339694
32250000	-0.43475696598854935	0.37801876736734613	-1.256740686996738	0.0	1.0	1.0	-0.0	0.37801876736734613	-1.256740686996738
32300000	-0.7927975362298288	0.29688750474611375	-1.0065654537069288	0.0	1.0	1.0	-0.0	0.29688750474611375	-1.0065654537069288
32350000	1.3628543840017429	0.45553915115835514	-1.0867202272724517	0.0	1.0	1.0	0.0	0.45553915115835514	-1.0867202272724517
32400000	-2.014808036760014	0.35793808141399286	-1.1302797306432286	0.0	1.0	1.0	-0.0	0.35793808141399286	-1.1302797306432286
32450000	-2.2417454884288976	0.5175389308677338	-1.0989989345738642	0.0	1.0	1.0	-0.0	0.5175389308677338	-1.0989989345738642
32500000	1.709328944300203	0.5382070231408894	-1.0660459261210973	0.0	1.0	1.0	0.0	0.5382070231408894	-1.0660459261210973
32550000	-4.182390535383044	0.4589989167856306	-0.9783010197463593	0.0	1.0	1.0	-0.0	0.4589989167856306	-0.9783010197463593
32600000	1.4994484883240868	0.38554097148421873	-1.0706284816203773	0.0	1.0	1.0	0.0	0.38554097148421873	-1.0706284816203773
32650000	-2.7113118290412026	0.48825959234500366	-1.1252016633101056	0.0	1.0	1.0	-0.0	0.48825959234500366	-1.1252016633101056
32700000	-0.4321059690311998	0.39086056179729756	-1.151347185288803	0.0	1.0	1.0	-0.0	0.39086056179729756	-1.151347185288803
32750000	1.6361511863161862	0.28093308787569143	-1.0921754268913593	0.0	1.0	1.0	0.0	0.28093308787569143	-1.0921754268913593
32800000	3.3196488591302717	0.48872333738828644	-1.2092946861554408	0.0	0.0	1.0	0.0	0.0	-1.2092946861554408
32850000	-3.3696745322645874	0.3249612808389354	-1.058711043419	0.0	1.0	1.0	-0.0	0.3249612808389354	-1.058711043419
32900000	1.764567876167493	0.5339778312247068	-1.0503168185262866	0.0	1.0	1.0	0.0	0.5339778312247068	-1.0503168185262866
32950000	5.839156864448681	0.24274461944037296	-1.3169864877080877	0.0	1.0	1.0	0.0	0.24274461944037296	-1.3169864877080877
33000000	1.9003721027895255	0.4036016872108791	-1.0989932958514759	0.0	1.0	1.0	0.0	0.4036016872108791	-1.0989932958514759
33050000	-0.08632974752931337	0.17083111324894923	-1.1964130063932232	0.0	0.0	1.0	-0.0	0.0	-1.1964130063932232
33100000	2.2507691325318633	0.4629299185401908	-1.089714088652077	0.0	1.0	1.0	0.0	0.4629299185401908	-1.089714088652077
33150000	-2.285601429877883	0.28541892203405017	-1.096734726010158	0.0	1.0	1.0	-0.0	0.28541892203405017	-1.096734726010158
33200000	-3.1552841152268964	0.332364587784332	-1.0370319798452254	0.0	1.0	1.0	-0.0	0.332364587784332	-1.0370319798452254
33250000	-1.5878993760140978	0.388435908902285	-1.1774986854826066	0.0	1.0	1.0	-0.0	0.388435908902285	-1.1774986854826066
33300000	-0.8157025742761106	0.3409864119221458	-1.0093813669191447	0.0	1.0	1.0	-0.0	0.3409864119221458	-1.0093813669191447
33350000	-0.16052926090518826	0.3126859991893613	-1.1316435632638773	0.0	1.0	1.0	-0.0	0.3126859991893613	-1.1316435632638773
33400000	-1.4237738457206768	0.5426675136280272	-1.0222226924698443	0.0	1.0	1.0	-0.0	0.5426675136280272	-1.0222226924698443
33450000	-0.5794204071840314	0.5552703637506021	-0.9829311835038336	0.0	1.0	1.0	-0.0	0.5552703637506021	-0.9829311835038336
33500000	1.6562428470442534	0.24119813109322769	-1.1091771979485239	0.0	1.0	1.0	0.0	0.24119813109322769	-1.1091771979485239
33550000	-1.089921633726934	0.41812731226559635	-1.1647946566945513	0.0	1.0	1.0	-0.0	0.41812731226559635	-1.1647946566945513
33600000	-2.9146208486391516	0.3930939915319208	-1.0515078964260383	0.0	1.0	1.0	-0.0	0.3930939915319208	-1.0515078964260383
33650000	-0.7434118834205881	0.2552999797444464	-1.0388403238367208	0.0	1.0	1.0	-0.0	0.2552999797444464	-1.0388403238367208
33700000	1.2939426380135297	0.39218858533116335	-1.017922662568485	0.0	1.0	1.0	0.0	0.39218858533116335	-1.017922662568485
33750000	2.8213084304206104	0.42631728335325525	-1.2089670128174823	0.0	1.0	1.0	0.0	0.42631728335325525	-1.2089670128174823
33800000	-0.9807674314769016	0.27628420374773	-1.0565944029464596	0.0	1.0	1.0	-0.0	0.27628420374773	-1.0565944029464596
33850000	-2.3341254417436272	0.28640954040911687	-1.2064525098391938	0.0	1.0	1.0	-0.0	0.28640954040911687	-1.2064525098391938
33900000	-0.06922040027891482	0.3871656109741452	-1.123368133605846	1.0	1.0	1.0	-0.06922040027891482	0.3871656109741452	-1.123368133605846
33950000	3.9263245789834764	0.1874106829915794	-1.1636221267990556	0.0	1.0	1.0	0.0	0.1874106829915794	-1.1636221267990556
34000000	-0.49162094125450506	0.37400092578619437	-1.0047901531443324	0.0	1.0	1.0	-0.0	0.37400092578619437	-1.0047901531443324
34050000	3.6754864305085695	0.33195206652447296	-1.2196432514269842	0.0	1.0	1.0	0.0	0.33195206652447296	-1.2196432514269842
34100000	4.010014216584908	0.3901713367200158	-1.0645196330691304	0.0	1.0	1.0	0.0	0.3901713367200158	-1.0645196330691304
34150000	-4.494066918473048	0.4055029858069612	-1.0987381458116647	0.0	1.0	1.0	-0.0	0.4055029858069612	-1.0987381458116647
34200000	0.9193329530645087	0.30743845376412926	-1.0699840628241204	0.0	1.0	1.0	0.0	0.30743845376412926	-1.0699840628241204
34250000	-3.2338220182951396	-1.2953488119352539	-1.2243098773682966	0.0	0.0	1.0	-0.0	-0.0	-1.2243098773682966
34300000	0.6468100121152418	0.1439750534717943	-1.066503888605521	0.0	1.0	1.0	0.0	0.1439750534717943	-1.066503888605521
34350000	-0.18013086223746091	0.2941155738864386	-1.1607375229794845	0.0	1.0	1.0	-0.0	0.2941155738864386	-1.1607375229794845
34400000	-1.7036966351304337	0.5985093161035161	-1.0460389310237361	0.0	1.0	1.0	-0.0	0.5985093161035161	-1.0460389310237361
34450000	2.1612723027865157	0.373727693842694	-0.9675784346138359	0.0	1.0	1.0	0.0	0.373727693842694	-0.9675784346138359
34500000	2.992692340873017	0.5138414011352384	-1.1014955440257712	0.0	1.0	1.0	0.0	0.5138414011352384	-1.1014955440257712
34550000	2.3570763003782713	0.622469298558699	-1.1992255702972863	0.0	1.0	1.0	0.0	0.622469298558699	-1.1992255702972863
34600000	1.0153358480575592	0.4232354195795925	-0.8978376380526814	0.0	1.0	1.0	0.0	0.4232354195795925	-0.8978376380526814
34650000	-2.2119975531409763	0.42640708793258475	-1.1926248393351293	0.0	1.0	1.0	-0.0	0.42640708793258475	-1.1926248393351293
34700000	-1.234508396794037	0.3798413535874907	-1.0513087735809827	0.0	1.0	1.0	-0.0	0.3798413535874907	-1.0513087735809827
34750000	0.2275117366896482	0.11176232098764735	-1.2444557671304786	0.0	1.0	1.0	0.0	0.11176232098764735	-1.2444557671304786
34800000	-1.1428406069537729	0.23916485060458526	-1.196437874729201	0.0	1.0	1.0	-0.0	0.23916485060458526	-1.196437874729201
34850000	-1.0263994768072797	0.3563081962005887	-1.0956995856059824	0.0	1.0	1.0	-0.0	0.3563081962005887	-1.0956995856059824
34900000	0.6180884529606613	0.22403559000168202	-1.1536793040914173	0.0	1.0	1.0	0.0	0.22403559000168202	-1.1536793040914173
34950000	-1.699920861750079	0.44409329959956284	-1.042532863402928	0.0	1.0	1.0	-0.0	0.44409329959956284	-1.042532863402928
35000000	0.08047310793685591	0.44874386646961345	-0.9640173952843918	1.0	1.0	1.0	0.08047310793685591	0.44874386646961345	-0.9640173952843918
35050000	-3.792570927528358	0.4692533508799783	-1.1947611916029932	0.0	1.0	1.0	-0.0	0.4692533508799783	-1.1947611916029932
35100000	0.16577600288917327	0.5262508212002922	-1.1095481258007103	1.0	1.0	1.0	0.16577600288917327	0.5262508212002922	-1.1095481258007103
35150000	-0.7996278504904992	0.49965386972016895	-1.050627930995153	0.0	1.0	1.0	-0.0	0.49965386972016895	-1.050627930995153
35200000	-1.0696254582774904	0.3176593326609858	-1.0608826080820726	0.0	1.0	1.0	-0.0	0.3176593326609858	-1.0608826080820726
35250000	0.06484127117457339	0.6006282224631689	-1.0383517081312776	1.0	1.0	1.0	0.06484127117457339	0.6006282224631689	-1.0383517081312776
35300000	-2.606602836873946	0.3861079635077722	-1.2192613889980295	0.0	1.0	1.0	-0.0	0.3861079635077722	-1.2192613889980295
35350000	1.5230574343267393	0.19170738495737158	-1.0968765468622905	0.0	1.0	1.0	0.0	0.19170738495737158	-1.0968765468622905
35400000	-0.7575022638414768	0.3759106996287752	-1.1199045185522591	0.0	1.0	1.0	-0.0	0.3759106996287752	-1.1199045185522591
35450000	-0.5537766532461593	0.4791837677810943	-0.9447122073153759	0.0	1.0	1.0	-0.0	0.4791837677810943	-0.9447122073153759
35500000	2.064656200834884	0.3078170589194605	-1.0955241552308743	0.0	1.0	1.0	0.0	0.3078170589194605	-1.0955241552308743
35550000	0.2713391404025064	0.4335598014135098	-0.9405777538115601	0.0	1.0	1.0	0.0	0.4335598014135098	-0.9405777538115601
35600000	0.02466615039800707	0.25411849601082553	-1.218939266554293	1.0	1.0	1.0	0.02466615039800707	0.25411849601082553	-1.218939266554293
35650000	1.558023263745079	0.398649915768226	-1.1980694126841538	0.0	1.0	1.0	0.0	0.398649915768226	-1.1980694126841538
35700000	-2.289611490525685	0.3767190704487642	-1.171897400081408	0.0	1.0	1.0	-0.0	0.3767190704487642	-1.171897400081408
35750000	3.7613547933277958	1.901230730539892	-1.1294090372037506	0.0	0.0	1.0	0.0	0.0	-1.1294090372037506
35800000	-3.8488868838740498	0.6220986718895113	-0.9596636322630719	0.0	1.0	1.0	-0.0	0.6220986718895113	-0.9596636322630719
35850000	1.2134381267151997	0.32999595826056255	-1.082117899174492	0.0	1.0	1.0	0.0	0.32999595826056255	-1.082117899174492
35900000	-0.48445106798288623	0.25057270475235743	-1.1688376167343693	0.0	1.0	1.0	-0.0	0.25057270475235743	-1.1688376167343693
35950000	2.3456349065957567	0.46473095094603184	-1.0904718117857082	0.0	1.0	1.0	0.0	0.46473095094603184	-1.0904718117857082
36000000	4.810126248814219	0.41777083060201936	-1.0605874538792133	0.0	1.0	1.0	0.0	0.41777083060201936	-1.0605874538792133
36050000	-2.3934685542761787	0.3608536830396055	-1.1600019430917123	0.0	1.0	1.0	-0.0	0.3608536830396055	-1.1600019430917123
36100000	2.1157929401838045	0.31455858575462375	-1.1438407518789104	0.0	1.0	1.0	0.0	0.31455858575462375	-1.1438407518789104
36150000	1.723119126526752	0.4789737533361577	-0.9836280076742882	0.0	1.0	1.0	0.0	0.4789737533361577	-0.9836280076742882
36200000	1.139957697650226	0.42351180173396663	-1.0634839573042603	0.0	1.0	1.0	0.0	0.42351180173396663	-1.0634839573042603
36250000	4.869299355244494	0.7074341759999292	-1.1966983672074292	0.0	1.0	1.0	0.0	0.7074341759999292	-1.1966983672074292
36300000	-2.2570139787521475	0.5440357222367942	-1.0644988893697442	0.0	1.0	1.0	-0.0	0.5440357222367942	-1.0644988893697442
36350000	0.16895778202888095	0.3295859411409172	-1.0093123478853945	0.0	1.0	1.0	0.0	0.3295859411409172	-1.0093123478853945
36400000	1.640792100242674	0.6121745827465394	-1.1208158087765194	0.0	1.0	1.0	0.0	0.6121745827465394	-1.1208158087765194
36450000	1.9668765618745243	0.5002130354993627	-0.9610311005559744	0.0	1.0	1.0	0.0	0.5002130354993627	-0.9610311005559744
36500000	2.524992121821203	0.4658730057252124	-1.0611184018305697	0.0	1.0	1.0	0.0	0.4658730057252124	-1.0611184018305697
36550000	2.735125847825462	0.41146019477646883	-1.1054491875337897	0.0	1.0	1.0	0.0	0.41146019477646883	-1.1054491875337897
36600000	2.296685681157771	0.2386826549495855	-1.2653667372550574	0.0	1.0	1.0	0.0	0.2386826549495855	-1.2653667372550574
36650000	1.7409389998142983	0.33034112868138776	-1.0853454703214904	0.0	1.0	1.0	0.0	0.33034112868138776	-1.0853454703214904
36700000	-0.4664534099687446	0.4746162327561839	-1.1075726044228003	0.0	1.0	1.0	-0.0	0.4746162327561839	-1.1075726044228003
36750000	-1.743011786938807	0.3496755030175897	-1.1321578030109491	0.0	1.0	1.0	-0.0	0.3496755030175897	-1.1321578030109491
36800000	0.1633193615426724	0.3514754961013754	-1.0997526338657986	0.0	1.0	1.0	0.0	0.3514754961013754	-1.0997526338657986
36850000	1.5839439405697757	0.389956784451745	-1.1420289590695991	0.0	1.0	1.0	0.0	0.389956784451745	-1.1420289590695991
36900000	-2.7237146664931386	0.36644535742960993	-0.9170267321038665	0.0	1.0	1.0	-0.0	0.36644535742960993	-0.9170267321038665
36950000	-1.8686727681840272	0.41996590121821964	-1.073240551973118	0.0	1.0	1.0	-0.0	0.41996590121821964	-1.073240551973118
37000000	0.9814122079370455	0.8696956515911356	-1.2397739147179239	0.0	0.0	1.0	0.0	0.0	-1.2397739147179239
37050000	-1.5089541776699622	0.39421410387690264	-1.1009724033182653	0.0	1.0	1.0	-0.0	0.39421410387690264	-1.1009724033182653
37100000	0.27302027138005336	0.31573335668122093	-1.0275714684938753	1.0	1.0	1.0	0.27302027138005336	0.31573335668122093	-1.0275714684938753
37150000	0.5547293381273666	0.43421351995209145	-1.0543861127041492	0.0	1.0	1.0	0.0	0.43421351995209145	-1.0543861127041492
37200000	2.0873444908521415	0.32816685666239065	-1.1775700487656031	0.0	1.0	1.0	0.0	0.32816685666239065	-1.1775700487656031
37250000	-0.8376886434957915	0.44657699477683915	-1.0602196829315715	0.0	1.0	1.0	-0.0	0.44657699477683915	-1.0602196829315715
37300000	0.519212606104297	0.44423287361456554	-1.0005263457700426	0.0	1.0	1.0	0.0	0.44423287361456554	-1.0005263457700426
37350000	-0.4247873440214093	-0.9411879465973677	-1.2347068951154847	0.0	0.0	1.0	-0.0	-0.0	-1.2347068951154847
37400000	1.5492194199827942	0.4795614553716432	-0.8875879410506615	0.0	1.0	1.0	0.0	0.4795614553716432	-0.8875879410506615
37450000	-1.90454040551959	0.4301721852654535	-0.9894612605886928	0.0	1.0	1.0	-0.0	0.4301721852654535	-0.9894612605886928
37500000	1.3370067088712927	0.6543818854588568	-1.0912224874517984	0.0	1.0	1.0	0.0	0.6543818854588568	-1.0912224874517984
37550000	2.2330058208537924	0.3782154450718631	-1.050492477651575	0.0	1.0	1.0	0.0	0.3782154450718631	-1.050492477651575
37600000	1.2691559926536726	0.3489978960329359	-0.9245124653704203	0.0	1.0	1.0	0.0	0.3489978960329359	-0.9245124653704203
37650000	-0.5474444421233116	0.17812703134956492	-1.2177103448911544	0.0	1.0	1.0	-0.0	0.17812703134956492	-1.2177103448911544
37700000	1.984125953250024	0.37477423019185035	-1.2639291629032143	0.0	1.0	1.0	0.0	0.37477423019185035	-1.2639291629032143
37750000	-0.20538966988995547	0.46859592336827505	-1.1189215881375598	0.0	1.0	1.0	-0.0	0.46859592336827505	-1.1189215881375598
37800000	0.9106495574916869	0.4995748532163373	-1.04144300959752	0.0	1.0	1.0	0.0	0.4995748532163373	-1.04144300959752
37850000	-1.484662611107647	0.4370251872013388	-1.168356847222869	0.0	1.0	1.0	-0.0	0.4370251872013388	-1.168356847222869
37900000	-1.5958086724348333	0.44509005655207395	-1.1014299420584404	0.0	1.0	1.0	-0.0	0.44509005655207395	-1.1014299420584404
37950000	-8.790498114038073	0.5060451563465227	-0.937948063611981	0.0	1.0	1.0	-0.0	0.5060451563465227	-0.937948063611981
38000000	0.41414517680232976	0.5144450204613619	-0.8983986894524807	0.0	1.0	1.0	0.0	0.5144450204613619	-0.8983986894524807
38050000	-0.41129677165655343	0.2575342269950523	-1.0966651282655466	0.0	1.0	1.0	-0.0	0.2575342269950523	-1.0966651282655466
38100000	-0.20155916043199973	0.4082784760521167	-0.9714665893490815	0.0	1.0	1.0	-0.0	0.4082784760521167	-0.9714665893490815
38150000	0.9507380391883216	0.4474369444452702	-1.1759479355138907	0.0	1.0	1.0	0.0	0.4474369444452702	-1.1759479355138907
38200000	0.2023230117400515	0.3895744836799851	-1.025152435956083	0.0	1.0	1.0	0.0	0.3895744836799851	-1.025152435956083
38250000	1.1009921006591474	0.41729032374175956	-1.0930621496578807	0.0	1.0	1.0	0.0	0.41729032374175956	-1.0930621496578807
38300000	1.9969255764756886	0.3805092313928194	-1.1897231722799568	0.0	1.0	1.0	0.0	0.3805092313928194	-1.1897231722799568
38350000	0.558563827311933	0.3012704552539999	-1.1720321590349547	0.0	1.0	1.0	0.0	0.3012704552539999	-1.1720321590349547
38400000	0.2803358006982362	0.5867565948869041	-0.9543246679755086	0.0	1.0	1.0	0.0	0.5867565948869041	-0.9543246679755086
38450000	2.2077965368998984	0.292471852913459	-1.2300415393467552	0.0	1.0	1.0	0.0	0.292471852913459	-1.2300415393467552
38500000	-1.069108596436276	0.3539797265640032	-1.0913165049084121	0.0	1.0	1.0	-0.0	0.3539797265640032	-1.0913165049084121
38550000	-4.20848977414391	0.4861771931527767	-1.0179910419484237	0.0	1.0	1.0	-0.0	0.4861771931527767	-1.0179910419484237
38600000	1.0174615594304472	0.2731789847635463	-1.2255090693105521	0.0	1.0	1.0	0.0	0.2731789847635463	-1.2255090693105521
38650000	-2.8871900244708506	0.4534437111827782	-1.080479812268294	0.0	1.0	1.0	-0.0	0.4534437111827782	-1.080479812268294
38700000	-1.2301577825347485	0.30450062052234916	-1.1668039099503	0.0	1.0	1.0	-0.0	0.30450062052234916	-1.1668039099503
38750000	2.2651625090159264	0.43778237344956594	-1.1607978510046877	0.0	1.0	1.0	0.0	0.43778237344956594	-1.1607978510046877
38800000	-1.3210406769364862	0.4629717920434196	-1.1036430494427216	0.0	1.0	1.0	-0.0	0.4629717920434196	-1.1036430494427216
38850000	1.087963582917307	0.6087038464245649	-1.0424958115081098	0.0	1.0	1.0	0.0	0.6087038464245649	-1.0424958115081098
38900000	-4.79009415815717	0.4559124440228636	-1.1363006389602124	0.0	1.0	1.0	-0.0	0.4559124440228636	-1.1363006389602124
38950000	0.10359852161465533	0.5377252288109801	-0.972672788586909	0.0	1.0	1.0	0.0	0.5377252288109801	-0.972672788586909
39000000	-1.3652018607228915	0.5182406338290355	-0.9998354190558821	0.0	1.0	1.0	-0.0	0.5182406338290355	-0.9998354190558821
39050000	2.337954906843014	0.3847392924356262	-0.9720788342441233	0.0	1.0	1.0	0.0	0.3847392924356262	-0.9720788342441233
39100000	1.0703147847493315	0.5085065794522836	-1.0247059348337553	0.0	1.0	1.0	0.0	0.5085065794522836	-1.0247059348337553
39150000	-1.6896020473980962	0.5264502599062689	-1.1022262794131945	0.0	1.0	1.0	-0.0	0.5264502599062689	-1.1022262794131945
39200000	0.05120175325558482	0.4294804013521256	-1.0516047985849437	0.0	1.0	1.0	0.0	0.4294804013521256	-1.0516047985849437
39250000	-3.484564807516001	0.6145218062179496	-0.9762445255537452	0.0	1.0	1.0	-0.0	0.6145218062179496	-0.9762445255537452
39300000	9.261934221933554E-4	0.40933771482574727	-1.0787136960120078	0.0	1.0	1.0	0.0	0.40933771482574727	-1.0787136960120078
39350000	-2.579038280159018	0.6186116176842911	-1.153010816866037	0.0	1.0	1.0	-0.0	0.6186116176842911	-1.153010816866037
39400000	2.460962134359132	0.6268837112900915	-1.0550315462517248	0.0	1.0	1.0	0.0	0.6268837112900915	-1.0550315462517248
39450000	-0.15106319956121794	0.4305426950913497	-1.0458193404353706	0.0	1.0	1.0	-0.0	0.4305426950913497	-1.0458193404353706
39500000	-0.06247219289010939	0.2480573689273294	-1.0553916578407172	0.0	1.0	1.0	-0.0	0.2480573689273294	-1.0553916578407172
39550000	-3.3775651022797337	-1.746161037908734	-1.1124037698907954	0.0	0.0	1.0	-0.0	-0.0	-1.1124037698907954
39600000	-2.438409546549173	-2.0720635853869593	-1.1956013931243161	0.0	0.0	1.0	-0.0	-0.0	-1.1956013931243161
39650000	0.8204670008609545	1.9626158405608412	-1.293256583615663	0.0	0.0	1.0	0.0	0.0	-1.293256583615663
39700000	2.8424135936234043	0.20375129109572593	-1.085261817065363	0.0	1.0	1.0	0.0	0.20375129109572593	-1.085261817065363
39750000	-0.15667616869684872	0.3879618336818785	-1.2361337749279366	0.0	1.0	1.0	-0.0	0.3879618336818785	-1.2361337749279366
39800000	1.1521101440100956	0.49155718447693375	-0.9953371741071803	0.0	1.0	1.0	0.0	0.49155718447693375	-0.9953371741071803
39850000	1.7463989126774075	0.2645806379700375	-1.0650092543851046	0.0	1.0	1.0	0.0	0.2645806379700375	-1.0650092543851046
39900000	0.07615365853746064	0.3342737450245397	-0.9468942726914176	1.0	1.0	1.0	0.07615365853746064	0.3342737450245397	-0.9468942726914176
39950000	1.1295177443367233	0.3392762907163603	-1.0775195831111497	0.0	1.0	1.0	0.0	0.3392762907163603	-1.0775195831111497
40000000	-1.5735447121998725	0.5892040386333783	-1.0408603455478431	0.0	1.0	1.0	-0.0	0.5892040386333783	-1.0408603455478431
40050000	1.9127751767755208	0.39838325578730593	-1.2066604145552784	0.0	1.0	1.0	0.0	0.39838325578730593	-1.2066604145552784
40100000	-1.4954970926536613	0.5435878813719531	-1.0757680986690408	0.0	1.0	1.0	-0.0	0.5435878813719531	-1.0757680986690408
40150000	-1.2871289974275202	0.4874161876088119	-1.0707931895347975	0.0	1.0	1.0	-0.0	0.4874161876088119	-1.0707931895347975
40200000	-2.321800575274917	0.37138596854855044	-1.2294382268822353	0.0	1.0	1.0	-0.0	0.37138596854855044	-1.2294382268822353
40250000	0.983979801378605	0.2522401243078344	-1.2500862383021796	0.0	1.0	1.0	0.0	0.2522401243078344	-1.2500862383021796
40300000	-0.655229137460738	0.35223856184362795	-1.0439179761806945	0.0	1.0	1.0	-0.0	0.35223856184362795	-1.0439179761806945
40350000	0.7803944409309926	0.25450014282132	-1.1380203284213346	0.0	1.0	1.0	0.0	0.25450014282132	-1.1380203284213346
40400000	-0.6581139137415962	0.43430580641925537	-1.0788038578124048	0.0	1.0	1.0	-0.0	0.43430580641925537	-1.0788038578124048
40450000	-0.40929869065813596	0.5417852142844504	-1.166440708375508	0.0	1.0	1.0	-0.0	0.5417852142844504	-1.166440708375508
40500000	-0.3794086604530503	-2.3688840546647825	-1.1451323523069603	0.0	0.0	1.0	-0.0	-0.0	-1.1451323523069603
40550000	4.134871189974388	0.6396855900130197	-0.988829671765243	0.0	1.0	1.0	0.0	0.6396855900130197	-0.988829671765243
40600000	0.6427799062238536	0.4519199058964062	-1.0611111695562445	0.0	1.0	1.0	0.0	0.4519199058964062	-1.0611111695562445
40650000	-0.6782620357465693	0.5869994693653966	-1.108757287788461	0.0	1.0	1.0	-0.0	0.5869994693653966	-1.108757287788461
40700000	2.8826980901181316	0.5078295201848588	-0.9978944367834989	0.0	1.0	1.0	0.0	0.5078295201848588	-0.9978944367834989
40750000	1.4229975717919319	0.44371341596562114	-1.143236633654567	0.0	1.0	1.0	0.0	0.44371341596562114	-1.143236633654567
40800000	2.2846988721713632	0.48768023832735063	-1.015830217268819	0.0	1.0	1.0	0.0	0.48768023832735063	-1.015830217268819
40850000	0.15880852569289386	0.5876290420784446	-0.9716917849559219	0.0	1.0	1.0	0.0	0.5876290420784446	-0.9716917849559219
40900000	0.03283761070591155	0.36991081943102383	-0.9796782380250197	1.0	1.0	1.0	0.03283761070591155	0.36991081943102383	-0.9796782380250197
40950000	1.4008915383470548	0.22695644827768907	-1.0164145714095045	0.0	1.0	1.0	0.0	0.22695644827768907	-1.0164145714095045
41000000	-3.1922314981694937	0.11260275921703894	-1.1586314734841368	0.0	0.0	1.0	-0.0	0.0	-1.1586314734841368
41050000	0.7206023415528622	0.5691106002412925	-0.9713760008748374	0.0	1.0	1.0	0.0	0.5691106002412925	-0.9713760008748374
41100000	-0.051737973460443995	0.54584577682141	-0.9856611575408797	0.0	1.0	1.0	-0.0	0.54584577682141	-0.9856611575408797
41150000	0.9446799816215408	0.4260265124514405	-0.9673316865554278	0.0	1.0	1.0	0.0	0.4260265124514405	-0.9673316865554278
41200000	2.138495166006341	0.5293629803418225	-1.0326267801913476	0.0	1.0	1.0	0.0	0.5293629803418225	-1.0326267801913476
41250000	-0.5217878580783964	0.5391149143558553	-1.0027608104037087	0.0	1.0	1.0	-0.0	0.5391149143558553	-1.0027608104037087
41300000	1.4125857740100956	0.4161691723383826	-1.0257191687401241	0.0	1.0	1.0	0.0	0.4161691723383826	-1.0257191687401241
41350000	0.13586800530857815	0.2171660183173141	-1.124744581110997	1.0	1.0	1.0	0.13586800530857815	0.2171660183173141	-1.124744581110997
41400000	0.1438200732056063	0.46461413798423107	-1.0813292741389484	0.0	1.0	1.0	0.0	0.46461413798423107	-1.0813292741389484
41450000	-0.4243531215603309	0.38280195409480827	-1.077063448315514	0.0	1.0	1.0	-0.0	0.38280195409480827	-1.077063448315514
41500000	-1.7893370886114293	0.3481019160725274	-0.8703015003196924	0.0	1.0	1.0	-0.0	0.3481019160725274	-0.8703015003196924
41550000	-3.8032847930526845	0.3953508843100606	-1.0746970834465586	0.0	1.0	1.0	-0.0	0.3953508843100606	-1.0746970834465586
41600000	-1.7683441608483752	0.2792243608057379	-1.0933073751507265	0.0	1.0	1.0	-0.0	0.2792243608057379	-1.0933073751507265
41650000	-1.1481824177985063	0.2543820529535311	-1.1481924756584683	0.0	1.0	1.0	-0.0	0.2543820529535311	-1.1481924756584683
41700000	2.3587681653495274	0.2937157256321969	-1.1248218809590187	0.0	1.0	1.0	0.0	0.2937157256321969	-1.1248218809590187
41750000	-2.59531963429986	0.5447017456680177	-0.9654096294265	0.0	1.0	1.0	-0.0	0.5447017456680177	-0.9654096294265
41800000	0.15586214925792696	0.6658559052925607	-1.0964037760310599	1.0	1.0	1.0	0.15586214925792696	0.6658559052925607	-1.0964037760310599
41850000	-2.4231690115385307	0.5325059876929809	-1.003285953695357	0.0	1.0	1.0	-0.0	0.5325059876929809	-1.003285953695357
41900000	-0.6066424195641718	0.24077087354503615	-1.0699259774515208	0.0	1.0	1.0	-0.0	0.24077087354503615	-1.0699259774515208
41950000	2.217741703815097	0.2995491857404676	-1.2649232362688885	0.0	1.0	1.0	0.0	0.2995491857404676	-1.2649232362688885
42000000	2.8757969839170467	0.33292285569891616	-1.1428758490999609	0.0	1.0	1.0	0.0	0.33292285569891616	-1.1428758490999609
42050000	-1.6674604695346686	0.3799692139399244	-1.0682096104692835	0.0	1.0	1.0	-0.0	0.3799692139399244	-1.0682096104692835
42100000	1.7548074388228652	0.37948141795907075	-0.9663073405761959	0.0	1.0	1.0	0.0	0.37948141795907075	-0.9663073405761959
42150000	0.6714193968448803	0.22813254130175434	-1.113529715009318	0.0	1.0	1.0	0.0	0.22813254130175434	-1.113529715009318
42200000	-2.764067542986795	0.45363704554472084	-1.0846673105590658	0.0	1.0	1.0	-0.0	0.45363704554472084	-1.0846673105590658
42250000	-0.43787211700403317	-0.3955432643759349	-1.2362195268060352	0.0	0.0	1.0	-0.0	-0.0	-1.2362195268060352
42300000	0.40785433337098825	0.19641606735915096	-1.1903360476349159	0.0	1.0	1.0	0.0	0.19641606735915096	-1.1903360476349159
42350000	-0.0451297700390412	0.2877766771910083	-1.1596089800822817	0.0	1.0	1.0	-0.0	0.2877766771910083	-1.1596089800822817
42400000	2.6724837471841147	0.471518000149228	-0.9486230946666665	0.0	1.0	1.0	0.0	0.471518000149228	-0.9486230946666665
42450000	-1.1788019411675152	0.5607446853500411	-1.0784885718693666	0.0	1.0	1.0	-0.0	0.5607446853500411	-1.0784885718693666
42500000	-1.9638686375921233	0.5079684665643514	-1.103647731772707	0.0	1.0	1.0	-0.0	0.5079684665643514	-1.103647731772707
42550000	1.6690377482657361	0.33814427613455333	-1.3068161962798828	0.0	1.0	1.0	0.0	0.33814427613455333	-1.3068161962798828
42600000	-1.6336764156266894	0.49302955148325095	-1.0820395680609147	0.0	1.0	1.0	-0.0	0.49302955148325095	-1.0820395680609147
42650000	-1.9233212532130408	0.3653530416455111	-1.0915874028996133	0.0	1.0	1.0	-0.0	0.3653530416455111	-1.0915874028996133
42700000	-1.5207790404015848	0.30401418795735496	-1.0090781631056587	0.0	0.0	1.0	-0.0	0.0	-1.0090781631056587
42750000	3.2215544124377025	0.5178438903865676	-1.1321220212528607	0.0	1.0	1.0	0.0	0.5178438903865676	-1.1321220212528607
42800000	2.0319924750256053	0.24519483716658783	-1.107995729287053	0.0	1.0	1.0	0.0	0.24519483716658783	-1.107995729287053
42850000	-0.20572187814207332	4.935122368620167	-1.2427230183044895	0.0	0.0	1.0	-0.0	0.0	-1.2427230183044895
42900000	1.6124571770390672	0.4876618434967024	-1.0872250092058986	0.0	1.0	1.0	0.0	0.4876618434967024	-1.0872250092058986
42950000	1.8775639760827134	0.41761718073898413	-1.0962789233488361	0.0	1.0	1.0	0.0	0.41761718073898413	-1.0962789233488361
43000000	-4.129755600372649	0.2603612753131488	-1.0286865725821095	0.0	1.0	1.0	-0.0	0.2603612753131488	-1.0286865725821095
43050000	0.6997945737004492	3.159417373914604	-1.1945367332472574	0.0	0.0	1.0	0.0	0.0	-1.1945367332472574
43100000	0.9447008649419696	0.4406231463193317	-1.1392758193237225	0.0	1.0	1.0	0.0	0.4406231463193317	-1.1392758193237225
43150000	-2.137015147237596	0.10729960500371241	-1.2727572457384901	0.0	1.0	1.0	-0.0	0.10729960500371241	-1.2727572457384901
43200000	-2.077930839753491	0.5948453193956965	-1.0687539688640084	0.0	1.0	1.0	-0.0	0.5948453193956965	-1.0687539688640084
43250000	2.820431567044021	3.7548274296622464	-1.1617574193230722	0.0	0.0	1.0	0.0	0.0	-1.1617574193230722
43300000	1.5336795439527218	0.535450138280212	-0.9793194615758692	0.0	1.0	1.0	0.0	0.535450138280212	-0.9793194615758692
43350000	3.5170598520264895	0.4686249872366791	-1.0727450793675097	0.0	1.0	1.0	0.0	0.4686249872366791	-1.0727450793675097
43400000	-1.4049121269467921	0.45791124106668124	-0.9772680623572508	0.0	1.0	1.0	-0.0	0.45791124106668124	-0.9772680623572508
43450000	-1.5714937409399596	0.31124981963206205	-1.0671848770658863	0.0	1.0	1.0	-0.0	0.31124981963206205	-1.0671848770658863
43500000	-0.3339583956259416	0.29934402187291104	-1.0104050356948293	0.0	1.0	1.0	-0.0	0.29934402187291104	-1.0104050356948293
43550000	-2.209445164865449	0.4446905127568662	-1.0056257030514775	0.0	1.0	1.0	-0.0	0.4446905127568662	-1.0056257030514775
43600000	-0.4555151234792997	0.34548311779784846	-1.02962025502987	0.0	1.0	1.0	-0.0	0.34548311779784846	-1.02962025502987
43650000	0.175393155794918	0.40005169586453465	-1.1417013647890906	0.0	1.0	1.0	0.0	0.40005169586453465	-1.1417013647890906
43700000	-0.9951821935586246	0.30687594305498317	-1.1943168737953005	0.0	1.0	1.0	-0.0	0.30687594305498317	-1.1943168737953005
43750000	-3.5124106345904167	0.3272682374122885	-1.0989677416566201	0.0	1.0	1.0	-0.0	0.3272682374122885	-1.0989677416566201
43800000	-1.914763452028102	0.27267033908997335	-0.9683228097680169	0.0	1.0	1.0	-0.0	0.27267033908997335	-0.9683228097680169
43850000	1.4438824354422675	0.5484167013834622	-0.9072705198399978	0.0	1.0	1.0	0.0	0.5484167013834622	-0.9072705198399978
43900000	3.1743639205610195	0.09602220885272833	-1.1535196050562524	0.0	1.0	1.0	0.0	0.09602220885272833	-1.1535196050562524
43950000	-2.3518874294585888	0.2967830622131486	-1.0640654068297877	0.0	1.0	1.0	-0.0	0.2967830622131486	-1.0640654068297877
44000000	-0.77454769055966	0.4020725871626467	-0.9772159196452732	0.0	1.0	1.0	-0.0	0.4020725871626467	-0.9772159196452732
44050000	-0.07329343610923968	0.4919784433089368	-1.1169341388500875	0.0	1.0	1.0	-0.0	0.4919784433089368	-1.1169341388500875
44100000	-0.3077402301622191	0.3062242349317957	-1.1551391318286484	0.0	1.0	1.0	-0.0	0.3062242349317957	-1.1551391318286484
44150000	-0.6154631164131067	0.24630880520686904	-1.1995317413420543	0.0	1.0	1.0	-0.0	0.24630880520686904	-1.1995317413420543
44200000	3.702423412246578	0.43249761949961124	-0.9266398537866887	0.0	1.0	1.0	0.0	0.43249761949961124	-0.9266398537866887
44250000	-1.417786338240498	1.8309114023057926	-1.1771578806970346	0.0	0.0	1.0	-0.0	0.0	-1.1771578806970346
44300000	-2.145263566428186	0.3578848145811896	-1.0170370333159124	0.0	1.0	1.0	-0.0	0.3578848145811896	-1.0170370333159124
44350000	-1.329016197349048	0.4268100617598889	-1.0437528821114699	0.0	1.0	1.0	-0.0	0.4268100617598889	-1.0437528821114699
44400000	-1.9273786148938281	0.4571337342638488	-0.9881685373536204	0.0	1.0	1.0	-0.0	0.4571337342638488	-0.9881685373536204
44450000	0.004647309422559708	0.28561265881304576	-1.1340574338345992	1.0	1.0	1.0	0.004647309422559708	0.28561265881304576	-1.1340574338345992
44500000	3.169068453723685	0.38635755232392066	-1.0198088220806627	0.0	1.0	1.0	0.0	0.38635755232392066	-1.0198088220806627
44550000	0.09281604493517477	0.34326863296695337	-1.1607054811158808	0.0	1.0	1.0	0.0	0.34326863296695337	-1.1607054811158808
44600000	0.036857099211782124	0.3772909921192369	-1.0419784842724782	1.0	1.0	1.0	0.036857099211782124	0.3772909921192369	-1.0419784842724782
44650000	-0.6323487875658168	0.2656556814218329	-0.9592720928271173	0.0	1.0	1.0	-0.0	0.2656556814218329	-0.9592720928271173
44700000	-0.01329303438539024	0.39629073414385213	-0.9631809590848784	0.0	1.0	1.0	-0.0	0.39629073414385213	-0.9631809590848784
44750000	-1.831587431558794	0.408323714733478	-1.1060473294089601	0.0	1.0	1.0	-0.0	0.408323714733478	-1.1060473294089601
44800000	1.811899360197932	0.4153304569110055	-0.8969006305856713	0.0	1.0	1.0	0.0	0.4153304569110055	-0.8969006305856713
44850000	-2.117566441089873	-1.0155786131250983	-1.1145358664457663	0.0	0.0	1.0	-0.0	-0.0	-1.1145358664457663
44900000	1.5813121938755468	0.2312812611081198	-0.999375969102478	0.0	1.0	1.0	0.0	0.2312812611081198	-0.999375969102478
44950000	3.7881109404327287	0.26529911365852943	-1.0557327468635602	0.0	1.0	1.0	0.0	0.26529911365852943	-1.0557327468635602
45000000	2.8286378680171698	0.30463872214286997	-1.0394096868820513	0.0	1.0	1.0	0.0	0.30463872214286997	-1.0394096868820513
45050000	0.8493181893860644	0.5421929609481598	-1.3300741127821438	0.0	1.0	1.0	0.0	0.5421929609481598	-1.3300741127821438
45100000	3.093141999361924	0.344185302317592	-0.9397400679443678	0.0	1.0	1.0	0.0	0.344185302317592	-0.9397400679443678
45150000	1.1329545599152913	0.3850856215606757	-0.9794961900837554	0.0	1.0	1.0	0.0	0.3850856215606757	-0.9794961900837554
45200000	1.5799247537517165	0.42451493753931135	-0.9181094182674283	0.0	1.0	1.0	0.0	0.42451493753931135	-0.9181094182674283
45250000	0.8170222098568289	0.4461943348651796	-1.0863331142541623	0.0	1.0	1.0	0.0	0.4461943348651796	-1.0863331142541623
45300000	-2.343284935403985	0.2568307112093089	-1.0246868471327037	0.0	1.0	1.0	-0.0	0.2568307112093089	-1.0246868471327037
45350000	-2.109777937815322	0.3176917312448428	-0.9924132747655408	0.0	1.0	1.0	-0.0	0.3176917312448428	-0.9924132747655408
45400000	-2.0394480911473267	0.5148847734209321	-1.1889454860071431	0.0	1.0	1.0	-0.0	0.5148847734209321	-1.1889454860071431
45450000	0.4278804349602001	0.4219146829603265	-1.1316396138764317	0.0	1.0	1.0	0.0	0.4219146829603265	-1.1316396138764317
45500000	-2.2231684294244434	0.3811532518593288	-1.0358790353147256	0.0	1.0	1.0	-0.0	0.3811532518593288	-1.0358790353147256
45550000	-0.08189758244079881	3.2393737329490677	-1.3012908345205525	0.0	0.0	1.0	-0.0	0.0	-1.3012908345205525
45600000	0.0439859665221205	0.29320297415468144	-0.9368168594610045	1.0	1.0	1.0	0.0439859665221205	0.29320297415468144	-0.9368168594610045
45650000	-0.3258911096713497	0.24641614854622357	-1.0745691707045177	0.0	1.0	1.0	-0.0	0.24641614854622357	-1.0745691707045177
45700000	-1.1910743592877588	0.322135671657787	-1.0014338528367879	0.0	1.0	1.0	-0.0	0.322135671657787	-1.0014338528367879
45750000	-0.767450327918423	0.36368462887803554	-1.1318824208624343	0.0	1.0	1.0	-0.0	0.36368462887803554	-1.1318824208624343
45800000	1.7152467371413724	0.39610781370004056	-0.9427931021850825	0.0	1.0	1.0	0.0	0.39610781370004056	-0.9427931021850825
45850000	1.9653918424071977	0.30119219452510426	-1.0162858133891033	0.0	1.0	1.0	0.0	0.30119219452510426	-1.0162858133891033
45900000	0.7340063711563442	0.4620849000142735	-1.1884618693705706	0.0	1.0	1.0	0.0	0.4620849000142735	-1.1884618693705706
45950000	4.1323519755396845	0.5133628135782583	-1.1635239755863591	0.0	1.0	1.0	0.0	0.5133628135782583	-1.1635239755863591
46000000	-1.6819761544852723	0.4810013729379661	-1.0580498008765158	0.0	1.0	1.0	-0.0	0.4810013729379661	-1.0580498008765158
46050000	-0.1430048592490333	0.43115094828856093	-1.1653349917674491	0.0	1.0	1.0	-0.0	0.43115094828856093	-1.1653349917674491
46100000	0.37997048837122044	-0.39549366342453746	-1.1182868560454868	0.0	0.0	1.0	0.0	-0.0	-1.1182868560454868
46150000	2.063026180181751	0.41555898300360367	-1.032192036833617	0.0	1.0	1.0	0.0	0.41555898300360367	-1.032192036833617
46200000	-1.7377395558500657	-2.5190491504915853	-1.1324980983315158	0.0	0.0	1.0	-0.0	-0.0	-1.1324980983315158
46250000	3.161517246918669	4.242274164671023	-0.9630320982617787	0.0	0.0	1.0	0.0	0.0	-0.9630320982617787
46300000	0.9788408344065673	0.3361783334720653	-1.132147501385611	0.0	1.0	1.0	0.0	0.3361783334720653	-1.132147501385611
46350000	0.7613824484907009	0.2620118240211567	-1.0166633106772	0.0	1.0	1.0	0.0	0.2620118240211567	-1.0166633106772
46400000	-2.310129877884364	0.13136383602075957	-1.1536599444261209	0.0	1.0	1.0	-0.0	0.13136383602075957	-1.1536599444261209
46450000	-0.09202524108747934	0.5398811530470767	-0.9511786095157123	0.0	1.0	1.0	-0.0	0.5398811530470767	-0.9511786095157123
46500000	-0.8571574623813079	0.36680718309171945	-1.1351114283307495	0.0	1.0	1.0	-0.0	0.36680718309171945	-1.1351114283307495
46550000	-1.4234323331512797	0.468038074678359	-1.1236707936577852	0.0	1.0	1.0	-0.0	0.468038074678359	-1.1236707936577852
46600000	-1.4394879210046845	0.5275085919917386	-0.9470765966970754	0.0	0.0	1.0	-0.0	0.0	-0.9470765966970754
46650000	1.40851306669536	0.29926250380947095	-1.027320315580729	0.0	1.0	1.0	0.0	0.29926250380947095	-1.027320315580729
46700000	1.706507639906832	0.27083986136161164	-1.2023775701146073	0.0	1.0	1.0	0.0	0.27083986136161164	-1.2023775701146073
46750000	0.9223417109885952	0.46145113486479106	-1.0772364647045163	0.0	1.0	1.0	0.0	0.46145113486479106	-1.0772364647045163
46800000	-2.743934406319884	0.3429182841526445	-0.976003455392648	0.0	1.0	1.0	-0.0	0.3429182841526445	-0.976003455392648
46850000	1.3677468144399563	0.3737423180187804	-1.186911715646342	0.0	1.0	1.0	0.0	0.3737423180187804	-1.186911715646342
46900000	0.9903882532110357	0.22469335099291624	-1.117024599332486	0.0	1.0	1.0	0.0	0.22469335099291624	-1.117024599332486
46950000	-3.188658683203935	0.02735772882418492	-1.0358037989715039	0.0	1.0	1.0	-0.0	0.02735772882418492	-1.0358037989715039
47000000	1.1384093916332756	0.15632816604773928	-1.1897172846226156	0.0	1.0	1.0	0.0	0.15632816604773928	-1.1897172846226156
47050000	0.4569116379807192	0.2583442273657039	-1.0187847541778687	0.0	1.0	1.0	0.0	0.2583442273657039	-1.0187847541778687
47100000	-3.2885790395269376	0.3220776337115319	-0.9866624445377276	0.0	1.0	1.0	-0.0	0.3220776337115319	-0.9866624445377276
47150000	2.1851237331192515	0.24883264825465848	-1.08563442620073	0.0	1.0	1.0	0.0	0.24883264825465848	-1.08563442620073
47200000	2.2165441391931004	0.3978941005863381	-0.9611636862461204	0.0	1.0	1.0	0.0	0.3978941005863381	-0.9611636862461204
47250000	1.694204489262346	0.3956343350560409	-1.1015802832960453	0.0	1.0	1.0	0.0	0.3956343350560409	-1.1015802832960453
47300000	2.029269548123335	0.46854339824755675	-1.0252828798629636	0.0	1.0	1.0	0.0	0.46854339824755675	-1.0252828798629636
47350000	1.3827570825997306	0.21939759771062708	-1.1934307460680316	0.0	1.0	1.0	0.0	0.21939759771062708	-1.1934307460680316
47400000	2.759354370707668	0.4616142809236659	-1.0311180960113882	0.0	1.0	1.0	0.0	0.4616142809236659	-1.0311180960113882
47450000	0.9626730696032162	0.3517361567930174	-1.2165582863393134	0.0	1.0	1.0	0.0	0.3517361567930174	-1.2165582863393134
47500000	2.7287601098864083	0.44599872150840697	-1.1440154352754894	0.0	1.0	1.0	0.0	0.44599872150840697	-1.1440154352754894
47550000	-1.8083319785860854	0.4440991872653651	-0.8885445354850687	0.0	1.0	1.0	-0.0	0.4440991872653651	-0.8885445354850687
47600000	-0.6108793352165439	0.4410776992405391	-1.17128005397028	0.0	1.0	1.0	-0.0	0.4410776992405391	-1.17128005397028
47650000	-1.9976392677875412	0.3180217640386773	-1.0300529396624203	0.0	1.0	1.0	-0.0	0.3180217640386773	-1.0300529396624203
47700000	1.518437836539276	0.39085702999413796	-1.115507817012275	0.0	1.0	1.0	0.0	0.39085702999413796	-1.115507817012275
47750000	0.371994831357907	0.3510334502689993	-1.0608172373334022	0.0	1.0	1.0	0.0	0.3510334502689993	-1.0608172373334022
47800000	-3.847395617815043	0.31503435433612786	-1.097714344958321	0.0	1.0	1.0	-0.0	0.31503435433612786	-1.097714344958321
47850000	-0.5090909352166687	0.2772041661251092	-1.0900965593730882	0.0	1.0	1.0	-0.0	0.2772041661251092	-1.0900965593730882
47900000	1.9427192315200157	0.4966968857968149	-1.0872054452140518	0.0	1.0	1.0	0.0	0.4966968857968149	-1.0872054452140518
47950000	0.9454765539795988	0.22957640917874056	-1.0870977918492943	0.0	1.0	1.0	0.0	0.22957640917874056	-1.0870977918492943
48000000	0.1489558829730447	0.43844768473536316	-0.8444658269721554	1.0	1.0	1.0	0.1489558829730447	0.43844768473536316	-0.8444658269721554
48050000	0.46948098810725125	0.44363186825071926	-0.9812281261258184	0.0	1.0	1.0	0.0	0.44363186825071926	-0.9812281261258184
48100000	-2.075274122293971	0.26614152019866766	-1.0875023024338608	0.0	1.0	1.0	-0.0	0.26614152019866766	-1.0875023024338608
48150000	0.32522539706441433	0.4497470672911379	-1.1456825505137875	0.0	1.0	1.0	0.0	0.4497470672911379	-1.1456825505137875
48200000	1.2310912365861053	0.4241610332959054	-1.0659508607813508	0.0	1.0	1.0	0.0	0.4241610332959054	-1.0659508607813508
48250000	-2.3008925495208046	0.21826321858962303	-1.2365172746136888	0.0	1.0	1.0	-0.0	0.21826321858962303	-1.2365172746136888
48300000	-2.4637555295705127	0.27453939770142155	-1.154230591090976	0.0	1.0	1.0	-0.0	0.27453939770142155	-1.154230591090976
48350000	-0.8401212733138093	0.5496090650407204	-1.1261549327607956	0.0	1.0	1.0	-0.0	0.5496090650407204	-1.1261549327607956
48400000	0.22628518184936025	0.5158611096699552	-0.9635766416812459	1.0	1.0	1.0	0.22628518184936025	0.5158611096699552	-0.9635766416812459
48450000	2.7064915602659054	0.45575202597932796	-1.042624612703816	0.0	1.0	1.0	0.0	0.45575202597932796	-1.042624612703816
48500000	-0.11201668083141048	1.2290687216999907	-1.1157382502340292	0.0	0.0	1.0	-0.0	0.0	-1.1157382502340292
48550000	0.6324047679242804	0.359676338720268	-1.1750629180227303	0.0	1.0	1.0	0.0	0.359676338720268	-1.1750629180227303
48600000	1.6179634696768042	0.3062375949491918	-1.1498600377862036	0.0	1.0	1.0	0.0	0.3062375949491918	-1.1498600377862036
48650000	-1.0982348616494164	0.2853791964079401	-1.1587722862462448	0.0	1.0	1.0	-0.0	0.2853791964079401	-1.1587722862462448
48700000	-2.4206695831146354	0.4064456054466014	-1.0872596065372866	0.0	1.0	1.0	-0.0	0.4064456054466014	-1.0872596065372866
48750000	-1.1059885095020932	0.2976745501583235	-1.1973428919534277	0.0	1.0	1.0	-0.0	0.2976745501583235	-1.1973428919534277
48800000	0.07662789270973014	0.748856102951569	-0.9963184597406678	0.0	1.0	1.0	0.0	0.748856102951569	-0.9963184597406678
48850000	3.744644722686487	0.262975424527396	-1.058313124960069	0.0	1.0	1.0	0.0	0.262975424527396	-1.058313124960069
48900000	1.8275139376244751	0.35933555604709894	-1.09552243188211	0.0	1.0	1.0	0.0	0.35933555604709894	-1.09552243188211
48950000	-2.0990633560905856	0.24471874668465735	-0.9849422893600381	0.0	1.0	1.0	-0.0	0.24471874668465735	-0.9849422893600381
49000000	0.12073144759883458	0.37876131173057176	-1.1413743968296595	0.0	1.0	1.0	0.0	0.37876131173057176	-1.1413743968296595
49050000	-2.920927982630744	0.4054597390631335	-1.1328915350409392	0.0	1.0	1.0	-0.0	0.4054597390631335	-1.1328915350409392
49100000	-2.4229892552629386	0.5325290479348478	-1.0511059455548681	0.0	1.0	1.0	-0.0	0.5325290479348478	-1.0511059455548681
49150000	-0.24399210528027357	0.5925069497266308	-1.0228723219046683	0.0	1.0	1.0	-0.0	0.5925069497266308	-1.0228723219046683
49200000	-2.552141380974703	0.34419611337667044	-1.0876049977006512	0.0	1.0	1.0	-0.0	0.34419611337667044	-1.0876049977006512
49250000	3.766770372051779	0.36364160467175194	-1.1601594377261584	0.0	1.0	1.0	0.0	0.36364160467175194	-1.1601594377261584
49300000	2.263589493354399	0.5895612883519735	-1.0862145068922233	0.0	1.0	1.0	0.0	0.5895612883519735	-1.0862145068922233
49350000	0.10207718771331911	0.5821141987359842	-1.01059172663579	1.0	1.0	1.0	0.10207718771331911	0.5821141987359842	-1.01059172663579
49400000	0.20358496735539555	0.30182534497611874	-1.1882591047664075	0.0	1.0	1.0	0.0	0.30182534497611874	-1.1882591047664075
49450000	-4.148429361313635	0.27034295204891845	-1.2793288222117958	0.0	1.0	1.0	-0.0	0.27034295204891845	-1.2793288222117958
49500000	1.0167664704287154	-0.8535479420938011	-1.1838295416776752	0.0	0.0	1.0	0.0	-0.0	-1.1838295416776752
49550000	0.09229434684279106	0.6017546528964508	-0.9006559111746368	1.0	1.0	1.0	0.09229434684279106	0.6017546528964508	-0.9006559111746368
49600000	0.8521761386949941	0.4384026931914881	-1.0160923741887944	0.0	1.0	1.0	0.0	0.4384026931914881	-1.0160923741887944
49650000	1.525773971893694	-2.5563400465327795	-1.0624666377996064	0.0	0.0	1.0	0.0	-0.0	-1.0624666377996064
49700000	0.13920654148565514	0.349378681032284	-1.0165316327656284	0.0	1.0	1.0	0.0	0.349378681032284	-1.0165316327656284
49750000	-1.0607547344539205	0.2869324728351931	-1.1303742373281012	0.0	1.0	1.0	-0.0	0.2869324728351931	-1.1303742373281012
49800000	0.25513392668820495	2.8362783930723188	-1.1819028116850883	0.0	0.0	1.0	0.0	0.0	-1.1819028116850883
49850000	-1.0627112860037915	0.2528016389112164	-1.0961853757776836	0.0	1.0	1.0	-0.0	0.2528016389112164	-1.0961853757776836
49900000	-5.595664712724553	0.25604780829882107	-1.1507814349235923	0.0	1.0	1.0	-0.0	0.25604780829882107	-1.1507814349235923
49950000	0.27196735132599426	0.34249688177808246	-1.046526099568308	1.0	1.0	1.0	0.27196735132599426	0.34249688177808246	-1.046526099568308
50000000	-0.47900378286355844	0.332761728602043	-1.1664691379721643	0.0	1.0	1.0	-0.0	0.332761728602043	-1.1664691379721643
50050000	0.8869167753427885	0.299839171202642	-1.1997874295983768	0.0	1.0	1.0	0.0	0.299839171202642	-1.1997874295983768
50100000	-3.0205053350831133	0.367555130167787	-1.071767214843137	0.0	1.0	1.0	-0.0	0.367555130167787	-1.071767214843137
50150000	0.1742692666039982	0.39621331714898983	-1.0204131388815767	1.0	1.0	1.0	0.1742692666039982	0.39621331714898983	-1.0204131388815767
50200000	0.503019525849623	0.20176113126612064	-1.0523632040398165	0.0	1.0	1.0	0.0	0.20176113126612064	-1.0523632040398165
50250000	-1.234817381643178	0.46719798162127196	-1.0473103112800306	0.0	1.0	1.0	-0.0	0.46719798162127196	-1.0473103112800306
50300000	0.9877064696677211	0.5108598286633065	-1.0004103904887387	0.0	1.0	1.0	0.0	0.5108598286633065	-1.0004103904887387
50350000	-2.61114815482565	0.7363233415905606	-1.0792737443090472	0.0	1.0	1.0	-0.0	0.7363233415905606	-1.0792737443090472
50400000	-1.5035045541768686	0.31735016561466844	-1.1123011433811427	0.0	1.0	1.0	-0.0	0.31735016561466844	-1.1123011433811427
50450000	0.008796180539452234	0.4051938071535476	-0.9909393842843375	0.0	1.0	1.0	0.0	0.4051938071535476	-0.9909393842843375
50500000	2.415291396074595	0.38892314893355	-1.1743381807387543	0.0	1.0	1.0	0.0	0.38892314893355	-1.1743381807387543
50550000	0.27703637936145364	0.3899883688399817	-0.9839263124517441	1.0	1.0	1.0	0.27703637936145364	0.3899883688399817	-0.9839263124517441
50600000	1.5612898298942353	0.5038422677717602	-1.221501736880994	0.0	1.0	1.0	0.0	0.5038422677717602	-1.221501736880994
50650000	2.2892661582590446	0.21017430595351033	-1.1332487906831488	0.0	1.0	1.0	0.0	0.21017430595351033	-1.1332487906831488
50700000	0.4422714396216412	0.46929400070728533	-1.138567956193144	0.0	1.0	1.0	0.0	0.46929400070728533	-1.138567956193144
50750000	-1.7577487960712472	0.30465182388780154	-1.207430206363419	0.0	1.0	1.0	-0.0	0.30465182388780154	-1.207430206363419
50800000	2.326829840003686	2.9355185279644043	-1.162655792483615	0.0	0.0	1.0	0.0	0.0	-1.162655792483615
50850000	-0.11463402631200724	0.4636292117621537	-0.9909683555126289	0.0	1.0	1.0	-0.0	0.4636292117621537	-0.9909683555126289
50900000	-0.41685957310518296	0.4614786761385082	-1.1816080979176893	0.0	1.0	1.0	-0.0	0.4614786761385082	-1.1816080979176893
50950000	0.5904608677985379	0.4115858814945207	-1.085747395776317	0.0	1.0	1.0	0.0	0.4115858814945207	-1.085747395776317
51000000	3.0689284765159974	3.0570957539152666	-1.3952124955198373	0.0	0.0	1.0	0.0	0.0	-1.3952124955198373
51050000	-3.2025426804530612	0.416479680946213	-1.0230292382157673	0.0	1.0	1.0	-0.0	0.416479680946213	-1.0230292382157673
51100000	-1.381333992582324	0.3775491054974548	-1.1896326235340724	0.0	1.0	1.0	-0.0	0.3775491054974548	-1.1896326235340724
51150000	0.6330387545972915	-1.7102764542884352	-1.177329122560596	0.0	0.0	1.0	0.0	-0.0	-1.177329122560596
51200000	1.5609464910364688	0.14821888529293453	-1.1451766577158264	0.0	1.0	1.0	0.0	0.14821888529293453	-1.1451766577158264
51250000	2.388385964305608	0.2018635039767393	-1.0659411761974058	0.0	0.0	1.0	0.0	0.0	-1.0659411761974058
51300000	0.009246645319434383	0.464006521716834	-1.1172412530172562	1.0	1.0	1.0	0.009246645319434383	0.464006521716834	-1.1172412530172562
51350000	2.360844930194062	0.30044597257394257	-1.1333430797769046	0.0	1.0	1.0	0.0	0.30044597257394257	-1.1333430797769046
51400000	-1.9906242568693033	0.33723027853162363	-1.0008872340740824	0.0	1.0	1.0	-0.0	0.33723027853162363	-1.0008872340740824
51450000	-0.43877127015397704	0.5068060726981772	-1.07734871648019	0.0	1.0	1.0	-0.0	0.5068060726981772	-1.07734871648019
51500000	-2.2318855383153515	0.3185763868734058	-1.0548439510488385	0.0	1.0	1.0	-0.0	0.3185763868734058	-1.0548439510488385
51550000	-1.514130552742592	0.3660934912620035	-1.0873149746852735	0.0	1.0	1.0	-0.0	0.3660934912620035	-1.0873149746852735
51600000	0.6072906357591495	0.3803034899287845	-1.1651156715832416	0.0	1.0	1.0	0.0	0.3803034899287845	-1.1651156715832416
51650000	0.5673892527865252	0.6968982623571761	-1.0456584456682059	0.0	1.0	1.0	0.0	0.6968982623571761	-1.0456584456682059
51700000	-3.1422778069625927	0.2591301923342435	-1.2786782934516312	0.0	1.0	1.0	-0.0	0.2591301923342435	-1.2786782934516312
51750000	2.4888171778062174	0.40037684588300637	-1.0828837570219019	0.0	1.0	1.0	0.0	0.40037684588300637	-1.0828837570219019
51800000	-3.0773431995867693	0.3334812487946407	-1.0324284606746903	0.0	1.0	1.0	-0.0	0.3334812487946407	-1.0324284606746903
51850000	2.9760243923973873	0.46459932436371026	-1.1668053737428823	0.0	1.0	1.0	0.0	0.46459932436371026	-1.1668053737428823
51900000	1.6420784054618258	0.3166073736988603	-1.0637190346922147	0.0	1.0	1.0	0.0	0.3166073736988603	-1.0637190346922147
51950000	0.2089307463855774	0.44820498632816724	-1.2265911435504	0.0	1.0	1.0	0.0	0.44820498632816724	-1.2265911435504
52000000	-0.4056299982504469	0.28477353633203784	-0.9319460546919833	0.0	1.0	1.0	-0.0	0.28477353633203784	-0.9319460546919833
52050000	2.1283202931191973	0.44586912542224094	-1.0357390942641191	0.0	1.0	1.0	0.0	0.44586912542224094	-1.0357390942641191
52100000	0.8174881143109788	0.5419813292187529	-1.0739517290412584	0.0	1.0	1.0	0.0	0.5419813292187529	-1.0739517290412584
52150000	0.4876812814876854	0.25318945947673704	-1.1347476378670087	0.0	1.0	1.0	0.0	0.25318945947673704	-1.1347476378670087
52200000	-1.5602426490123356	0.5275703744033157	-0.9355891539165383	0.0	1.0	1.0	-0.0	0.5275703744033157	-0.9355891539165383
52250000	3.0841849897213605	0.466390638936667	-1.118278286063986	0.0	1.0	1.0	0.0	0.466390638936667	-1.118278286063986
52300000	-1.2545896139723516	0.40532572497879604	-0.9787637380559312	0.0	1.0	1.0	-0.0	0.40532572497879604	-0.9787637380559312
52350000	-1.6480000505145296	0.5484168491704726	-0.9693767873212878	0.0	1.0	1.0	-0.0	0.5484168491704726	-0.9693767873212878
52400000	0.3035615920599082	0.3755307602947784	-0.9687561041627794	0.0	1.0	1.0	0.0	0.3755307602947784	-0.9687561041627794
52450000	1.9049207193969402	0.4952186551945822	-1.0385648868319683	0.0	1.0	1.0	0.0	0.4952186551945822	-1.0385648868319683
52500000	1.5709872826403435	0.6929799010788529	-1.0216922861165403	0.0	1.0	1.0	0.0	0.6929799010788529	-1.0216922861165403
52550000	0.13357397465731893	0.4048718091031816	-1.1385800093483434	0.0	1.0	1.0	0.0	0.4048718091031816	-1.1385800093483434
52600000	0.24832707509827423	0.300524569506719	-1.0799132745542381	0.0	1.0	1.0	0.0	0.300524569506719	-1.0799132745542381
52650000	-2.3583520166761778	0.3646760173638069	-1.1289307515331828	0.0	1.0	1.0	-0.0	0.3646760173638069	-1.1289307515331828
52700000	0.7388977477161587	0.4783611653959565	-0.9636575245741841	0.0	1.0	1.0	0.0	0.4783611653959565	-0.9636575245741841
52750000	-3.7634155257726594	0.13569170926104882	-1.1471274477694609	0.0	1.0	1.0	-0.0	0.13569170926104882	-1.1471274477694609
52800000	-1.3380794455231675	0.30877908078147487	-1.085800095845036	0.0	1.0	1.0	-0.0	0.30877908078147487	-1.085800095845036
52850000	-2.2428281266099064	0.471167134315247	-1.0191367410670364	0.0	1.0	1.0	-0.0	0.471167134315247	-1.0191367410670364
52900000	0.11431276095898135	0.4575135673362053	-0.9492728407140363	1.0	1.0	1.0	0.11431276095898135	0.4575135673362053	-0.9492728407140363
52950000	4.627302609703188	0.39886526875676204	-1.0365164684736032	0.0	1.0	1.0	0.0	0.39886526875676204	-1.0365164684736032
53000000	0.2758906837349725	0.37209375892930446	-1.0043985157860733	1.0	1.0	1.0	0.2758906837349725	0.37209375892930446	-1.0043985157860733
53050000	-0.4203313128436911	0.28594204488523595	-1.1159934662697524	0.0	1.0	1.0	-0.0	0.28594204488523595	-1.1159934662697524
53100000	0.7351602296162331	0.8090732065691068	-0.9826370345691247	0.0	0.0	1.0	0.0	0.0	-0.9826370345691247
53150000	-2.257693208669354	0.39795049578296104	-0.9650531382992801	0.0	1.0	1.0	-0.0	0.39795049578296104	-0.9650531382992801
53200000	0.4929844141584207	0.16822031164012333	-1.1577909114287026	0.0	1.0	1.0	0.0	0.16822031164012333	-1.1577909114287026
53250000	-1.5544804822801692	1.408688132734052	-1.2749520202079732	0.0	0.0	1.0	-0.0	0.0	-1.2749520202079732
53300000	0.46481854302368375	2.169827653576545	-1.1956274562703095	0.0	0.0	1.0	0.0	0.0	-1.1956274562703095
53350000	-2.1181797538884957	0.3999497112849877	-1.062021918994517	0.0	1.0	1.0	-0.0	0.3999497112849877	-1.062021918994517
53400000	1.854156963735546	0.42393635349865383	-1.0449068709741878	0.0	1.0	1.0	0.0	0.42393635349865383	-1.0449068709741878
53450000	3.95077034122776	0.3722872411998549	-1.0531297773511816	0.0	1.0	1.0	0.0	0.3722872411998549	-1.0531297773511816
53500000	-2.566468058452309	0.3940072929361754	-1.0277432594346034	0.0	1.0	1.0	-0.0	0.3940072929361754	-1.0277432594346034
53550000	-3.076437530776694	0.4422613398971802	-1.2924266846402004	0.0	1.0	1.0	-0.0	0.4422613398971802	-1.2924266846402004
53600000	-0.053837235755416955	0.34773502256371797	-1.1092783492734084	0.0	1.0	1.0	-0.0	0.34773502256371797	-1.1092783492734084
53650000	-0.5679748728183227	1.0818643985752958	-1.1551616046246733	0.0	0.0	1.0	-0.0	0.0	-1.1551616046246733
53700000	-0.6196149110711278	0.47632930287053427	-0.9642081200452561	0.0	1.0	1.0	-0.0	0.47632930287053427	-0.9642081200452561
53750000	1.5440965930547763	0.2749640144420852	-1.1530613345290075	0.0	1.0	1.0	0.0	0.2749640144420852	-1.1530613345290075
53800000	3.523941357693461	0.3145227617134532	-1.104620705791777	0.0	1.0	1.0	0.0	0.3145227617134532	-1.104620705791777
53850000	-2.620913817307743	0.578528185840777	-1.0503523548197151	0.0	1.0	1.0	-0.0	0.578528185840777	-1.0503523548197151
53900000	-0.36527061709496184	0.19577247698106842	-1.1947793783345666	0.0	1.0	1.0	-0.0	0.19577247698106842	-1.1947793783345666
53950000	-2.6357371826670537	0.45555056341573535	-1.0635042104947332	0.0	1.0	1.0	-0.0	0.45555056341573535	-1.0635042104947332
54000000	-0.11914534114596362	0.143524849131283	-1.1525432424044324	0.0	1.0	1.0	-0.0	0.143524849131283	-1.1525432424044324
54050000	2.132004551894431	0.4167078260756076	-1.0212183576599732	0.0	1.0	1.0	0.0	0.4167078260756076	-1.0212183576599732
54100000	-2.1865159778789374	0.39656813083464965	-1.1514212084787014	0.0	1.0	1.0	-0.0	0.39656813083464965	-1.1514212084787014
54150000	-0.35062080674260465	0.16268717222504145	-1.2404808656513533	0.0	1.0	1.0	-0.0	0.16268717222504145	-1.2404808656513533
54200000	3.773439012375476	0.33145853765176175	-1.1547707575832742	0.0	1.0	1.0	0.0	0.33145853765176175	-1.1547707575832742
54250000	-2.708154364949395	0.46978136063417336	-0.9878101767420138	0.0	1.0	1.0	-0.0	0.46978136063417336	-0.9878101767420138
54300000	-2.5862976098093977	0.4528544098909604	-1.2015306987708292	0.0	1.0	1.0	-0.0	0.4528544098909604	-1.2015306987708292
54350000	1.3517651692640156	0.3279927824268727	-1.066456696393721	0.0	1.0	1.0	0.0	0.3279927824268727	-1.066456696393721
54400000	-3.5693462211416547	0.46523893491990936	-1.0595116714907913	0.0	1.0	1.0	-0.0	0.46523893491990936	-1.0595116714907913
54450000	-0.2812270871691902	0.3994168538830585	-1.1417003288312924	0.0	1.0	1.0	-0.0	0.3994168538830585	-1.1417003288312924
54500000	0.8956252653747052	0.36085572847483	-1.1412638043973329	0.0	1.0	1.0	0.0	0.36085572847483	-1.1412638043973329
54550000	-2.7383455490824025	0.47942955504767576	-1.1515478790802918	0.0	1.0	1.0	-0.0	0.47942955504767576	-1.1515478790802918
54600000	-2.2679152065167094	-1.8624316367001865	-1.1069101591280661	0.0	0.0	1.0	-0.0	-0.0	-1.1069101591280661
54650000	-0.28218535758481944	1.2949959356423393	-1.1087136292182216	0.0	0.0	1.0	-0.0	0.0	-1.1087136292182216
54700000	-1.1539723609352976	-1.8136543789741286	-1.1533531767731524	0.0	0.0	1.0	-0.0	-0.0	-1.1533531767731524
54750000	-3.8171664028665067	0.4191670027783633	-1.0720136164225949	0.0	1.0	1.0	-0.0	0.4191670027783633	-1.0720136164225949
54800000	-0.10862540059094661	0.369919114403148	-1.058369559721061	0.0	1.0	1.0	-0.0	0.369919114403148	-1.058369559721061
54850000	-2.3875796924680235	0.33900972280173775	-1.0619772397812126	0.0	1.0	1.0	-0.0	0.33900972280173775	-1.0619772397812126
54900000	-0.931055046880536	0.41374769163703934	-1.0460598875068412	0.0	1.0	1.0	-0.0	0.41374769163703934	-1.0460598875068412
54950000	-5.276006320546834	0.3626495417120715	-0.8927007460882543	0.0	1.0	1.0	-0.0	0.3626495417120715	-0.8927007460882543
55000000	-3.6962776803725723	0.42299688061198143	-1.1823221971343583	0.0	1.0	1.0	-0.0	0.42299688061198143	-1.1823221971343583
55050000	-0.7036475732238088	0.28747808963560373	-1.0515274428505783	0.0	1.0	1.0	-0.0	0.28747808963560373	-1.0515274428505783
55100000	-1.888244290258888	0.49726481086941066	-1.1639127577618789	0.0	1.0	1.0	-0.0	0.49726481086941066	-1.1639127577618789
55150000	-1.219913943959153	0.543255682590819	-1.1610190881648066	0.0	1.0	1.0	-0.0	0.543255682590819	-1.1610190881648066
55200000	4.3802367113212926	0.28753162545883026	-1.1002343381261719	0.0	1.0	1.0	0.0	0.28753162545883026	-1.1002343381261719
55250000	-2.771176866500903	0.45223102746677346	-1.2306541818222687	0.0	1.0	1.0	-0.0	0.45223102746677346	-1.2306541818222687
55300000	-4.196244631860956	0.25419559328739294	-1.0019699453652358	0.0	1.0	1.0	-0.0	0.25419559328739294	-1.0019699453652358
55350000	2.1514557513510364	0.19272559310500503	-1.204507623523669	0.0	1.0	1.0	0.0	0.19272559310500503	-1.204507623523669
55400000	0.43488076799838393	0.5281672619804603	-1.0304007848383054	0.0	1.0	1.0	0.0	0.5281672619804603	-1.0304007848383054
55450000	0.9262817555134581	-2.3237372600940422	-1.172252348586853	0.0	0.0	1.0	0.0	-0.0	-1.172252348586853
55500000	-0.7414723150661066	0.4341126718654233	-1.1472609350831862	0.0	1.0	1.0	-0.0	0.4341126718654233	-1.1472609350831862
55550000	-3.4992309771025987	0.3816605353746193	-1.0851928741619628	0.0	1.0	1.0	-0.0	0.3816605353746193	-1.0851928741619628
55600000	0.0840471843239654	0.3107143594089036	-1.2518414902058934	0.0	1.0	1.0	0.0	0.3107143594089036	-1.2518414902058934
55650000	-0.5917746742195619	-5.069013225200129	-1.1215789983711222	0.0	0.0	1.0	-0.0	-0.0	-1.1215789983711222
55700000	-0.5992038704029845	0.35380324256454365	-1.0155763123611545	0.0	1.0	1.0	-0.0	0.35380324256454365	-1.0155763123611545
55750000	-1.721731775967279	-2.4280473287719078	-1.3142795260995128	0.0	0.0	1.0	-0.0	-0.0	-1.3142795260995128
55800000	-3.622261322487785	0.42465300952491025	-0.927133533559173	0.0	1.0	1.0	-0.0	0.42465300952491025	-0.927133533559173
55850000	-0.13002118110102656	0.3761400651088255	-1.1379654891070614	0.0	1.0	1.0	-0.0	0.3761400651088255	-1.1379654891070614
55900000	-0.7141585911412722	0.4611230831448489	-1.0338114072375517	0.0	1.0	1.0	-0.0	0.4611230831448489	-1.0338114072375517
55950000	1.8796598344404214	0.19470628471531912	-1.109937074644404	0.0	1.0	1.0	0.0	0.19470628471531912	-1.109937074644404
56000000	-2.5400323526765165	0.6149784865820679	-1.051041494120779	0.0	1.0	1.0	-0.0	0.6149784865820679	-1.051041494120779
56050000	2.0714568030883904	0.4142041999419577	-0.9852792839718724	0.0	1.0	1.0	0.0	0.4142041999419577	-0.9852792839718724
56100000	4.696936540094545	0.3230026930746501	-1.2398810151849788	0.0	1.0	1.0	0.0	0.3230026930746501	-1.2398810151849788
56150000	1.3463540955792939	0.3258307238694674	-1.0334781483810551	0.0	1.0	1.0	0.0	0.3258307238694674	-1.0334781483810551
56200000	-2.2880261911021007	0.33167336305311634	-1.02592000197868	0.0	1.0	1.0	-0.0	0.33167336305311634	-1.02592000197868
56250000	-0.9099550475481267	-1.6400619213515029	-1.1235241507696268	0.0	0.0	1.0	-0.0	-0.0	-1.1235241507696268
56300000	0.0678352542103327	0.3521268764335884	-1.134929029428953	1.0	1.0	1.0	0.0678352542103327	0.3521268764335884	-1.134929029428953
56350000	-0.33816520533175726	0.2805773495915659	-1.2797095934489515	0.0	1.0	1.0	-0.0	0.2805773495915659	-1.2797095934489515
56400000	3.2920051567111552	0.3896252407231127	-0.9963566123410983	0.0	1.0	1.0	0.0	0.3896252407231127	-0.9963566123410983
56450000	2.8624635851649085	0.4008863213669376	-1.0986569150646208	0.0	1.0	1.0	0.0	0.4008863213669376	-1.0986569150646208
56500000	2.134613155684675	0.3398810597511816	-1.1617279593430399	0.0	1.0	1.0	0.0	0.3398810597511816	-1.1617279593430399
56550000	-2.389295695389781	0.19665023479152416	-1.2562726344014818	0.0	1.0	1.0	-0.0	0.19665023479152416	-1.2562726344014818
56600000	-2.2142977721803963	0.4579816394409628	-1.1154349749244021	0.0	1.0	1.0	-0.0	0.4579816394409628	-1.1154349749244021
56650000	-0.2133884803039007	0.18111237988927315	-1.158584402322567	0.0	1.0	1.0	-0.0	0.18111237988927315	-1.158584402322567
56700000	1.3481308439376274	0.34175159441346686	-0.9744905537191175	0.0	1.0	1.0	0.0	0.34175159441346686	-0.9744905537191175
56750000	-1.485189043086743	0.44028675139870826	-1.088231841906612	0.0	1.0	1.0	-0.0	0.44028675139870826	-1.088231841906612
56800000	-0.13743404188109554	0.41229018919069743	-1.1274217998132792	0.0	1.0	1.0	-0.0	0.41229018919069743	-1.1274217998132792
56850000	-1.4906701943021359	0.18572325753944322	-1.2061716220830185	0.0	1.0	1.0	-0.0	0.18572325753944322	-1.2061716220830185
56900000	0.6693390727984044	-1.9492664439181075	-1.0161841249298547	0.0	0.0	1.0	0.0	-0.0	-1.0161841249298547
56950000	-0.9645365423427869	3.000213485654774	-1.1236458567312533	0.0	0.0	1.0	-0.0	0.0	-1.1236458567312533
57000000	-0.6095604572692945	0.5444600466361751	-0.9850590607201487	0.0	1.0	1.0	-0.0	0.5444600466361751	-0.9850590607201487
57050000	-0.3698190321191666	0.5449927619696497	-1.1585739936631667	0.0	1.0	1.0	-0.0	0.5449927619696497	-1.1585739936631667
57100000	1.6758084682681462	0.5163391018304092	-1.1718123022824236	0.0	1.0	1.0	0.0	0.5163391018304092	-1.1718123022824236
57150000	4.0061404430934004	0.4274980957940617	-1.1149117932849624	0.0	1.0	1.0	0.0	0.4274980957940617	-1.1149117932849624
57200000	-0.01879981976627694	0.35801883159671083	-1.0874578624939044	1.0	1.0	1.0	-0.01879981976627694	0.35801883159671083	-1.0874578624939044
57250000	1.5757266523869229	0.28626755974544477	-1.173899634651048	0.0	0.0	1.0	0.0	0.0	-1.173899634651048
57300000	-0.6764293362890821	0.4186154728946615	-0.9864243930486434	0.0	1.0	1.0	-0.0	0.4186154728946615	-0.9864243930486434
57350000	1.8878772309687564	0.034971677382248295	-1.3185669622917306	0.0	0.0	1.0	0.0	0.0	-1.3185669622917306
57400000	2.447353067666961	0.5275873990774561	-0.9504540503061225	0.0	1.0	1.0	0.0	0.5275873990774561	-0.9504540503061225
57450000	-0.7282762119868665	0.4129955868217554	-1.0624915205924959	0.0	1.0	1.0	-0.0	0.4129955868217554	-1.0624915205924959
57500000	-1.56400326767045	0.5844189565277892	-0.9954999223374784	0.0	1.0	1.0	-0.0	0.5844189565277892	-0.9954999223374784
57550000	2.58496554137656	0.2850037842554567	-1.055556455770648	0.0	1.0	1.0	0.0	0.2850037842554567	-1.055556455770648
57600000	-1.7234941823581433	1.278678497084461	-1.2024901298883863	0.0	0.0	1.0	-0.0	0.0	-1.2024901298883863
57650000	3.699101898183598	0.2326922252882906	-1.2022545914874199	0.0	1.0	1.0	0.0	0.2326922252882906	-1.2022545914874199
57700000	-1.4215152136029692	0.368635465373009	-1.14136077409325	0.0	1.0	1.0	-0.0	0.368635465373009	-1.14136077409325
57750000	-3.801586995639416	0.4228715321415947	-1.2436850169207494	0.0	1.0	1.0	-0.0	0.4228715321415947	-1.2436850169207494
57800000	-3.880919129356797	0.383528286256944	-0.9262104346586402	0.0	1.0	1.0	-0.0	0.383528286256944	-0.9262104346586402
57850000	-2.856354226474593	0.4274980151718709	-1.1985639482520412	0.0	1.0	1.0	-0.0	0.4274980151718709	-1.1985639482520412
57900000	1.102201399928874	0.19776176323665387	-1.027852113758925	0.0	1.0	1.0	0.0	0.19776176323665387	-1.027852113758925
57950000	-3.4253149681563078	1.5233076982583122	-1.1465412119541678	0.0	0.0	1.0	-0.0	0.0	-1.1465412119541678
58000000	-0.8406000959854569	0.6031119087811297	-1.0232251358894744	0.0	1.0	1.0	-0.0	0.6031119087811297	-1.0232251358894744
58050000	-0.17867926488794872	0.3427000662136676	-1.0148505868757831	0.0	1.0	1.0	-0.0	0.3427000662136676	-1.0148505868757831
58100000	-1.8090471931905583	0.4515973501359405	-1.04153698025101	0.0	1.0	1.0	-0.0	0.4515973501359405	-1.04153698025101
58150000	1.5360435724426544	0.4083507691666228	-1.069193975149939	0.0	1.0	1.0	0.0	0.4083507691666228	-1.069193975149939
58200000	0.4338216308943852	0.39563748512361924	-1.1498092696599422	0.0	1.0	1.0	0.0	0.39563748512361924	-1.1498092696599422
58250000	-1.4718521047015203	-1.3486512533161323	-1.1925773905853911	0.0	0.0	1.0	-0.0	-0.0	-1.1925773905853911
58300000	-2.516728689353832	0.5929821311385768	-1.1779494849846355	0.0	1.0	1.0	-0.0	0.5929821311385768	-1.1779494849846355
58350000	-1.0730570047559704	0.5417286868207116	-1.0020713962380332	0.0	1.0	1.0	-0.0	0.5417286868207116	-1.0020713962380332
58400000	2.4662305382296066	0.27230464583454655	-1.0979052451982623	0.0	1.0	1.0	0.0	0.27230464583454655	-1.0979052451982623
58450000	0.1626480708954885	0.39951995782795896	-1.0812027435684284	0.0	1.0	1.0	0.0	0.39951995782795896	-1.0812027435684284
58500000	-1.9649686750188495	0.2985113652817223	-1.0613818980380816	0.0	1.0	1.0	-0.0	0.2985113652817223	-1.0613818980380816
58550000	1.5651133260394157	0.476529285923273	-1.0151315498602012	0.0	1.0	1.0	0.0	0.476529285923273	-1.0151315498602012
58600000	-0.6121223403768984	0.2913933276218919	-1.0522733179624413	0.0	1.0	1.0	-0.0	0.2913933276218919	-1.0522733179624413
58650000	1.1125064128169933	0.35424592385955384	-1.1422205313883247	0.0	1.0	1.0	0.0	0.35424592385955384	-1.1422205313883247
58700000	0.6721144782141385	0.25813067187679767	-1.0658970957459355	0.0	1.0	1.0	0.0	0.25813067187679767	-1.0658970957459355
58750000	0.2154582159338252	0.6069747200533477	-1.0684251280897188	0.0	1.0	1.0	0.0	0.6069747200533477	-1.0684251280897188
58800000	-0.05213747152726595	0.3011753413932023	-1.0641398075080941	0.0	1.0	1.0	-0.0	0.3011753413932023	-1.0641398075080941
58850000	4.423217096342642	0.3419179529637045	-1.0998165517502656	0.0	1.0	1.0	0.0	0.3419179529637045	-1.0998165517502656
58900000	0.8475440348766313	0.5012801960228324	-1.1217776402401958	0.0	1.0	1.0	0.0	0.5012801960228324	-1.1217776402401958
58950000	-2.030401230205099	0.3257076810104108	-1.1321313724606965	0.0	1.0	1.0	-0.0	0.3257076810104108	-1.1321313724606965
59000000	0.2086456450269007	0.31657608407987703	-1.0934541518542895	1.0	1.0	1.0	0.2086456450269007	0.31657608407987703	-1.0934541518542895
59050000	0.6076725202325639	0.41869147698910425	-1.1650638357990404	0.0	1.0	1.0	0.0	0.41869147698910425	-1.1650638357990404
59100000	-0.008731493122408063	0.3120335150649274	-1.0907051945056863	1.0	1.0	1.0	-0.008731493122408063	0.3120335150649274	-1.0907051945056863
59150000	3.6173994330255725	0.19404170487343445	-1.0431629119694918	0.0	1.0	1.0	0.0	0.19404170487343445	-1.0431629119694918
59200000	0.02909647828737949	0.11747222538136651	-1.0564277596279927	1.0	1.0	1.0	0.02909647828737949	0.11747222538136651	-1.0564277596279927
59250000	-0.8128781013611264	0.18058918918757316	-1.217564099893149	0.0	1.0	1.0	-0.0	0.18058918918757316	-1.217564099893149
59300000	2.3749851354831786	0.19814565224260786	-1.0487660437494741	0.0	1.0	1.0	0.0	0.19814565224260786	-1.0487660437494741
59350000	-1.4255681405386251	0.3539383225543646	-0.9971860061364772	0.0	1.0	1.0	-0.0	0.3539383225543646	-0.9971860061364772
59400000	-1.2359086728418724	0.5333765711326175	-0.9774062333257995	0.0	1.0	1.0	-0.0	0.5333765711326175	-0.9774062333257995
59450000	-1.042427415457944	0.34600566352725165	-1.0526424694905812	0.0	1.0	1.0	-0.0	0.34600566352725165	-1.0526424694905812
59500000	1.0659517191801313	0.35845797836392124	-1.0283489553610459	0.0	1.0	1.0	0.0	0.35845797836392124	-1.0283489553610459
59550000	-2.4532254123163995	0.3974033843808973	-1.0506224186002586	0.0	1.0	1.0	-0.0	0.3974033843808973	-1.0506224186002586
59600000	-0.7888345055136148	0.4416432370934416	-1.1322002886963565	0.0	1.0	1.0	-0.0	0.4416432370934416	-1.1322002886963565
59650000	-4.705604998398746	0.40649116303162636	-1.1456042092022196	0.0	1.0	1.0	-0.0	0.40649116303162636	-1.1456042092022196
59700000	-0.05966532080135821	0.3956032823171739	-1.0841912034042123	0.0	1.0	1.0	-0.0	0.3956032823171739	-1.0841912034042123
59750000	1.0723697117109534	0.5725270851184544	-1.1399394867565165	0.0	1.0	1.0	0.0	0.5725270851184544	-1.1399394867565165
59800000	-2.1538438125714428	0.37160417339134133	-1.0778765936207513	0.0	1.0	1.0	-0.0	0.37160417339134133	-1.0778765936207513
59850000	-5.172505302935329	0.31952982001797514	-1.0911508174272488	0.0	1.0	1.0	-0.0	0.31952982001797514	-1.0911508174272488
59900000	-0.3929439567625757	0.29119919514999365	-1.1432119402362937	0.0	1.0	1.0	-0.0	0.29119919514999365	-1.1432119402362937
59950000	0.7173696838624826	0.25163665176740685	-1.1846716459753728	0.0	1.0	1.0	0.0	0.25163665176740685	-1.1846716459753728
60000000	1.8580278256694316	0.390859532338	-1.1044355167598674	0.0	1.0	1.0	0.0	0.390859532338	-1.1044355167598674
60050000	-0.376913213440668	0.5521113404742324	-1.1326271816281284	0.0	1.0	1.0	-0.0	0.5521113404742324	-1.1326271816281284
60100000	-2.1159271237976074	3.314044416656724	-1.1929332188644206	0.0	0.0	1.0	-0.0	0.0	-1.1929332188644206
60150000	3.813980896662306	0.4045171699426836	-1.0588567323418554	0.0	1.0	1.0	0.0	0.4045171699426836	-1.0588567323418554
60200000	1.7176798218702949	0.41240577641933085	-1.1723625998091405	0.0	1.0	1.0	0.0	0.41240577641933085	-1.1723625998091405
60250000	0.18079133226863794	0.4016030322549891	-1.0247105918003712	0.0	1.0	1.0	0.0	0.4016030322549891	-1.0247105918003712
60300000	4.2672912200982305	0.1451307367942342	-1.0272819206222743	0.0	1.0	1.0	0.0	0.1451307367942342	-1.0272819206222743
60350000	3.6076141794844787	0.40461159632299915	-1.1982973032971418	0.0	1.0	1.0	0.0	0.40461159632299915	-1.1982973032971418
60400000	3.779954430936417	0.2222553305986132	-1.0159687444208567	0.0	1.0	1.0	0.0	0.2222553305986132	-1.0159687444208567
60450000	3.272232774792012	0.3704405651610898	-0.970424877007204	0.0	1.0	1.0	0.0	0.3704405651610898	-0.970424877007204
60500000	1.379482818890794	0.494421529023712	-1.0560279106670354	0.0	1.0	1.0	0.0	0.494421529023712	-1.0560279106670354
60550000	-2.727640779000777	0.5159166352115572	-0.9588803657286407	0.0	1.0	1.0	-0.0	0.5159166352115572	-0.9588803657286407
60600000	0.12820561052109822	0.37716983820805106	-1.1282537819989213	1.0	1.0	1.0	0.12820561052109822	0.37716983820805106	-1.1282537819989213
60650000	-3.562602619417993	0.560721560832986	-1.174962921320268	0.0	1.0	1.0	-0.0	0.560721560832986	-1.174962921320268
60700000	0.9450498824022727	0.4433621386597925	-1.3825122005018509	0.0	1.0	1.0	0.0	0.4433621386597925	-1.3825122005018509
60750000	-0.24025606201747093	-1.1203238080898945	-1.3466563580347286	0.0	0.0	1.0	-0.0	-0.0	-1.3466563580347286
60800000	-2.8012311071590488	0.4580001336655089	-1.1400484521585457	0.0	1.0	1.0	-0.0	0.4580001336655089	-1.1400484521585457
60850000	1.363253219355618	0.3972877729543274	-1.1268253972085764	0.0	1.0	1.0	0.0	0.3972877729543274	-1.1268253972085764
60900000	-0.18139555652281425	-0.7029253571307049	-1.1801834328883087	0.0	0.0	1.0	-0.0	-0.0	-1.1801834328883087
60950000	2.542007084617674	0.3885256924523209	-0.9956939028659597	0.0	1.0	1.0	0.0	0.3885256924523209	-0.9956939028659597
61000000	-1.0062473311199598	0.339883233208801	-1.1851596410509857	0.0	1.0	1.0	-0.0	0.339883233208801	-1.1851596410509857
61050000	-2.1617999097238876	0.46204573267942917	-0.8781385620685325	0.0	1.0	1.0	-0.0	0.46204573267942917	-0.8781385620685325
61100000	1.5140693722553622	0.514024940223351	-1.057093169192614	0.0	1.0	1.0	0.0	0.514024940223351	-1.057093169192614
61150000	-0.6961776588757842	0.3285459673932558	-1.1450125891700798	0.0	1.0	1.0	-0.0	0.3285459673932558	-1.1450125891700798
61200000	4.048740803254651	0.12474756581722388	-1.2110601156388836	0.0	1.0	1.0	0.0	0.12474756581722388	-1.2110601156388836
61250000	0.9373408452140074	0.25570140762154964	-1.251836306894337	0.0	1.0	1.0	0.0	0.25570140762154964	-1.251836306894337
61300000	-3.043342913174665	0.2371319804546774	-1.0971829608978905	0.0	0.0	1.0	-0.0	0.0	-1.0971829608978905
61350000	1.2531287971365819	0.3125329002886912	-1.0717872298041156	0.0	1.0	1.0	0.0	0.3125329002886912	-1.0717872298041156
61400000	-0.9628162397206745	0.516116360609671	-0.9849382153125393	0.0	1.0	1.0	-0.0	0.516116360609671	-0.9849382153125393
61450000	2.7770557925840706	0.2366332740631136	-0.9936852336111166	0.0	1.0	1.0	0.0	0.2366332740631136	-0.9936852336111166
61500000	-3.44728976965032	0.439939112141246	-1.0226077389507089	0.0	1.0	1.0	-0.0	0.439939112141246	-1.0226077389507089
61550000	2.3574721751077847	0.33871790901848725	-1.1066106007073604	0.0	1.0	1.0	0.0	0.33871790901848725	-1.1066106007073604
61600000	-0.1073365909980728	0.48226075767564314	-1.189071596261874	0.0	1.0	1.0	-0.0	0.48226075767564314	-1.189071596261874
61650000	1.385003446389333	0.48901885271578527	-1.0561854575953329	0.0	1.0	1.0	0.0	0.48901885271578527	-1.0561854575953329
61700000	0.874904019241201	0.5438551797665953	-1.025320280711578	0.0	1.0	1.0	0.0	0.5438551797665953	-1.025320280711578
61750000	-1.2292844399583382	0.45220244300875145	-0.9031055816781449	0.0	1.0	1.0	-0.0	0.45220244300875145	-0.9031055816781449
61800000	-0.8757271359167419	-0.598481570374318	-1.1440780948940268	0.0	0.0	1.0	-0.0	-0.0	-1.1440780948940268
61850000	0.03687168899245281	0.3372541983643904	-1.1484793565930862	0.0	1.0	1.0	0.0	0.3372541983643904	-1.1484793565930862
61900000	-2.5120168474984355	0.2254507639172036	-1.1495382549316413	0.0	1.0	1.0	-0.0	0.2254507639172036	-1.1495382549316413
61950000	-0.5745254792472081	0.5599064388321433	-1.0776927065515767	0.0	1.0	1.0	-0.0	0.5599064388321433	-1.0776927065515767
62000000	0.4723580005744483	0.41277361240907323	-1.07267954236261	0.0	1.0	1.0	0.0	0.41277361240907323	-1.07267954236261
62050000	-3.817389659550935	0.31825790097358064	-1.0136608569401997	0.0	1.0	1.0	-0.0	0.31825790097358064	-1.0136608569401997
62100000	1.4246839367776947	0.3699503721688168	-1.0861182968113803	0.0	1.0	1.0	0.0	0.3699503721688168	-1.0861182968113803
62150000	-1.818929693143456	0.2693942184175381	-1.1787757924309474	0.0	1.0	1.0	-0.0	0.2693942184175381	-1.1787757924309474
62200000	-2.7503368059648343	0.34270410400505	-1.0652721114201618	0.0	1.0	1.0	-0.0	0.34270410400505	-1.0652721114201618
62250000	-1.2530871259024101	0.47619564041481593	-1.0184997838096	0.0	1.0	1.0	-0.0	0.47619564041481593	-1.0184997838096
62300000	1.8997890573097316	0.28593050866023256	-1.1713877073446777	0.0	1.0	1.0	0.0	0.28593050866023256	-1.1713877073446777
62350000	-5.717006914234475	0.4022000754206625	-1.1393374881060385	0.0	1.0	1.0	-0.0	0.4022000754206625	-1.1393374881060385
62400000	1.1617597087914302	0.4763630271355739	-1.019734880132733	0.0	1.0	1.0	0.0	0.4763630271355739	-1.019734880132733
62450000	-3.3711622666419068	0.30554610304006896	-1.0924133477964628	0.0	1.0	1.0	-0.0	0.30554610304006896	-1.0924133477964628
62500000	0.1826526696586116	0.3120308052561651	-1.0734984787005042	0.0	1.0	1.0	0.0	0.3120308052561651	-1.0734984787005042
62550000	-0.5658839644604784	0.2781802127634112	-0.9281591576504948	0.0	1.0	1.0	-0.0	0.2781802127634112	-0.9281591576504948
62600000	-1.8788603458511197	-1.3181243057427285	-1.2700424639115258	0.0	0.0	1.0	-0.0	-0.0	-1.2700424639115258
62650000	2.1317614578163715	0.38784453020851306	-1.0218339903234632	0.0	1.0	1.0	0.0	0.38784453020851306	-1.0218339903234632
62700000	-0.18989102935258528	0.4131526853582856	-1.1005345589362907	0.0	1.0	1.0	-0.0	0.4131526853582856	-1.1005345589362907
62750000	-2.931618397622039	0.36283132451294037	-1.0951806910285515	0.0	1.0	1.0	-0.0	0.36283132451294037	-1.0951806910285515
62800000	-2.301564238525422	0.39208591641981505	-1.2327608207016125	0.0	1.0	1.0	-0.0	0.39208591641981505	-1.2327608207016125
62850000	1.96151300604773	0.3473606412296715	-1.194489665782115	0.0	1.0	1.0	0.0	0.3473606412296715	-1.194489665782115
62900000	-1.002568787503282	0.5404459356151144	-1.0788749634333328	0.0	1.0	1.0	-0.0	0.5404459356151144	-1.0788749634333328
62950000	-4.9576490651338405	0.5135420846277878	-1.1417345651120405	0.0	1.0	1.0	-0.0	0.5135420846277878	-1.1417345651120405
63000000	3.902126255828696	0.616338709712248	-1.0192579930255505	0.0	1.0	1.0	0.0	0.616338709712248	-1.0192579930255505
63050000	2.5515638528406557	0.3252044524295968	-1.1209136695835773	0.0	1.0	1.0	0.0	0.3252044524295968	-1.1209136695835773
63100000	0.09950825955339748	0.3775412521832095	-0.9998267636563396	1.0	1.0	1.0	0.09950825955339748	0.3775412521832095	-0.9998267636563396
63150000	1.14396393376992	0.474580011542938	-1.0779175009903068	0.0	1.0	1.0	0.0	0.474580011542938	-1.0779175009903068
63200000	1.2125514386169267	0.4293004304621996	-1.1588189451858861	0.0	1.0	1.0	0.0	0.4293004304621996	-1.1588189451858861
63250000	-2.1238407878595087	0.551324044276948	-1.1556695334168907	0.0	1.0	1.0	-0.0	0.551324044276948	-1.1556695334168907
63300000	-0.39923298550344954	0.19771061840509954	-1.1996370605357172	0.0	1.0	1.0	-0.0	0.19771061840509954	-1.1996370605357172
63350000	0.18676775454139363	0.3010550237556044	-1.0789550496763922	1.0	1.0	1.0	0.18676775454139363	0.3010550237556044	-1.0789550496763922
63400000	1.1226829364342312	0.5699589489129945	-1.1409430553158668	0.0	1.0	1.0	0.0	0.5699589489129945	-1.1409430553158668
63450000	2.795629237956482	0.5041985985744101	-1.057078384384487	0.0	1.0	1.0	0.0	0.5041985985744101	-1.057078384384487
63500000	1.7688042599326612	0.23184454815534664	-1.146460685304545	0.0	1.0	1.0	0.0	0.23184454815534664	-1.146460685304545
63550000	-0.05899799856904864	0.35297744268655346	-0.9914684125759782	0.0	1.0	1.0	-0.0	0.35297744268655346	-0.9914684125759782
63600000	-0.06825203286466551	0.21729413952069934	-1.0811642991698889	0.0	1.0	1.0	-0.0	0.21729413952069934	-1.0811642991698889
63650000	1.488185161670058	0.5595687622515918	-1.1082198445815734	0.0	1.0	1.0	0.0	0.5595687622515918	-1.1082198445815734
63700000	1.2027168956272813	0.3607795484385962	-0.9740440841303707	0.0	1.0	1.0	0.0	0.3607795484385962	-0.9740440841303707
63750000	-1.3960299310251556	0.42928819841060456	-1.0824488545559543	0.0	1.0	1.0	-0.0	0.42928819841060456	-1.0824488545559543
63800000	-0.7030907899340336	0.5500886004162246	-0.9259055502706279	0.0	1.0	1.0	-0.0	0.5500886004162246	-0.9259055502706279
63850000	-1.8255851788571813	0.3669539758038837	-1.0331724282433727	0.0	1.0	1.0	-0.0	0.3669539758038837	-1.0331724282433727
63900000	-1.349886026833082	0.48637436697843917	-1.1849667515305211	0.0	1.0	1.0	-0.0	0.48637436697843917	-1.1849667515305211
63950000	-1.9784483874746217	0.28200673840185125	-1.2408676189754337	0.0	1.0	1.0	-0.0	0.28200673840185125	-1.2408676189754337
64000000	-1.6124960020700825	0.427016278562854	-1.0485630764066194	0.0	1.0	1.0	-0.0	0.427016278562854	-1.0485630764066194
64050000	1.2555790310844928	0.6009870460924074	-1.0556404512078126	0.0	1.0	1.0	0.0	0.6009870460924074	-1.0556404512078126
64100000	-1.1249152261983493	0.38755320798668336	-1.1353896548530282	0.0	1.0	1.0	-0.0	0.38755320798668336	-1.1353896548530282
64150000	-3.243749149216864	0.46081086962229506	-0.8668656777319311	0.0	1.0	1.0	-0.0	0.46081086962229506	-0.8668656777319311
64200000	-3.751789253191891	0.13917096259720613	-1.1803844709823452	0.0	1.0	1.0	-0.0	0.13917096259720613	-1.1803844709823452
64250000	-3.046302647066948	0.034685448035112865	-1.1768984089466412	0.0	0.0	1.0	-0.0	0.0	-1.1768984089466412
64300000	-2.0346533732904226	0.43648826793590095	-1.1483140598638861	0.0	1.0	1.0	-0.0	0.43648826793590095	-1.1483140598638861
64350000	2.7446224457280506	0.4904220368776495	-1.088535795116872	0.0	0.0	1.0	0.0	0.0	-1.088535795116872
64400000	4.915477680456676	0.33768748408974825	-1.1198958729579274	0.0	1.0	1.0	0.0	0.33768748408974825	-1.1198958729579274
64450000	0.9746693514965231	0.10905141064380525	-1.183750763168167	0.0	1.0	1.0	0.0	0.10905141064380525	-1.183750763168167
64500000	-1.5596748522085764	0.4351040814013099	-1.1437456114268827	0.0	1.0	1.0	-0.0	0.4351040814013099	-1.1437456114268827
64550000	-1.7682939151966404	0.29931748863209545	-0.948704319380946	0.0	1.0	1.0	-0.0	0.29931748863209545	-0.948704319380946
64600000	0.6401193056090091	0.25427812816032064	-1.075771195179419	0.0	1.0	1.0	0.0	0.25427812816032064	-1.075771195179419
64650000	1.314118199097502	0.5060483111190164	-1.0879578282539402	0.0	1.0	1.0	0.0	0.5060483111190164	-1.0879578282539402
64700000	-2.8181770246455455	0.23532166880432379	-1.211969350043373	0.0	1.0	1.0	-0.0	0.23532166880432379	-1.211969350043373
64750000	-2.97698113290743	0.432870583961447	-0.8939663931128947	0.0	1.0	1.0	-0.0	0.432870583961447	-0.8939663931128947
64800000	-1.3373737120096967	0.4275415991724382	-1.0736667184850666	0.0	1.0	1.0	-0.0	0.4275415991724382	-1.0736667184850666
64850000	-0.2549563880884743	0.4281085659462886	-1.1343874376375322	0.0	1.0	1.0	-0.0	0.4281085659462886	-1.1343874376375322
64900000	-2.647990400544952	0.29887721822422675	-1.2106746778967372	0.0	1.0	1.0	-0.0	0.29887721822422675	-1.2106746778967372
64950000	0.9721387102168504	0.47200328872587516	-1.0870732983003542	0.0	1.0	1.0	0.0	0.47200328872587516	-1.0870732983003542
65000000	-0.44327258258099045	-2.0467440711504787	-1.0615034305939453	0.0	0.0	1.0	-0.0	-0.0	-1.0615034305939453
65050000	0.9038868674902119	0.22574822861374644	-0.9938060710606526	0.0	1.0	1.0	0.0	0.22574822861374644	-0.9938060710606526
65100000	0.49331490256700516	0.5529367954650906	-1.074717555034096	0.0	1.0	1.0	0.0	0.5529367954650906	-1.074717555034096
65150000	3.660409254339353	0.4261989531516661	-1.0111595398375643	0.0	1.0	1.0	0.0	0.4261989531516661	-1.0111595398375643
65200000	-0.3520673837910935	0.45720173406073256	-1.0685735991970127	0.0	1.0	1.0	-0.0	0.45720173406073256	-1.0685735991970127
65250000	1.3742610076796973	0.3977809632129352	-0.9917890525118049	0.0	1.0	1.0	0.0	0.3977809632129352	-0.9917890525118049
65300000	1.7181897223002318	0.39123150826488273	-1.1375419193325218	0.0	1.0	1.0	0.0	0.39123150826488273	-1.1375419193325218
65350000	1.6465004017273817	0.44112914211929877	-1.041222511376358	0.0	1.0	1.0	0.0	0.44112914211929877	-1.041222511376358
65400000	1.326921810129686	0.3354352470067986	-1.0490892444538877	0.0	1.0	1.0	0.0	0.3354352470067986	-1.0490892444538877
65450000	-2.1701279398052056	0.2729469023769951	-1.0785883340617988	0.0	1.0	1.0	-0.0	0.2729469023769951	-1.0785883340617988
65500000	0.9789720720269293	0.47861915400202926	-0.9596484884681696	0.0	1.0	1.0	0.0	0.47861915400202926	-0.9596484884681696
65550000	2.205079432727051	0.2796466907385206	-1.0437359528756225	0.0	1.0	1.0	0.0	0.2796466907385206	-1.0437359528756225
65600000	2.31746569098695	0.18793578966829327	-1.1521598336941328	0.0	1.0	1.0	0.0	0.18793578966829327	-1.1521598336941328
65650000	-3.3752454154032914	0.3294482290779144	-1.1548076022193565	0.0	1.0	1.0	-0.0	0.3294482290779144	-1.1548076022193565
65700000	1.6073579881421196	0.45479699267099155	-1.069118618799278	0.0	1.0	1.0	0.0	0.45479699267099155	-1.069118618799278
65750000	-2.9617426269947567	0.42304747756054856	-1.2275063034751725	0.0	0.0	1.0	-0.0	0.0	-1.2275063034751725
65800000	3.544959787021301	0.36028637800288243	-1.2075801626155365	0.0	1.0	1.0	0.0	0.36028637800288243	-1.2075801626155365
65850000	-1.923100526069382	2.12770438615294	-1.110447947397429	0.0	0.0	1.0	-0.0	0.0	-1.110447947397429
65900000	-1.3835358862050648	0.40859355440527567	-1.1434795751027422	0.0	1.0	1.0	-0.0	0.40859355440527567	-1.1434795751027422
65950000	5.173707154136525	0.42707885193281364	-1.1236414436671678	0.0	1.0	1.0	0.0	0.42707885193281364	-1.1236414436671678
66000000	-0.9532087980973454	0.5594177446846494	-0.9225968958854059	0.0	1.0	1.0	-0.0	0.5594177446846494	-0.9225968958854059
66050000	1.0154544102063618	0.25143734961764164	-1.0715259684086156	0.0	1.0	1.0	0.0	0.25143734961764164	-1.0715259684086156
66100000	-2.1513945035259194	0.3205315732702772	-1.2086978071611139	0.0	1.0	1.0	-0.0	0.3205315732702772	-1.2086978071611139
66150000	5.031574229746937	0.32026968124224603	-1.066735821403407	0.0	1.0	1.0	0.0	0.32026968124224603	-1.066735821403407
66200000	3.566102377027087	0.08314453014620302	-1.0281426627190826	0.0	0.0	1.0	0.0	0.0	-1.0281426627190826
66250000	2.2099302059654056	-2.984617260418603	-1.2977408380685347	0.0	0.0	1.0	0.0	-0.0	-1.2977408380685347
66300000	3.333406517378219	0.44481252475265043	-1.0580856859630643	0.0	1.0	1.0	0.0	0.44481252475265043	-1.0580856859630643
66350000	2.373687301318218	0.318386620825775	-1.0186631177619747	0.0	1.0	1.0	0.0	0.318386620825775	-1.0186631177619747
66400000	-0.884299452920717	0.3644723723366039	-1.0998456656956799	0.0	1.0	1.0	-0.0	0.3644723723366039	-1.0998456656956799
66450000	1.5414858690818987	0.3349414128802195	-0.9788015124169828	0.0	1.0	1.0	0.0	0.3349414128802195	-0.9788015124169828
66500000	0.07799377209836009	0.4147613050496167	-1.0120939624741683	1.0	1.0	1.0	0.07799377209836009	0.4147613050496167	-1.0120939624741683
66550000	2.550233514938711	0.42396597067504715	-1.1120067299207663	0.0	1.0	1.0	0.0	0.42396597067504715	-1.1120067299207663
66600000	-0.35771196308930486	0.4324689056270278	-1.12537062916978	0.0	1.0	1.0	-0.0	0.4324689056270278	-1.12537062916978
66650000	1.52567361158815	0.4969692561221471	-1.1665770476877804	0.0	1.0	1.0	0.0	0.4969692561221471	-1.1665770476877804
66700000	-3.3653387837439723	0.5867397911887864	-1.0360712319781458	0.0	1.0	1.0	-0.0	0.5867397911887864	-1.0360712319781458
66750000	1.706543286717063	0.34690184563613147	-1.0069953268499219	0.0	1.0	1.0	0.0	0.34690184563613147	-1.0069953268499219
66800000	-2.6296008051851794	0.31130651077247296	-1.2000835725420282	0.0	1.0	1.0	-0.0	0.31130651077247296	-1.2000835725420282
66850000	-1.5084249717489062	0.5177327296972561	-1.0514508843247254	0.0	1.0	1.0	-0.0	0.5177327296972561	-1.0514508843247254
66900000	2.8472584063963	0.3019891240616681	-1.0054498459871217	0.0	1.0	1.0	0.0	0.3019891240616681	-1.0054498459871217
66950000	0.17221071712682928	0.24514164078578107	-1.001257375937426	0.0	1.0	1.0	0.0	0.24514164078578107	-1.001257375937426
67000000	0.9041331067092595	0.5208385098375984	-1.1462402901289406	0.0	1.0	1.0	0.0	0.5208385098375984	-1.1462402901289406
67050000	1.7091134551413303	0.5233483002697126	-1.1717525317514488	0.0	1.0	1.0	0.0	0.5233483002697126	-1.1717525317514488
67100000	-0.5700118949193271	0.3560443056263874	-1.0890633001825722	0.0	1.0	1.0	-0.0	0.3560443056263874	-1.0890633001825722
67150000	-0.8364774329975202	-1.6857676762004767	-1.1283489680881602	0.0	0.0	1.0	-0.0	-0.0	-1.1283489680881602
67200000	-0.5212653605594193	0.2517150321746789	-1.1449538572223428	0.0	1.0	1.0	-0.0	0.2517150321746789	-1.1449538572223428
67250000	-2.336702076022395	0.29141074691588414	-1.1358501266115255	0.0	1.0	1.0	-0.0	0.29141074691588414	-1.1358501266115255
67300000	0.238829061327844	0.23205213048373796	-1.2812846309634556	0.0	1.0	1.0	0.0	0.23205213048373796	-1.2812846309634556
67350000	-1.071127703631342	-3.743640051655902	-1.330800902253293	0.0	0.0	1.0	-0.0	-0.0	-1.330800902253293
67400000	-0.5065462626781811	0.3126783447511146	-1.038209334879256	0.0	1.0	1.0	-0.0	0.3126783447511146	-1.038209334879256
67450000	1.1389411170981683	0.40206616776423887	-1.1536068768276426	0.0	1.0	1.0	0.0	0.40206616776423887	-1.1536068768276426
67500000	-2.137721332333323	0.31595952853405446	-1.0766515297251618	0.0	1.0	1.0	-0.0	0.31595952853405446	-1.0766515297251618
67550000	0.0995686801486052	0.5393164671359391	-0.9808336496278113	1.0	1.0	1.0	0.0995686801486052	0.5393164671359391	-0.9808336496278113
67600000	-0.8949541925616289	0.46884099669060403	-1.0406586809985292	0.0	1.0	1.0	-0.0	0.46884099669060403	-1.0406586809985292
67650000	0.1451407632156455	0.32943409570979726	-1.0729069750647267	1.0	1.0	1.0	0.1451407632156455	0.32943409570979726	-1.0729069750647267
67700000	2.788758170335126	0.17684780847059706	-1.3345183603295439	0.0	1.0	1.0	0.0	0.17684780847059706	-1.3345183603295439
67750000	-0.4982834634028241	0.2788639032814776	-1.1078290906931878	0.0	1.0	1.0	-0.0	0.2788639032814776	-1.1078290906931878
67800000	-3.957046438743221	0.4758035002700072	-1.0585821796210046	0.0	1.0	1.0	-0.0	0.4758035002700072	-1.0585821796210046
67850000	-0.1826505230757657	0.2737371040595075	-1.1077278130127954	0.0	1.0	1.0	-0.0	0.2737371040595075	-1.1077278130127954
67900000	-0.1482529991191699	0.4350231114760082	-1.095737786788711	0.0	1.0	1.0	-0.0	0.4350231114760082	-1.095737786788711
67950000	-1.9087181158514206	0.3454375300797333	-1.2431540155111958	0.0	1.0	1.0	-0.0	0.3454375300797333	-1.2431540155111958
68000000	2.6054062621290384	0.34717469135735224	-1.2182389993407112	0.0	1.0	1.0	0.0	0.34717469135735224	-1.2182389993407112
68050000	1.457862982616846	0.3351612482071321	-1.0092354415477696	0.0	1.0	1.0	0.0	0.3351612482071321	-1.0092354415477696
68100000	-0.14960757097497024	0.3773236721975439	-1.0856620762353422	0.0	1.0	1.0	-0.0	0.3773236721975439	-1.0856620762353422
68150000	-3.723188964804898	-1.082243603798963	-1.1319726457514223	0.0	0.0	1.0	-0.0	-0.0	-1.1319726457514223
68200000	2.4668830999860405	0.3434126251567451	-1.010083385857748	0.0	1.0	1.0	0.0	0.3434126251567451	-1.010083385857748
68250000	0.00440538814310365	0.6634427675615461	-1.042927286744396	0.0	1.0	1.0	0.0	0.6634427675615461	-1.042927286744396
68300000	0.0838111972000255	0.31209958621440703	-1.0525902788725447	0.0	1.0	1.0	0.0	0.31209958621440703	-1.0525902788725447
68350000	1.3713082112227308	0.5898301017138672	-0.8675734770585309	0.0	1.0	1.0	0.0	0.5898301017138672	-0.8675734770585309
68400000	-0.26154827297050165	0.3368363443397468	-1.0369708270570852	0.0	1.0	1.0	-0.0	0.3368363443397468	-1.0369708270570852
68450000	0.09356177550462486	0.25175771538977887	-1.0191538497691341	1.0	1.0	1.0	0.09356177550462486	0.25175771538977887	-1.0191538497691341
68500000	5.547905303280402	0.43722419156260484	-0.9265553466123455	0.0	1.0	1.0	0.0	0.43722419156260484	-0.9265553466123455
68550000	2.1752676619163225	0.42153456386069277	-1.0429813588012948	0.0	1.0	1.0	0.0	0.42153456386069277	-1.0429813588012948
68600000	0.9235527935406787	0.33592723505484234	-1.0257504056458935	0.0	1.0	1.0	0.0	0.33592723505484234	-1.0257504056458935
68650000	-0.350298620079881	0.5476655234484216	-1.0987540901681931	0.0	1.0	1.0	-0.0	0.5476655234484216	-1.0987540901681931
68700000	1.204613200892853	0.30085023772438596	-1.1640808336175466	0.0	1.0	1.0	0.0	0.30085023772438596	-1.1640808336175466
68750000	-3.3684648853626	0.45867570186727197	-1.1595089056520191	0.0	1.0	1.0	-0.0	0.45867570186727197	-1.1595089056520191
68800000	1.9019303109322436	0.34774913990999934	-0.9177979553121929	0.0	1.0	1.0	0.0	0.34774913990999934	-0.9177979553121929
68850000	2.3720034932702214	0.2471140798280726	-1.213269165126996	0.0	1.0	1.0	0.0	0.2471140798280726	-1.213269165126996
68900000	0.6712089665382257	0.3026219328464881	-0.9936404266512993	0.0	1.0	1.0	0.0	0.3026219328464881	-0.9936404266512993
68950000	1.0248276748120733	0.4413323253907033	-1.1125183392161648	0.0	1.0	1.0	0.0	0.4413323253907033	-1.1125183392161648
69000000	-0.25722921915362407	0.29370517216337855	-1.1926436461218028	0.0	1.0	1.0	-0.0	0.29370517216337855	-1.1926436461218028
69050000	-2.023817250203893	0.43773015952570865	-1.109561882355134	0.0	1.0	1.0	-0.0	0.43773015952570865	-1.109561882355134
69100000	2.005015762193563	0.4146148584086758	-1.0208495955315136	0.0	1.0	1.0	0.0	0.4146148584086758	-1.0208495955315136
69150000	1.4677567888202758	0.48982285720459856	-1.1472834218003007	0.0	1.0	1.0	0.0	0.48982285720459856	-1.1472834218003007
69200000	-1.9300630389508964	0.5266492880605899	-0.889801367320712	0.0	1.0	1.0	-0.0	0.5266492880605899	-0.889801367320712
69250000	0.08365627495900284	0.35528981353996275	-1.1196290079119997	0.0	1.0	1.0	0.0	0.35528981353996275	-1.1196290079119997
69300000	-2.7664525204550316	0.5814105078952004	-1.0967051344503604	0.0	1.0	1.0	-0.0	0.5814105078952004	-1.0967051344503604
69350000	0.7126943098734972	0.3644584643296521	-1.134046313160055	0.0	1.0	1.0	0.0	0.3644584643296521	-1.134046313160055
69400000	0.08304387875521162	0.2871507905466581	-1.141922348782934	1.0	1.0	1.0	0.08304387875521162	0.2871507905466581	-1.141922348782934
69450000	3.8570857759761954	0.1364627187399156	-1.1447132185488238	0.0	1.0	1.0	0.0	0.1364627187399156	-1.1447132185488238
69500000	1.9571355907221601	0.3197586277561593	-1.069818952480001	0.0	1.0	1.0	0.0	0.3197586277561593	-1.069818952480001
69550000	0.6060672595990546	0.3126771755597636	-0.9520561351995901	0.0	1.0	1.0	0.0	0.3126771755597636	-0.9520561351995901
69600000	1.6949999332195882	0.5171577699281428	-1.0333703456583994	0.0	1.0	1.0	0.0	0.5171577699281428	-1.0333703456583994
69650000	-0.07080652643239871	0.23951440263873597	-1.1121759985086934	1.0	1.0	1.0	-0.07080652643239871	0.23951440263873597	-1.1121759985086934
69700000	1.368114790362083	0.5153242646211469	-1.1651464576674397	0.0	1.0	1.0	0.0	0.5153242646211469	-1.1651464576674397
69750000	1.2436944755794834	0.3987936535367983	-1.0414235444148374	0.0	1.0	1.0	0.0	0.3987936535367983	-1.0414235444148374
69800000	-2.588830804743129	0.33649549080016616	-1.0565149300020118	0.0	1.0	1.0	-0.0	0.33649549080016616	-1.0565149300020118
69850000	-1.3737726196601372	0.40441669103267863	-1.073237101200172	0.0	1.0	1.0	-0.0	0.40441669103267863	-1.073237101200172
69900000	-2.958623323341724	0.4677005447757551	-1.0905964335344407	0.0	1.0	1.0	-0.0	0.4677005447757551	-1.0905964335344407
69950000	-2.3162860224575343	0.40848570831871805	-1.0133268292248807	0.0	1.0	1.0	-0.0	0.40848570831871805	-1.0133268292248807
70000000	3.435515201818394	0.34789553743516055	-1.1729026427655154	0.0	1.0	1.0	0.0	0.34789553743516055	-1.1729026427655154
70050000	-1.1030620122988148	0.5161741411746006	-0.9926756712098037	0.0	1.0	1.0	-0.0	0.5161741411746006	-0.9926756712098037
70100000	-1.1340053572517192	0.38145521114676184	-0.9901417809494384	0.0	1.0	1.0	-0.0	0.38145521114676184	-0.9901417809494384
70150000	1.5027692393425371	0.33618250059550014	-1.0489174821289844	0.0	1.0	1.0	0.0	0.33618250059550014	-1.0489174821289844
70200000	-0.6010052456447075	0.26875572749163285	-1.122968180185745	0.0	1.0	1.0	-0.0	0.26875572749163285	-1.122968180185745
70250000	2.455813689296458	0.40947269307451434	-1.162059215528075	0.0	1.0	1.0	0.0	0.40947269307451434	-1.162059215528075
70300000	3.62147191429803	0.38766433413938306	-1.1447624358846207	0.0	1.0	1.0	0.0	0.38766433413938306	-1.1447624358846207
70350000	-0.9595456185401199	0.3356476905127204	-1.0673142210656	0.0	1.0	1.0	-0.0	0.3356476905127204	-1.0673142210656
70400000	1.180191624180492	0.40979133943703283	-1.1279825076564494	0.0	1.0	1.0	0.0	0.40979133943703283	-1.1279825076564494
70450000	-0.014609550217557976	0.4041589430106748	-1.0200816900783591	0.0	1.0	1.0	-0.0	0.4041589430106748	-1.0200816900783591
70500000	-3.2384613685471186	0.40346687870406944	-0.998914887124106	0.0	1.0	1.0	-0.0	0.40346687870406944	-0.998914887124106
70550000	-0.9461889644372584	0.3697733713203822	-1.0501055689751577	0.0	1.0	1.0	-0.0	0.3697733713203822	-1.0501055689751577
70600000	-0.2871165966271153	0.3648569484048288	-1.2361881916182047	0.0	1.0	1.0	-0.0	0.3648569484048288	-1.2361881916182047
70650000	0.23169374258276476	0.3822865032123592	-1.231285700715792	0.0	1.0	1.0	0.0	0.3822865032123592	-1.231285700715792
70700000	0.907741909432987	0.32781898241537877	-1.1991464671709797	0.0	1.0	1.0	0.0	0.32781898241537877	-1.1991464671709797
70750000	-0.014290229690472315	0.3933768403397471	-1.054232869918426	1.0	1.0	1.0	-0.014290229690472315	0.3933768403397471	-1.054232869918426
70800000	-1.615644025769229	0.4742187504058456	-1.0303621000996388	0.0	1.0	1.0	-0.0	0.4742187504058456	-1.0303621000996388
70850000	2.2317999831715696	0.3229382879966398	-1.1887067154052626	0.0	1.0	1.0	0.0	0.3229382879966398	-1.1887067154052626
70900000	0.37295020123198297	0.3021894214025777	-1.0944915057646036	0.0	1.0	1.0	0.0	0.3021894214025777	-1.0944915057646036
70950000	0.006494438480763198	0.39212345939960297	-0.9305790589836609	0.0	1.0	1.0	0.0	0.39212345939960297	-0.9305790589836609
71000000	2.788356806313441	0.36668971944078665	-1.0698913996470514	0.0	1.0	1.0	0.0	0.36668971944078665	-1.0698913996470514
71050000	-0.39342068529770646	0.48486338874130724	-1.166882999140407	0.0	1.0	1.0	-0.0	0.48486338874130724	-1.166882999140407
71100000	2.4269369885138037	-2.318091127574673	-1.1767582979604356	0.0	0.0	1.0	0.0	-0.0	-1.1767582979604356
71150000	-2.0907379546472415	0.3572709853420071	-1.0167696969263986	0.0	1.0	1.0	-0.0	0.3572709853420071	-1.0167696969263986
71200000	-3.1427169863762185	0.4128179187500566	-1.0004599368931837	0.0	1.0	1.0	-0.0	0.4128179187500566	-1.0004599368931837
71250000	-1.611736256815747	3.835248607483069	-1.0548362903378634	0.0	0.0	1.0	-0.0	0.0	-1.0548362903378634
71300000	0.17529530857313347	0.2901048006918351	-1.1580639659856833	0.0	1.0	1.0	0.0	0.2901048006918351	-1.1580639659856833
71350000	-0.6268492967332802	-2.041285829706427	-1.275240231733265	0.0	0.0	1.0	-0.0	-0.0	-1.275240231733265
71400000	0.11982137371867115	0.5148704172144938	-1.1674979595565296	0.0	1.0	1.0	0.0	0.5148704172144938	-1.1674979595565296
71450000	-0.7618515538367272	0.36267230614545354	-1.1688668577308314	0.0	1.0	1.0	-0.0	0.36267230614545354	-1.1688668577308314
71500000	0.12112187871168195	0.4248419144216559	-1.1367250243352889	0.0	1.0	1.0	0.0	0.4248419144216559	-1.1367250243352889
71550000	-0.6293993410844813	0.48722751184816304	-0.9892828494919229	0.0	1.0	1.0	-0.0	0.48722751184816304	-0.9892828494919229
71600000	-1.304398151136275	0.45206665996097034	-1.1023951041645936	0.0	1.0	1.0	-0.0	0.45206665996097034	-1.1023951041645936
71650000	2.1843912743235845	0.6252938895665151	-0.9738947227992908	0.0	1.0	1.0	0.0	0.6252938895665151	-0.9738947227992908
71700000	-0.8764306940120228	0.3444544202653442	-1.0287800257102522	0.0	1.0	1.0	-0.0	0.3444544202653442	-1.0287800257102522
71750000	-3.1081424396676756	0.4963109913955909	-1.0509057488601652	0.0	1.0	1.0	-0.0	0.4963109913955909	-1.0509057488601652
71800000	-1.7517208757119855	0.47778260857836613	-1.196760306801596	0.0	1.0	1.0	-0.0	0.47778260857836613	-1.196760306801596
71850000	-1.5424798773723778	0.4541185311412877	-1.096613272254814	0.0	1.0	1.0	-0.0	0.4541185311412877	-1.096613272254814
71900000	-0.49563408370435313	0.4482338561241893	-0.9380352967406653	0.0	1.0	1.0	-0.0	0.4482338561241893	-0.9380352967406653
71950000	-1.0388869729718002	0.381268415130241	-1.0795249457210143	0.0	1.0	1.0	-0.0	0.381268415130241	-1.0795249457210143
72000000	0.5338581518114552	0.2553881540380404	-1.187216560862113	0.0	1.0	1.0	0.0	0.2553881540380404	-1.187216560862113
72050000	2.301639292807768	0.4271119367404115	-1.0487579447841442	0.0	1.0	1.0	0.0	0.4271119367404115	-1.0487579447841442
72100000	-0.354028380261427	0.42941564338310845	-1.0631398756933275	0.0	1.0	1.0	-0.0	0.42941564338310845	-1.0631398756933275
72150000	-1.8476126661667056	0.2240223304567806	-1.027597623288918	0.0	1.0	1.0	-0.0	0.2240223304567806	-1.027597623288918
72200000	-0.0976646138639585	0.24238631705826474	-1.0908664118098408	0.0	1.0	1.0	-0.0	0.24238631705826474	-1.0908664118098408
72250000	-0.023384129130058176	0.5064958409404252	-0.9783242871814648	0.0	1.0	1.0	-0.0	0.5064958409404252	-0.9783242871814648
72300000	0.25516283349297525	0.48747361581977366	-1.1068215158625874	1.0	1.0	1.0	0.25516283349297525	0.48747361581977366	-1.1068215158625874
72350000	-0.9428062906142566	0.4785968878357657	-1.0351333028891234	0.0	1.0	1.0	-0.0	0.4785968878357657	-1.0351333028891234
72400000	0.7504728397359097	0.33272598411650944	-1.0436833523739557	0.0	1.0	1.0	0.0	0.33272598411650944	-1.0436833523739557
72450000	-0.6630900259876802	0.5868867088877385	-1.0869296095516607	0.0	1.0	1.0	-0.0	0.5868867088877385	-1.0869296095516607
72500000	-2.7523818291442135	0.25801787822341476	-0.9855369196912185	0.0	1.0	1.0	-0.0	0.25801787822341476	-0.9855369196912185
72550000	-0.08295367609888664	0.603792534496059	-1.0458825910472815	0.0	1.0	1.0	-0.0	0.603792534496059	-1.0458825910472815
72600000	2.782143768673399	0.2991873493764679	-1.123375828996489	0.0	1.0	1.0	0.0	0.2991873493764679	-1.123375828996489
72650000	-1.0459900609563255	0.3078676432677426	-1.310189648553308	0.0	1.0	1.0	-0.0	0.3078676432677426	-1.310189648553308
72700000	-0.09484466356389165	0.49518940188130106	-1.2613388602422366	0.0	1.0	1.0	-0.0	0.49518940188130106	-1.2613388602422366
72750000	5.036833404743909	0.32701458574217745	-1.1599384726008761	0.0	1.0	1.0	0.0	0.32701458574217745	-1.1599384726008761
72800000	1.564890515529195	0.28878135017275636	-0.9745575377886951	0.0	1.0	1.0	0.0	0.28878135017275636	-0.9745575377886951
72850000	-2.9359725297978247	0.27630342188748563	-1.1393442666300142	0.0	1.0	1.0	-0.0	0.27630342188748563	-1.1393442666300142
72900000	-0.9032907756040386	0.6668062121099763	-1.170850803191991	0.0	0.0	1.0	-0.0	0.0	-1.170850803191991
72950000	3.1687662803472274	-0.5552643457779618	-1.1936235891625893	0.0	0.0	1.0	0.0	-0.0	-1.1936235891625893
73000000	1.046318356344866	0.4403973453333523	-0.7918511459307779	0.0	1.0	1.0	0.0	0.4403973453333523	-0.7918511459307779
73050000	-0.34207823209680943	0.4857984732461652	-1.131973502995893	0.0	1.0	1.0	-0.0	0.4857984732461652	-1.131973502995893
73100000	1.7640133155792495	0.28397559811499357	-1.1833431197657052	0.0	1.0	1.0	0.0	0.28397559811499357	-1.1833431197657052
73150000	-1.3994858945966437	0.39555578104463573	-1.0195668175742945	0.0	1.0	1.0	-0.0	0.39555578104463573	-1.0195668175742945
73200000	-1.2848347683924264	0.21042321200418918	-1.1758493292236913	0.0	1.0	1.0	-0.0	0.21042321200418918	-1.1758493292236913
73250000	2.6076355754429548	0.3013831293192064	-1.1647808075316812	0.0	1.0	1.0	0.0	0.3013831293192064	-1.1647808075316812
73300000	-0.7817600584309153	0.332233596181664	-0.9929529321764191	0.0	1.0	1.0	-0.0	0.332233596181664	-0.9929529321764191
73350000	0.08234443564681761	0.33222384166684354	-1.100236478727934	1.0	1.0	1.0	0.08234443564681761	0.33222384166684354	-1.100236478727934
73400000	0.9263146752515874	0.4569146864657656	-1.2009059020647845	0.0	0.0	1.0	0.0	0.0	-1.2009059020647845
73450000	-2.76234293109848	0.39121529297647056	-1.1594127867211534	0.0	1.0	1.0	-0.0	0.39121529297647056	-1.1594127867211534
73500000	2.1661481260962505	0.5348158626990565	-0.9896040884307093	0.0	1.0	1.0	0.0	0.5348158626990565	-0.9896040884307093
73550000	-1.2772408938634838	0.466323201305591	-1.1130322493540032	0.0	1.0	1.0	-0.0	0.466323201305591	-1.1130322493540032
73600000	-0.8203612522041067	0.2921858345960995	-0.8690662431946874	0.0	1.0	1.0	-0.0	0.2921858345960995	-0.8690662431946874
73650000	-1.1690231440930752	0.46130072646518744	-1.05783781657768	0.0	1.0	1.0	-0.0	0.46130072646518744	-1.05783781657768
73700000	-1.6599857874781874	0.33700581446926087	-1.086607010119611	0.0	1.0	1.0	-0.0	0.33700581446926087	-1.086607010119611
73750000	-0.49414957089651024	0.43033174997246243	-1.0371095968986939	0.0	1.0	1.0	-0.0	0.43033174997246243	-1.0371095968986939
73800000	-0.80223641238631	0.29874835221586377	-1.1635634405654338	0.0	1.0	1.0	-0.0	0.29874835221586377	-1.1635634405654338
73850000	2.4931022517892423	0.4879322021087462	-1.0726620448426234	0.0	1.0	1.0	0.0	0.4879322021087462	-1.0726620448426234
73900000	-0.5039149281242975	0.2733007450883644	-1.0613210202167631	0.0	1.0	1.0	-0.0	0.2733007450883644	-1.0613210202167631
73950000	-0.5386494280273049	0.23158805063533447	-0.8760748730848713	0.0	1.0	1.0	-0.0	0.23158805063533447	-0.8760748730848713
74000000	2.648345375395486	0.3558184003358073	-1.0702380814405807	0.0	1.0	1.0	0.0	0.3558184003358073	-1.0702380814405807
74050000	4.474260324851732	0.3549761810686297	-1.0381724507423278	0.0	1.0	1.0	0.0	0.3549761810686297	-1.0381724507423278
74100000	4.450019322269116	0.29766863999304466	-1.0579200858602489	0.0	1.0	1.0	0.0	0.29766863999304466	-1.0579200858602489
74150000	5.6684460831643975	0.5902549780020546	-1.1505214164235809	0.0	1.0	1.0	0.0	0.5902549780020546	-1.1505214164235809
74200000	1.7699589047835502	0.5418972857422769	-1.1149495245652281	0.0	1.0	1.0	0.0	0.5418972857422769	-1.1149495245652281
74250000	2.8642171567167427	0.3778604968953817	-1.194274950161193	0.0	1.0	1.0	0.0	0.3778604968953817	-1.194274950161193
74300000	0.2740821895561604	0.5963379120101018	-0.9505658353414297	1.0	1.0	1.0	0.2740821895561604	0.5963379120101018	-0.9505658353414297
74350000	-2.81596075529476	0.3870728232094146	-1.0937118695938146	0.0	1.0	1.0	-0.0	0.3870728232094146	-1.0937118695938146
74400000	-0.43445769849312366	0.4418254839176864	-1.08823393792078	0.0	1.0	1.0	-0.0	0.4418254839176864	-1.08823393792078
74450000	1.1169080195069478	0.4645405899575553	-1.1657483069503227	0.0	1.0	1.0	0.0	0.4645405899575553	-1.1657483069503227
74500000	0.6954932181556348	0.3334890195613157	-1.0779428404209939	0.0	1.0	1.0	0.0	0.3334890195613157	-1.0779428404209939
74550000	2.900937881029277	0.5610340332743502	-1.0870544218478555	0.0	1.0	1.0	0.0	0.5610340332743502	-1.0870544218478555
74600000	1.8260403303001758	0.25915633437249397	-1.042301166955582	0.0	1.0	1.0	0.0	0.25915633437249397	-1.042301166955582
74650000	1.8462644186067323	0.1696386850031139	-1.2365410332677271	0.0	1.0	1.0	0.0	0.1696386850031139	-1.2365410332677271
74700000	0.6147472143832344	0.3567436032936612	-1.235277171798233	0.0	1.0	1.0	0.0	0.3567436032936612	-1.235277171798233
74750000	1.0143365197266776	0.36476638971725484	-1.1324035064253848	0.0	1.0	1.0	0.0	0.36476638971725484	-1.1324035064253848
74800000	-1.0440564022270518	0.43558117201627083	-1.0140188557843925	0.0	1.0	1.0	-0.0	0.43558117201627083	-1.0140188557843925
74850000	0.4735121034850027	0.48558145992560675	-1.2150124068350472	0.0	1.0	1.0	0.0	0.48558145992560675	-1.2150124068350472
74900000	-0.029829045886565334	0.30458740438709503	-0.9987621937635025	0.0	1.0	1.0	-0.0	0.30458740438709503	-0.9987621937635025
74950000	-0.44339777750246523	0.25731033871669307	-1.1769155425840787	0.0	1.0	1.0	-0.0	0.25731033871669307	-1.1769155425840787
75000000	-2.8994311058584437	0.4780389458085423	-1.0466715700335232	0.0	1.0	1.0	-0.0	0.4780389458085423	-1.0466715700335232
75050000	0.006002913402035959	0.4196510459070612	-1.051187576278152	0.0	1.0	1.0	0.0	0.4196510459070612	-1.051187576278152
75100000	-2.85108576797283	0.55147026813887	-1.002868090133063	0.0	1.0	1.0	-0.0	0.55147026813887	-1.002868090133063
75150000	-1.318461910429611	0.21579241685970874	-1.2019100661033393	0.0	1.0	1.0	-0.0	0.21579241685970874	-1.2019100661033393
75200000	2.4332058078721475	0.42143702264121824	-1.188227127906069	0.0	1.0	1.0	0.0	0.42143702264121824	-1.188227127906069
75250000	-1.9345666455045485	0.32900294463205476	-1.0038362793171844	0.0	1.0	1.0	-0.0	0.32900294463205476	-1.0038362793171844
75300000	3.312546388005802	0.43649366627881003	-1.0480561109594664	0.0	1.0	1.0	0.0	0.43649366627881003	-1.0480561109594664
75350000	1.0872042088746603	-3.111462912730326	-1.2144239545104276	0.0	0.0	1.0	0.0	-0.0	-1.2144239545104276
75400000	0.4384059825634627	0.5088127709024809	-1.155130892346568	0.0	1.0	1.0	0.0	0.5088127709024809	-1.155130892346568
75450000	1.6038229663641	0.3281142259765326	-1.1502124432593142	0.0	1.0	1.0	0.0	0.3281142259765326	-1.1502124432593142
75500000	0.7085887530006318	0.2970424434278176	-1.1113117990943562	0.0	1.0	1.0	0.0	0.2970424434278176	-1.1113117990943562
75550000	-1.7465150327829564	0.4606725116297194	-0.9878939310584506	0.0	1.0	1.0	-0.0	0.4606725116297194	-0.9878939310584506
75600000	1.4711908782326608	0.4084813147362132	-1.1416266089843388	0.0	1.0	1.0	0.0	0.4084813147362132	-1.1416266089843388
75650000	0.1522821340238687	0.35268998492983084	-1.0953997016638193	0.0	1.0	1.0	0.0	0.35268998492983084	-1.0953997016638193
75700000	-3.1843201595586215	0.27155520398445915	-1.0705763435502949	0.0	1.0	1.0	-0.0	0.27155520398445915	-1.0705763435502949
75750000	1.7786547618811808	0.6310128027990057	-1.1931638447431252	0.0	1.0	1.0	0.0	0.6310128027990057	-1.1931638447431252
75800000	-0.49851137194358697	0.3715844406506573	-0.9711284212004565	0.0	1.0	1.0	-0.0	0.3715844406506573	-0.9711284212004565
75850000	-1.768293221572506	0.5130849762902684	-1.0637529979807334	0.0	1.0	1.0	-0.0	0.5130849762902684	-1.0637529979807334
75900000	-0.033274144042283245	0.39653792152197204	-1.073472672417871	1.0	1.0	1.0	-0.033274144042283245	0.39653792152197204	-1.073472672417871
75950000	0.13526316689985096	0.3963079457689697	-1.063862920088992	0.0	1.0	1.0	0.0	0.3963079457689697	-1.063862920088992
76000000	-2.236006949444845	3.845109307607896	-1.2150842887817939	0.0	0.0	1.0	-0.0	0.0	-1.2150842887817939
76050000	-0.046447783025512196	0.31918852762046174	-1.0649451186066867	1.0	1.0	1.0	-0.046447783025512196	0.31918852762046174	-1.0649451186066867
76100000	1.3673247441760021	0.2647733781262097	-1.1512667060872763	0.0	1.0	1.0	0.0	0.2647733781262097	-1.1512667060872763
76150000	0.6829571217023876	0.5254553458507614	-1.0273167854334235	0.0	1.0	1.0	0.0	0.5254553458507614	-1.0273167854334235
76200000	-2.5776241069695427	0.4383729009759176	-1.0303396119444967	0.0	1.0	1.0	-0.0	0.4383729009759176	-1.0303396119444967
76250000	1.89797872264915	0.4792776555856046	-0.938255114208886	0.0	1.0	1.0	0.0	0.4792776555856046	-0.938255114208886
76300000	0.9453683553454526	0.39962040812440197	-1.0655312568481903	0.0	1.0	1.0	0.0	0.39962040812440197	-1.0655312568481903
76350000	1.136196921096526	0.3931067559693895	-1.0728534778161614	0.0	1.0	1.0	0.0	0.3931067559693895	-1.0728534778161614
76400000	2.092532049846141	0.2716783464537536	-1.173079418948575	0.0	1.0	1.0	0.0	0.2716783464537536	-1.173079418948575
76450000	-1.278898295541808	0.2537054764182307	-1.3279688630539723	0.0	1.0	1.0	-0.0	0.2537054764182307	-1.3279688630539723
76500000	-1.2405184154411093	0.3897315477846996	-1.0560465615275203	0.0	1.0	1.0	-0.0	0.3897315477846996	-1.0560465615275203
76550000	-1.4524338950664777	4.506602742438758	-1.3422149454625747	0.0	0.0	1.0	-0.0	0.0	-1.3422149454625747
76600000	-0.5667726796489123	0.46987046117519016	-1.1121617460073818	0.0	1.0	1.0	-0.0	0.46987046117519016	-1.1121617460073818
76650000	1.507692290536815	0.3312480013545483	-1.0661844089191002	0.0	1.0	1.0	0.0	0.3312480013545483	-1.0661844089191002
76700000	-0.08384548594878505	0.3648574713898187	-1.153554322389188	1.0	1.0	1.0	-0.08384548594878505	0.3648574713898187	-1.153554322389188
76750000	-3.224473707136137	0.35940001446127684	-0.988727900254152	0.0	1.0	1.0	-0.0	0.35940001446127684	-0.988727900254152
76800000	1.6862620442365008	0.374107434470934	-0.9384704501240527	0.0	1.0	1.0	0.0	0.374107434470934	-0.9384704501240527
76850000	-2.2952145127454977	0.5615481472934201	-1.070365503127627	0.0	1.0	1.0	-0.0	0.5615481472934201	-1.070365503127627
76900000	0.678950908679771	0.5832265848828089	-0.9855517150177158	0.0	1.0	1.0	0.0	0.5832265848828089	-0.9855517150177158
76950000	0.4082634043907061	0.4347437670123527	-1.074708193229091	0.0	1.0	1.0	0.0	0.4347437670123527	-1.074708193229091
77000000	-3.069116048456711	0.32078218476482223	-0.9927071892329024	0.0	1.0	1.0	-0.0	0.32078218476482223	-0.9927071892329024
77050000	-0.42005434150329624	0.42162061950564106	-1.0749901132764423	0.0	1.0	1.0	-0.0	0.42162061950564106	-1.0749901132764423
77100000	1.238695260609854	-1.6073794851888452	-1.226432641736586	0.0	0.0	1.0	0.0	-0.0	-1.226432641736586
77150000	-0.684821513292778	0.31442539348325105	-1.103182094836948	0.0	1.0	1.0	-0.0	0.31442539348325105	-1.103182094836948
77200000	1.1232336171688337	0.30160766498794805	-1.0972598307529466	0.0	1.0	1.0	0.0	0.30160766498794805	-1.0972598307529466
77250000	0.3875353212814824	0.3477943525268492	-1.1245829962050524	0.0	1.0	1.0	0.0	0.3477943525268492	-1.1245829962050524
77300000	-0.16671436969732945	0.5258518673720621	-1.0215141776177474	0.0	1.0	1.0	-0.0	0.5258518673720621	-1.0215141776177474
77350000	-1.0508125317239216	0.48949366896180485	-1.0387235523173588	0.0	1.0	1.0	-0.0	0.48949366896180485	-1.0387235523173588
77400000	1.001868045239289	0.32406232865206097	-1.0884159424651407	0.0	1.0	1.0	0.0	0.32406232865206097	-1.0884159424651407
77450000	-0.6627735656235714	0.4332213658025324	-1.1314015748823976	0.0	1.0	1.0	-0.0	0.4332213658025324	-1.1314015748823976
77500000	2.7878834545859745	0.29952913345338167	-0.9035749975142109	0.0	1.0	1.0	0.0	0.29952913345338167	-0.9035749975142109
77550000	0.8790325778073391	-3.6458218081329656	-1.2532028755533797	0.0	0.0	1.0	0.0	-0.0	-1.2532028755533797
77600000	0.5528932131520646	0.3241121326670502	-1.1676390587584173	0.0	1.0	1.0	0.0	0.3241121326670502	-1.1676390587584173
77650000	-1.615490777107462	0.2975943160392375	-1.0775069674516535	0.0	1.0	1.0	-0.0	0.2975943160392375	-1.0775069674516535
77700000	-1.23257654325814	0.4061650818669866	-1.064348824123691	0.0	1.0	1.0	-0.0	0.4061650818669866	-1.064348824123691
77750000	-3.1442201203785585	0.3460356251778613	-1.2034649993457152	0.0	1.0	1.0	-0.0	0.3460356251778613	-1.2034649993457152
77800000	-2.6938373433710767	0.35788205045649024	-1.1890298845625618	0.0	1.0	1.0	-0.0	0.35788205045649024	-1.1890298845625618
77850000	-0.04958020104066296	0.4682861696178779	-1.1298848551962322	1.0	1.0	1.0	-0.04958020104066296	0.4682861696178779	-1.1298848551962322
77900000	-3.538029316837383	0.3936958166275743	-1.1165730826289224	0.0	1.0	1.0	-0.0	0.3936958166275743	-1.1165730826289224
77950000	1.5006686585157094	0.5151994392571321	-1.1131440742950873	0.0	1.0	1.0	0.0	0.5151994392571321	-1.1131440742950873
78000000	-1.5658276054603866	0.462363716820806	-1.07620263776934	0.0	1.0	1.0	-0.0	0.462363716820806	-1.07620263776934
78050000	1.9478758738146915	0.30714914925284303	-1.0132356346876787	0.0	1.0	1.0	0.0	0.30714914925284303	-1.0132356346876787
78100000	-1.6985194450870233	0.500914598012338	-0.9746984563839114	0.0	1.0	1.0	-0.0	0.500914598012338	-0.9746984563839114
78150000	-0.41297065628329116	0.3882940302142533	-1.008558630326969	0.0	1.0	1.0	-0.0	0.3882940302142533	-1.008558630326969
78200000	-1.405230011216835	0.295610382459891	-1.1893020117424846	0.0	1.0	1.0	-0.0	0.295610382459891	-1.1893020117424846
78250000	-1.3530292597169888	0.5262531768035592	-0.9823151018298684	0.0	1.0	1.0	-0.0	0.5262531768035592	-0.9823151018298684
78300000	1.650315399458404	0.4430104699305817	-1.0607508869514988	0.0	1.0	1.0	0.0	0.4430104699305817	-1.0607508869514988
78350000	-0.9811987408581567	0.2788293544620882	-1.1565503653825107	0.0	1.0	1.0	-0.0	0.2788293544620882	-1.1565503653825107
78400000	5.162745371432925	0.4908465500336258	-1.0021336239334406	0.0	1.0	1.0	0.0	0.4908465500336258	-1.0021336239334406
78450000	2.1520437529244116	0.5605661058896207	-1.119345182540617	0.0	1.0	1.0	0.0	0.5605661058896207	-1.119345182540617
78500000	-3.3830444135355267	0.48852157912311056	-1.3177310511193083	0.0	1.0	1.0	-0.0	0.48852157912311056	-1.3177310511193083
78550000	0.9917386160127796	0.4140206186806264	-1.143887028102474	0.0	1.0	1.0	0.0	0.4140206186806264	-1.143887028102474
78600000	0.6526362623484083	0.22189231872248688	-1.1626368484965268	0.0	1.0	1.0	0.0	0.22189231872248688	-1.1626368484965268
78650000	-1.8385653410088214	0.45573273688596105	-1.1237658837252775	0.0	1.0	1.0	-0.0	0.45573273688596105	-1.1237658837252775
78700000	0.09426718715939489	0.3216086087625148	-1.1196787732058358	1.0	1.0	1.0	0.09426718715939489	0.3216086087625148	-1.1196787732058358
78750000	-0.26934321406617256	0.33336755022478787	-1.0526505376096134	0.0	1.0	1.0	-0.0	0.33336755022478787	-1.0526505376096134
78800000	-4.860163225842797	0.383711197701993	-1.0341893662494501	0.0	1.0	1.0	-0.0	0.383711197701993	-1.0341893662494501
78850000	1.277138558071756	0.5020345823057608	-1.0714963368834156	0.0	1.0	1.0	0.0	0.5020345823057608	-1.0714963368834156
78900000	-0.40230309497258343	0.49223699348271843	-1.1583275910848014	0.0	1.0	1.0	-0.0	0.49223699348271843	-1.1583275910848014
78950000	0.8898863105786607	0.3684031080776175	-1.0311808897895212	0.0	1.0	1.0	0.0	0.3684031080776175	-1.0311808897895212
79000000	2.854652905535826	-2.600746265742676	-1.120539234286582	0.0	0.0	1.0	0.0	-0.0	-1.120539234286582
79050000	-1.46550916624231	0.35039908809173576	-0.9327401612405534	0.0	1.0	1.0	-0.0	0.35039908809173576	-0.9327401612405534
79100000	2.4815528544437346	-0.805670847714417	-1.2232250422894082	0.0	0.0	1.0	0.0	-0.0	-1.2232250422894082
79150000	0.21039520008549523	0.4900958646345059	-1.0287041491547866	1.0	1.0	1.0	0.21039520008549523	0.4900958646345059	-1.0287041491547866
79200000	-1.5963722933529028	0.3841366876669974	-1.0844918099584884	0.0	1.0	1.0	-0.0	0.3841366876669974	-1.0844918099584884
79250000	0.08602861442395238	0.3196117302186613	-1.1556956984667501	1.0	0.0	1.0	0.08602861442395238	0.0	-1.1556956984667501
79300000	-0.10972627515975741	0.4199950145383687	-0.9087143374430613	0.0	1.0	1.0	-0.0	0.4199950145383687	-0.9087143374430613
79350000	0.13727206796158675	0.4664793712494189	-1.1160149076318633	1.0	1.0	1.0	0.13727206796158675	0.4664793712494189	-1.1160149076318633
79400000	-1.4701793864052077	0.450167654277456	-1.1417199647128626	0.0	1.0	1.0	-0.0	0.450167654277456	-1.1417199647128626
79450000	-2.252995842496487	0.4933865699308263	-1.11209594504541	0.0	1.0	1.0	-0.0	0.4933865699308263	-1.11209594504541
79500000	-0.17488939638531142	0.35221385206785677	-1.0544991224565403	0.0	1.0	1.0	-0.0	0.35221385206785677	-1.0544991224565403
79550000	-1.5607540460103078	0.412304168202287	-0.987674474709527	0.0	1.0	1.0	-0.0	0.412304168202287	-0.987674474709527
79600000	0.8579253208734547	0.1987166602980782	-1.087145833226868	0.0	1.0	1.0	0.0	0.1987166602980782	-1.087145833226868
79650000	2.193334228152295	0.28565516404333857	-1.0267045711001148	0.0	1.0	1.0	0.0	0.28565516404333857	-1.0267045711001148
79700000	1.6409862769636299	0.3317319241432837	-1.0518111817338651	0.0	1.0	1.0	0.0	0.3317319241432837	-1.0518111817338651
79750000	-1.2591527526973518	0.34000627344563317	-1.102230746189081	0.0	1.0	1.0	-0.0	0.34000627344563317	-1.102230746189081
79800000	-0.24902474682727166	0.3158995786024241	-0.9409336579555686	0.0	1.0	1.0	-0.0	0.3158995786024241	-0.9409336579555686
79850000	-0.3212255659072506	-1.9631837430538968	-1.1116518361631225	0.0	0.0	1.0	-0.0	-0.0	-1.1116518361631225
79900000	1.1268188802596915	0.21262497217833587	-1.1169642589363424	0.0	1.0	1.0	0.0	0.21262497217833587	-1.1169642589363424
79950000	0.3770248273930596	0.3034616881316571	-1.032494806739	0.0	1.0	1.0	0.0	0.3034616881316571	-1.032494806739
80000000	-1.9931887008358786	0.1884516572549624	-1.2016707177958987	0.0	1.0	1.0	-0.0	0.1884516572549624	-1.2016707177958987
80050000	0.05587201000291794	0.29669921920720704	-0.9137168848305148	0.0	1.0	1.0	0.0	0.29669921920720704	-0.9137168848305148
80100000	-1.2720807158267635	0.38752394086888126	-1.1574577451195562	0.0	1.0	1.0	-0.0	0.38752394086888126	-1.1574577451195562
80150000	3.7309727955229937	0.5799653346367659	-1.05674075706033	0.0	1.0	1.0	0.0	0.5799653346367659	-1.05674075706033
80200000	-2.5605308447062427	0.2760339332903191	-1.1812192934104095	0.0	1.0	1.0	-0.0	0.2760339332903191	-1.1812192934104095
80250000	-0.14103330180306228	0.4004469168388168	-1.202735477759906	0.0	1.0	1.0	-0.0	0.4004469168388168	-1.202735477759906
80300000	-2.7552798632772366	0.37206266423739237	-1.018303893358957	0.0	1.0	1.0	-0.0	0.37206266423739237	-1.018303893358957
80350000	2.5276504412114216	0.21538612630075182	-1.0713767504565017	0.0	1.0	1.0	0.0	0.21538612630075182	-1.0713767504565017
80400000	3.6264044975860714	0.5265834879072366	-1.0226484034993895	0.0	1.0	1.0	0.0	0.5265834879072366	-1.0226484034993895
80450000	-3.3628245208194474	0.3174863119920877	-1.1515895623713694	0.0	1.0	1.0	-0.0	0.3174863119920877	-1.1515895623713694
80500000	-0.7680770299181825	0.48008377452964845	-1.126417672464391	0.0	1.0	1.0	-0.0	0.48008377452964845	-1.126417672464391
80550000	-0.410698499707399	0.4059151582511468	-1.0847942306313374	0.0	1.0	1.0	-0.0	0.4059151582511468	-1.0847942306313374
80600000	-2.262748750793815	0.4655046787830215	-1.082503058167545	0.0	1.0	1.0	-0.0	0.4655046787830215	-1.082503058167545
80650000	-3.1988293612763874	0.4630172573425265	-1.0624972316721346	0.0	1.0	1.0	-0.0	0.4630172573425265	-1.0624972316721346
80700000	-1.03484845794664	0.5589595048803249	-1.0913713010097543	0.0	1.0	1.0	-0.0	0.5589595048803249	-1.0913713010097543
80750000	1.2183208105112486	0.38680714503733593	-1.0054119590970818	0.0	1.0	1.0	0.0	0.38680714503733593	-1.0054119590970818
80800000	-2.7966868112741388	-2.2150392333203417	-1.1218304894969457	0.0	0.0	1.0	-0.0	-0.0	-1.1218304894969457
80850000	-1.9131193784355753	0.459919886445178	-1.1245664449040411	0.0	1.0	1.0	-0.0	0.459919886445178	-1.1245664449040411
80900000	0.32479987520702147	0.5615208050508316	-1.1029254239255912	0.0	1.0	1.0	0.0	0.5615208050508316	-1.1029254239255912
80950000	-1.1699323148875835	0.31461772987485975	-1.1409764548818189	0.0	1.0	1.0	-0.0	0.31461772987485975	-1.1409764548818189
81000000	-0.042922836571290576	0.49576358326337294	-1.052134076565399	0.0	1.0	1.0	-0.0	0.49576358326337294	-1.052134076565399
81050000	-1.9631699168364618	0.3467785491328241	-1.0507584792829348	0.0	1.0	1.0	-0.0	0.3467785491328241	-1.0507584792829348
81100000	1.2019421040779896	0.4949343707486811	-1.1576265231186484	0.0	1.0	1.0	0.0	0.4949343707486811	-1.1576265231186484
81150000	-0.13205781821405674	0.24984850938261016	-1.0663054661774434	0.0	1.0	1.0	-0.0	0.24984850938261016	-1.0663054661774434
81200000	0.44550227897575967	0.5182965560850936	-1.0477163724969372	0.0	1.0	1.0	0.0	0.5182965560850936	-1.0477163724969372
81250000	0.8813508675682624	0.37424943070291167	-1.1603457094720597	0.0	1.0	1.0	0.0	0.37424943070291167	-1.1603457094720597
81300000	0.46247017324310064	0.4217738776794623	-1.0391970120372394	0.0	1.0	1.0	0.0	0.4217738776794623	-1.0391970120372394
81350000	0.8050658020792467	0.3809699963601673	-1.0486895180767861	0.0	1.0	1.0	0.0	0.3809699963601673	-1.0486895180767861
81400000	-0.7332332510179147	0.21883585978885356	-1.0712478706815824	0.0	1.0	1.0	-0.0	0.21883585978885356	-1.0712478706815824
81450000	0.10676310623309045	0.33288132067469794	-1.027387104541846	1.0	1.0	1.0	0.10676310623309045	0.33288132067469794	-1.027387104541846
81500000	4.088960154385897	0.4574747800342176	-1.2833841515925222	0.0	1.0	1.0	0.0	0.4574747800342176	-1.2833841515925222
81550000	-1.48188735683637	0.2275777158916709	-1.0624005624829347	0.0	1.0	1.0	-0.0	0.2275777158916709	-1.0624005624829347
81600000	1.5962536845343454	0.43121068552250685	-1.0986729945973737	0.0	1.0	1.0	0.0	0.43121068552250685	-1.0986729945973737
81650000	-0.5732239813952928	0.22130539588560302	-1.070979182123513	0.0	1.0	1.0	-0.0	0.22130539588560302	-1.070979182123513
81700000	-0.20210593312088299	0.5107132949971045	-1.0416704980832896	0.0	1.0	1.0	-0.0	0.5107132949971045	-1.0416704980832896
81750000	-2.7242106722982458	0.3018704051312456	-1.1755404730983117	0.0	1.0	1.0	-0.0	0.3018704051312456	-1.1755404730983117
81800000	-0.3275643492056246	3.2880477924757887	-1.195409386547594	0.0	0.0	1.0	-0.0	0.0	-1.195409386547594
81850000	-0.18905935532741736	-0.3778482434835892	-1.1767394957721797	0.0	0.0	1.0	-0.0	-0.0	-1.1767394957721797
81900000	-1.8614760738758678	0.7752629615986542	-1.1551026696150333	0.0	0.0	1.0	-0.0	0.0	-1.1551026696150333
81950000	3.9194528633698376	0.42706065946871247	-1.0436709781893065	0.0	1.0	1.0	0.0	0.42706065946871247	-1.0436709781893065
82000000	0.3230026472583484	0.3888715883715129	-1.1142226805472295	0.0	1.0	1.0	0.0	0.3888715883715129	-1.1142226805472295
82050000	0.07729016438028925	0.46759502224729393	-1.0024838684123718	1.0	1.0	1.0	0.07729016438028925	0.46759502224729393	-1.0024838684123718
82100000	-1.663947789477327	0.5474976919108433	-1.0622249147315184	0.0	1.0	1.0	-0.0	0.5474976919108433	-1.0622249147315184
82150000	0.4103605753827413	0.36082587493451534	-0.9293871821455889	0.0	1.0	1.0	0.0	0.36082587493451534	-0.9293871821455889
82200000	2.819938693526404	-0.17160733420023888	-1.1603726052579877	0.0	0.0	1.0	0.0	-0.0	-1.1603726052579877
82250000	0.23268942818756289	0.36845650725537493	-1.1075308035260225	0.0	1.0	1.0	0.0	0.36845650725537493	-1.1075308035260225
82300000	-0.17779816332273762	0.37475261117904035	-0.9164003487710052	0.0	1.0	1.0	-0.0	0.37475261117904035	-0.9164003487710052
82350000	-1.0373663982815897	0.4985298677657537	-1.032437280596342	0.0	1.0	1.0	-0.0	0.4985298677657537	-1.032437280596342
82400000	-3.0924803705096857	0.5156058695314769	-0.8300968967775268	0.0	1.0	1.0	-0.0	0.5156058695314769	-0.8300968967775268
82450000	2.2819281792106825	0.6603880782616122	-0.9921702038640079	0.0	1.0	1.0	0.0	0.6603880782616122	-0.9921702038640079
82500000	-3.4363635408833533	1.3843187257245846	-1.1256962288146422	0.0	0.0	1.0	-0.0	0.0	-1.1256962288146422
82550000	4.2383095237680815	0.6302048285084514	-0.9531639160203838	0.0	1.0	1.0	0.0	0.6302048285084514	-0.9531639160203838
82600000	0.42061912170180527	1.18079607461488	-0.9906232971376892	0.0	0.0	1.0	0.0	0.0	-0.9906232971376892
82650000	-0.12976524126790823	0.42491850173012785	-1.0718656320966418	0.0	1.0	1.0	-0.0	0.42491850173012785	-1.0718656320966418
82700000	0.16402681138836683	0.3137591822200466	-1.145866830089113	0.0	1.0	1.0	0.0	0.3137591822200466	-1.145866830089113
82750000	-2.775688341789067	0.4151055672654557	-1.106322824235973	0.0	1.0	1.0	-0.0	0.4151055672654557	-1.106322824235973
82800000	0.7262353248901373	0.4208746256361238	-1.035851830878235	0.0	1.0	1.0	0.0	0.4208746256361238	-1.035851830878235
82850000	0.07735479900323461	0.49788219263959255	-1.1502219587870135	0.0	1.0	1.0	0.0	0.49788219263959255	-1.1502219587870135
82900000	4.206470214380637	0.5439788306016665	-0.9977510476823592	0.0	1.0	1.0	0.0	0.5439788306016665	-0.9977510476823592
82950000	-2.0546962881659945	0.4626739660147999	-1.099182142513547	0.0	1.0	1.0	-0.0	0.4626739660147999	-1.099182142513547
83000000	1.5130922309576267	0.28983159264405534	-1.2102303168856667	0.0	1.0	1.0	0.0	0.28983159264405534	-1.2102303168856667
83050000	1.389923666795738	0.4936773606343321	-1.2013252869114974	0.0	1.0	1.0	0.0	0.4936773606343321	-1.2013252869114974
83100000	0.1835542064377933	0.456016351811182	-0.9313806344970557	1.0	1.0	1.0	0.1835542064377933	0.456016351811182	-0.9313806344970557
83150000	-1.3837727571025464	0.38626233447731145	-1.0880072685067188	0.0	1.0	1.0	-0.0	0.38626233447731145	-1.0880072685067188
83200000	-0.8705015042109834	0.5026498949500683	-1.1163459094586339	0.0	1.0	1.0	-0.0	0.5026498949500683	-1.1163459094586339
83250000	0.2480898936795419	0.5675761528028657	-0.9692049171064512	1.0	1.0	1.0	0.2480898936795419	0.5675761528028657	-0.9692049171064512
83300000	5.96852533648882	0.2941228335716446	-1.2383101880055722	0.0	1.0	1.0	0.0	0.2941228335716446	-1.2383101880055722
83350000	2.56911259469359	1.536721736367684	-1.168541637858366	0.0	0.0	1.0	0.0	0.0	-1.168541637858366
83400000	-0.33306772407686314	0.47422504184597025	-1.0278963210669607	0.0	1.0	1.0	-0.0	0.47422504184597025	-1.0278963210669607
83450000	-0.07328006493034933	0.34957057554887117	-0.9167625958328779	0.0	1.0	1.0	-0.0	0.34957057554887117	-0.9167625958328779
83500000	-0.11207883371850909	0.39572317017516545	-1.0585849414879682	0.0	1.0	1.0	-0.0	0.39572317017516545	-1.0585849414879682
83550000	-3.328570053082657	0.5010016578181447	-1.1216621891041039	0.0	1.0	1.0	-0.0	0.5010016578181447	-1.1216621891041039
83600000	1.3808535172725356	0.6146758612197132	-1.0923465967691632	0.0	1.0	1.0	0.0	0.6146758612197132	-1.0923465967691632
83650000	-1.1626416940542166	0.5226885004738263	-1.0284050128957727	0.0	1.0	1.0	-0.0	0.5226885004738263	-1.0284050128957727
83700000	-3.221532298426383	0.4305206645914532	-1.0538754936788006	0.0	1.0	1.0	-0.0	0.4305206645914532	-1.0538754936788006
83750000	0.027389332513898038	0.3472202364247473	-1.180047560172793	1.0	1.0	1.0	0.027389332513898038	0.3472202364247473	-1.180047560172793
83800000	-0.7268790943720322	-2.168815506135065	-1.2037529655885295	0.0	0.0	1.0	-0.0	-0.0	-1.2037529655885295
83850000	-1.0075604556516624	1.9884826957881785	-1.1227876888422006	0.0	0.0	1.0	-0.0	0.0	-1.1227876888422006
83900000	0.7568759140027792	0.3743312702080834	-1.132982523505412	0.0	1.0	1.0	0.0	0.3743312702080834	-1.132982523505412
83950000	-0.1371340157623404	0.34506536435454777	-1.2321845921136292	1.0	1.0	1.0	-0.1371340157623404	0.34506536435454777	-1.2321845921136292
84000000	1.5559480294342154	0.5844527697419709	-0.975721557992109	0.0	1.0	1.0	0.0	0.5844527697419709	-0.975721557992109
84050000	-0.9706968305506584	0.5617753789455822	-1.0565400548076518	0.0	1.0	1.0	-0.0	0.5617753789455822	-1.0565400548076518
84100000	2.668364977136353	0.36641285678954527	-0.9776641688573766	0.0	1.0	1.0	0.0	0.36641285678954527	-0.9776641688573766
84150000	-4.417156659252153	0.30932505459738213	-1.122370914024898	0.0	1.0	1.0	-0.0	0.30932505459738213	-1.122370914024898
84200000	-0.9069673760060643	0.4779229659913684	-1.0206545845017423	0.0	1.0	1.0	-0.0	0.4779229659913684	-1.0206545845017423
84250000	-1.1160967445997938	0.3589273307838476	-1.1946544769002139	0.0	1.0	1.0	-0.0	0.3589273307838476	-1.1946544769002139
84300000	-1.0786601532710651	0.391890783883966	-1.218218487227614	0.0	1.0	1.0	-0.0	0.391890783883966	-1.218218487227614
84350000	-0.07833446736009013	0.4319855474915694	-1.2270157107161426	1.0	1.0	1.0	-0.07833446736009013	0.4319855474915694	-1.2270157107161426
84400000	-3.1039278921144717	0.46235733169571525	-1.0918820896159196	0.0	1.0	1.0	-0.0	0.46235733169571525	-1.0918820896159196
84450000	2.1474242734008104	0.3693206474661834	-1.098765447450634	0.0	1.0	1.0	0.0	0.3693206474661834	-1.098765447450634
84500000	-5.735554432538095	0.43331364940031675	-1.1535411395663133	0.0	1.0	1.0	-0.0	0.43331364940031675	-1.1535411395663133
84550000	-0.32767604829722324	0.3440997751222185	-1.184303605000584	0.0	1.0	1.0	-0.0	0.3440997751222185	-1.184303605000584
84600000	0.17148464140731856	0.42125320484397233	-1.1669904043448232	0.0	1.0	1.0	0.0	0.42125320484397233	-1.1669904043448232
84650000	2.694895713717006	0.515127387350322	-1.0429838830435576	0.0	1.0	1.0	0.0	0.515127387350322	-1.0429838830435576
84700000	-0.797966650421278	0.39198886642328284	-1.0456487823496534	0.0	1.0	1.0	-0.0	0.39198886642328284	-1.0456487823496534
84750000	-1.7913879362189196	0.4469274685995784	-1.1502899710732506	0.0	1.0	1.0	-0.0	0.4469274685995784	-1.1502899710732506
84800000	5.256180403379197	0.5271785140459103	-1.2547363949409593	0.0	1.0	1.0	0.0	0.5271785140459103	-1.2547363949409593
84850000	1.0128419229119348	0.3873397801478979	-1.10148191538498	0.0	1.0	1.0	0.0	0.3873397801478979	-1.10148191538498
84900000	-0.042216059772807624	0.6439659139556964	-1.0638521415900055	1.0	1.0	1.0	-0.042216059772807624	0.6439659139556964	-1.0638521415900055
84950000	-2.2043215949131265	0.36994356118715654	-1.109763002728019	0.0	1.0	1.0	-0.0	0.36994356118715654	-1.109763002728019
85000000	2.3619634303592116	3.8903466629456194	-1.181317122201934	0.0	0.0	1.0	0.0	0.0	-1.181317122201934
85050000	-4.671207447550437	0.4288405760894529	-1.060876477307355	0.0	1.0	1.0	-0.0	0.4288405760894529	-1.060876477307355
85100000	-0.0914231343405896	0.5037033104015793	-1.1825745135107681	0.0	1.0	1.0	-0.0	0.5037033104015793	-1.1825745135107681
85150000	1.8120187982430733	0.20308525117552317	-1.1619086749479859	0.0	1.0	1.0	0.0	0.20308525117552317	-1.1619086749479859
85200000	1.0034337319001596	0.5230366439569943	-0.9832246706899141	0.0	1.0	1.0	0.0	0.5230366439569943	-0.9832246706899141
85250000	1.7833166187910117	0.17306471564036607	-1.1575715490592842	0.0	1.0	1.0	0.0	0.17306471564036607	-1.1575715490592842
85300000	1.8943985674009942	0.18986943489368474	-1.189575818139017	0.0	1.0	1.0	0.0	0.18986943489368474	-1.189575818139017
85350000	2.488560856524349	0.4343795484700353	-0.9927133410458661	0.0	1.0	1.0	0.0	0.4343795484700353	-0.9927133410458661
85400000	-2.4299198664626784	0.24634478410432042	-0.9959013298379015	0.0	1.0	1.0	-0.0	0.24634478410432042	-0.9959013298379015
85450000	-2.3999015910832986	0.41109958622651466	-1.0991685266968283	0.0	1.0	1.0	-0.0	0.41109958622651466	-1.0991685266968283
85500000	0.5519485481124374	0.40493595259154797	-1.156420323289611	0.0	1.0	1.0	0.0	0.40493595259154797	-1.156420323289611
85550000	-2.6643674104092208	0.40705443571213845	-1.0581614221681785	0.0	1.0	1.0	-0.0	0.40705443571213845	-1.0581614221681785
85600000	0.6069571081519767	0.34162980281552047	-1.0115710148358916	0.0	1.0	1.0	0.0	0.34162980281552047	-1.0115710148358916
85650000	3.2607199358833077	0.5453573414205437	-1.073237010788938	0.0	1.0	1.0	0.0	0.5453573414205437	-1.073237010788938
85700000	1.1992522719315013	0.5707050477718139	-1.0096395831240752	0.0	1.0	1.0	0.0	0.5707050477718139	-1.0096395831240752
85750000	-2.406003424696782	0.32049540647494856	-1.1029029593561446	0.0	1.0	1.0	-0.0	0.32049540647494856	-1.1029029593561446
85800000	-3.3326145273253234	0.5306570414532906	-1.1058830885441748	0.0	1.0	1.0	-0.0	0.5306570414532906	-1.1058830885441748
85850000	1.9155245683838027	0.30481471019413836	-1.1966468123358405	0.0	1.0	1.0	0.0	0.30481471019413836	-1.1966468123358405
85900000	-3.606967478209832	0.48876871292668966	-1.0398996461533565	0.0	1.0	1.0	-0.0	0.48876871292668966	-1.0398996461533565
85950000	-0.7588334027334463	0.41246282739170986	-1.1034446105727385	0.0	1.0	1.0	-0.0	0.41246282739170986	-1.1034446105727385
86000000	-1.4462743267542622	0.3273179800461237	-1.2313586991050176	0.0	1.0	1.0	-0.0	0.3273179800461237	-1.2313586991050176
86050000	1.9914841546642077	0.4132083679267681	-1.0114874610365827	0.0	1.0	1.0	0.0	0.4132083679267681	-1.0114874610365827
86100000	-0.9896643474383842	0.5570495377297207	-1.1062471595283199	0.0	1.0	1.0	-0.0	0.5570495377297207	-1.1062471595283199
86150000	-3.4178001669353195	-0.847664012185888	-1.1139916047146865	0.0	0.0	1.0	-0.0	-0.0	-1.1139916047146865
86200000	-2.781014782411834	0.32763365442071946	-1.1396526475641284	0.0	1.0	1.0	-0.0	0.32763365442071946	-1.1396526475641284
86250000	-0.21952898885818728	0.1932835150466439	-1.129734288571074	0.0	1.0	1.0	-0.0	0.1932835150466439	-1.129734288571074
86300000	-1.094347097770448	0.3581661025560263	-1.0936288896496025	0.0	1.0	1.0	-0.0	0.3581661025560263	-1.0936288896496025
86350000	-0.6042008018376785	0.21201594121555456	-1.0966665649647744	0.0	1.0	1.0	-0.0	0.21201594121555456	-1.0966665649647744
86400000	-0.17035507281532877	0.7525891890999077	-1.2019603766319886	0.0	1.0	1.0	-0.0	0.7525891890999077	-1.2019603766319886
86450000	-0.8902875743647422	0.20468145300128124	-1.2455513713766155	0.0	1.0	1.0	-0.0	0.20468145300128124	-1.2455513713766155
86500000	-2.8058956209659973	1.170076472000362	-1.1477810500976067	0.0	0.0	1.0	-0.0	0.0	-1.1477810500976067
86550000	0.1597193611186215	0.2566229502794811	-1.1270145702587402	0.0	1.0	1.0	0.0	0.2566229502794811	-1.1270145702587402
86600000	0.07928361302749584	0.45421698634589874	-1.1133529320979205	1.0	1.0	1.0	0.07928361302749584	0.45421698634589874	-1.1133529320979205
86650000	-1.644700935442955	0.16492684429466087	-1.0911101801654357	0.0	1.0	1.0	-0.0	0.16492684429466087	-1.0911101801654357
86700000	-2.102762837579776	0.6078505792092067	-0.9880367425314935	0.0	1.0	1.0	-0.0	0.6078505792092067	-0.9880367425314935
86750000	1.6668198056149885	0.44816120283190725	-1.115914787066839	0.0	1.0	1.0	0.0	0.44816120283190725	-1.115914787066839
86800000	2.1746720526537993	0.33483201562585546	-1.098914039589267	0.0	1.0	1.0	0.0	0.33483201562585546	-1.098914039589267
86850000	0.30791777425356504	1.3272639838734706	-1.0575189886304694	0.0	0.0	1.0	0.0	0.0	-1.0575189886304694
86900000	0.8000526445022459	1.9941454242403196	-1.1426308666197433	0.0	0.0	1.0	0.0	0.0	-1.1426308666197433
86950000	-3.309086389033362	0.4479734656007558	-1.1639600155393872	0.0	1.0	1.0	-0.0	0.4479734656007558	-1.1639600155393872
87000000	1.1177809549685165	0.405895779242923	-0.9595252212384622	0.0	1.0	1.0	0.0	0.405895779242923	-0.9595252212384622
87050000	-2.6788488649926303	0.3820149156473951	-1.156646167745505	0.0	1.0	1.0	-0.0	0.3820149156473951	-1.156646167745505
87100000	0.15795305497470508	0.2387331265786865	-1.2886957693296575	0.0	1.0	1.0	0.0	0.2387331265786865	-1.2886957693296575
87150000	-1.7600453527561406	0.2682204792500943	-1.2161445237410902	0.0	1.0	1.0	-0.0	0.2682204792500943	-1.2161445237410902
87200000	-0.8900032485664692	0.3827760906823558	-1.0785288366408614	0.0	1.0	1.0	-0.0	0.3827760906823558	-1.0785288366408614
87250000	-0.5002914947923135	0.4692840082730873	-1.2144373750832371	0.0	1.0	1.0	-0.0	0.4692840082730873	-1.2144373750832371
87300000	-0.9110039384409506	0.5628792577988015	-1.0862151790156376	0.0	1.0	1.0	-0.0	0.5628792577988015	-1.0862151790156376
87350000	2.0144692482978	0.32053547604790084	-1.033836826853544	0.0	1.0	1.0	0.0	0.32053547604790084	-1.033836826853544
87400000	0.19575493438508196	0.4019277173867872	-1.1063680463973888	1.0	1.0	1.0	0.19575493438508196	0.4019277173867872	-1.1063680463973888
87450000	3.539664229837018	0.3872345567681651	-1.118926870330168	0.0	1.0	1.0	0.0	0.3872345567681651	-1.118926870330168
87500000	-0.9753009880683048	0.3753055659746107	-1.2045004121051968	0.0	1.0	1.0	-0.0	0.3753055659746107	-1.2045004121051968
87550000	0.2165834336806719	0.484024597964877	-0.9777523631947919	0.0	1.0	1.0	0.0	0.484024597964877	-0.9777523631947919
87600000	-0.1495800551123263	0.49865771660328084	-1.156048027532872	0.0	1.0	1.0	-0.0	0.49865771660328084	-1.156048027532872
87650000	1.1831443443903318	0.3460036071262321	-1.1566026212034801	0.0	1.0	1.0	0.0	0.3460036071262321	-1.1566026212034801
87700000	0.6802769750228685	0.24287502393107152	-0.9101710871700808	0.0	1.0	1.0	0.0	0.24287502393107152	-0.9101710871700808
87750000	1.5808399492745917	0.33076394567641426	-0.9948576099262507	0.0	1.0	1.0	0.0	0.33076394567641426	-0.9948576099262507
87800000	0.7172059733287668	0.5843539598666447	-1.0704764259625346	0.0	1.0	1.0	0.0	0.5843539598666447	-1.0704764259625346
87850000	0.10004230590563594	0.4166635720316361	-0.957309011608151	1.0	1.0	1.0	0.10004230590563594	0.4166635720316361	-0.957309011608151
87900000	0.9730749511123259	0.5030486945394338	-1.1058281926228883	0.0	1.0	1.0	0.0	0.5030486945394338	-1.1058281926228883
87950000	-3.91415497485998	4.630621170856869	-1.0672518257621748	0.0	0.0	1.0	-0.0	0.0	-1.0672518257621748
88000000	-1.370037814025787	0.24781500842319665	-1.1739162440285176	0.0	1.0	1.0	-0.0	0.24781500842319665	-1.1739162440285176
88050000	0.06492312929104838	0.5420290973577	-1.116023047824685	1.0	1.0	1.0	0.06492312929104838	0.5420290973577	-1.116023047824685
88100000	0.5708535276555076	0.298604152939513	-0.9961381076140029	0.0	1.0	1.0	0.0	0.298604152939513	-0.9961381076140029
88150000	1.3550841787511672	0.41297456585266357	-0.9403098936459735	0.0	1.0	1.0	0.0	0.41297456585266357	-0.9403098936459735
88200000	1.3040293890660384	0.43576418950515083	-1.0741329917244558	0.0	1.0	1.0	0.0	0.43576418950515083	-1.0741329917244558
88250000	-0.18090236489334427	0.23268751655479297	-0.9951524708397312	0.0	1.0	1.0	-0.0	0.23268751655479297	-0.9951524708397312
88300000	-0.10913891211035277	0.49759484925297637	-1.0394482368369533	1.0	1.0	1.0	-0.10913891211035277	0.49759484925297637	-1.0394482368369533
88350000	-1.0385593617830666	0.626337765990944	-1.0717851429638643	0.0	1.0	1.0	-0.0	0.626337765990944	-1.0717851429638643
88400000	-0.3266641449730388	0.43726801971216006	-1.1760393779867246	0.0	1.0	1.0	-0.0	0.43726801971216006	-1.1760393779867246
88450000	-1.2890410164374133	0.5695331543875615	-0.998149213607846	0.0	1.0	1.0	-0.0	0.5695331543875615	-0.998149213607846
88500000	1.5626980399122843	0.42240339571878477	-1.053893145856959	0.0	1.0	1.0	0.0	0.42240339571878477	-1.053893145856959
88550000	2.463739000052024	0.36519099101828234	-0.8735277349752582	0.0	1.0	1.0	0.0	0.36519099101828234	-0.8735277349752582
88600000	1.8722499854945218	0.4294319594247646	-1.0549276849938505	0.0	1.0	1.0	0.0	0.4294319594247646	-1.0549276849938505
88650000	1.2382570567940798	0.21827216889869336	-1.2592282807279402	0.0	1.0	1.0	0.0	0.21827216889869336	-1.2592282807279402
88700000	0.1274594741639823	0.40222419394996467	-1.1423413035190275	1.0	1.0	1.0	0.1274594741639823	0.40222419394996467	-1.1423413035190275
88750000	0.31558545359101664	0.4176730610137557	-0.9606150536919108	0.0	1.0	1.0	0.0	0.4176730610137557	-0.9606150536919108
88800000	-1.7691983862028113	0.49784395726736014	-1.1019144082593384	0.0	1.0	1.0	-0.0	0.49784395726736014	-1.1019144082593384
88850000	-0.7858788728286888	0.3999398553980798	-1.0143624133321014	0.0	1.0	1.0	-0.0	0.3999398553980798	-1.0143624133321014
88900000	-2.6339482213902627	0.2529793337448649	-1.1494699383855365	0.0	1.0	1.0	-0.0	0.2529793337448649	-1.1494699383855365
88950000	0.2534916557469047	0.4367158523194854	-1.0666846195412023	1.0	1.0	1.0	0.2534916557469047	0.4367158523194854	-1.0666846195412023
89000000	1.4809057838778399	0.26965420679423663	-0.9555938993842036	0.0	1.0	1.0	0.0	0.26965420679423663	-0.9555938993842036
89050000	-1.818880448143667	0.39578491441421054	-0.9745651876739359	0.0	1.0	1.0	-0.0	0.39578491441421054	-0.9745651876739359
89100000	1.8302444649036052	0.18398113759002127	-1.2901986376482912	0.0	1.0	1.0	0.0	0.18398113759002127	-1.2901986376482912
89150000	0.05391861348670214	0.0679672108163138	-1.120692729970686	1.0	1.0	1.0	0.05391861348670214	0.0679672108163138	-1.120692729970686
89200000	-2.018221932644624	0.19439193761908574	-1.1643671228430463	0.0	1.0	1.0	-0.0	0.19439193761908574	-1.1643671228430463
89250000	-3.6990235361045163	0.33191763344170744	-1.0624932154646543	0.0	1.0	1.0	-0.0	0.33191763344170744	-1.0624932154646543
89300000	0.08416872352356708	0.404783165956104	-1.0182745527335355	1.0	1.0	1.0	0.08416872352356708	0.404783165956104	-1.0182745527335355
89350000	-4.972112849903103	0.2679152165719942	-1.2237974427996892	0.0	0.0	1.0	-0.0	0.0	-1.2237974427996892
89400000	-4.144228548267732	0.1977425349859612	-1.1023510357092083	0.0	1.0	1.0	-0.0	0.1977425349859612	-1.1023510357092083
89450000	1.205801582120342	-0.5041548734605718	-1.0453832816295585	0.0	0.0	1.0	0.0	-0.0	-1.0453832816295585
89500000	-1.3549547148222105	-0.7557394132263641	-1.1497224459333977	0.0	0.0	1.0	-0.0	-0.0	-1.1497224459333977
89550000	0.14953060969718376	-2.5960391877192173	-1.1556074795414557	0.0	0.0	1.0	0.0	-0.0	-1.1556074795414557
89600000	-0.23491550157603636	0.6005616418791895	-1.203298295742902	0.0	0.0	1.0	-0.0	0.0	-1.203298295742902
89650000	1.6075406597901587	0.7059537648869757	-1.1342279066567322	0.0	0.0	1.0	0.0	0.0	-1.1342279066567322
89700000	-1.3980522923427507	0.3199104454076718	-1.1834612964551192	0.0	1.0	1.0	-0.0	0.3199104454076718	-1.1834612964551192
89750000	-3.453751617209206	0.2611737389476359	-1.2337329326259854	0.0	1.0	1.0	-0.0	0.2611737389476359	-1.2337329326259854
89800000	0.16077190231967234	0.3443639136586111	-1.086169170103184	1.0	1.0	1.0	0.16077190231967234	0.3443639136586111	-1.086169170103184
89850000	-0.9362025520293865	0.45511127238337634	-1.0818065507312298	0.0	1.0	1.0	-0.0	0.45511127238337634	-1.0818065507312298
89900000	2.046196486610515	0.5032726891957465	-1.1587138354182671	0.0	1.0	1.0	0.0	0.5032726891957465	-1.1587138354182671
89950000	0.24443008668406135	0.3739578807854746	-1.0589322588184882	0.0	1.0	1.0	0.0	0.3739578807854746	-1.0589322588184882
90000000	0.26257603084989656	0.38550065165606334	-1.2870178570684716	0.0	1.0	1.0	0.0	0.38550065165606334	-1.2870178570684716
90050000	-1.6123317854954957	0.29410508378454375	-1.2309825636949046	0.0	1.0	1.0	-0.0	0.29410508378454375	-1.2309825636949046
90100000	1.2862771000372755	-1.602090132179999	-1.1670702838507965	0.0	0.0	1.0	0.0	-0.0	-1.1670702838507965
90150000	2.0933485233944777	-0.5889449100392605	-1.2304076265210724	0.0	0.0	1.0	0.0	-0.0	-1.2304076265210724
90200000	-0.4557444406630774	0.39559850398913243	-1.109084490389884	0.0	1.0	1.0	-0.0	0.39559850398913243	-1.109084490389884
90250000	0.6980773392889382	0.3274998434753338	-1.040175989009516	0.0	1.0	1.0	0.0	0.3274998434753338	-1.040175989009516
90300000	0.6131197705007454	0.48927483113380943	-1.0442923911291144	0.0	1.0	1.0	0.0	0.48927483113380943	-1.0442923911291144
90350000	-3.634257268130364	0.38503759861833825	-0.9280481354726898	0.0	1.0	1.0	-0.0	0.38503759861833825	-0.9280481354726898
90400000	1.7770628276970883	0.5949367808754625	-1.081720428172614	0.0	1.0	1.0	0.0	0.5949367808754625	-1.081720428172614
90450000	0.9667012579363483	0.45641592818465987	-1.1201474714836885	0.0	1.0	1.0	0.0	0.45641592818465987	-1.1201474714836885
90500000	1.8410091321287783	0.2980322995350017	-1.173550139008222	0.0	1.0	1.0	0.0	0.2980322995350017	-1.173550139008222
90550000	2.2535072984410274	0.4370192118436741	-0.9794405450943126	0.0	1.0	1.0	0.0	0.4370192118436741	-0.9794405450943126
90600000	-2.535578477022771	0.5253502688801074	-1.0410211951609325	0.0	1.0	1.0	-0.0	0.5253502688801074	-1.0410211951609325
90650000	0.34147944875675307	0.4174084035863644	-1.0322928549820958	0.0	1.0	1.0	0.0	0.4174084035863644	-1.0322928549820958
90700000	-0.6877983046531163	0.21025194397051286	-0.999176792867024	0.0	1.0	1.0	-0.0	0.21025194397051286	-0.999176792867024
90750000	-3.9171342438494277	0.3345907826857434	-1.1622285690814453	0.0	1.0	1.0	-0.0	0.3345907826857434	-1.1622285690814453
90800000	0.36007598664301543	0.4851249677581645	-1.0013619856307667	1.0	1.0	1.0	0.36007598664301543	0.4851249677581645	-1.0013619856307667
90850000	1.6033332276300083	0.28397635998278087	-1.0787710278913416	0.0	1.0	1.0	0.0	0.28397635998278087	-1.0787710278913416
90900000	2.2984050521285235	0.3363005125475593	-1.0170749925020626	0.0	1.0	1.0	0.0	0.3363005125475593	-1.0170749925020626
90950000	0.25789818760110483	0.4217830363290455	-1.0661336105148076	1.0	1.0	1.0	0.25789818760110483	0.4217830363290455	-1.0661336105148076
91000000	3.320753180149902	0.32928643038309996	-1.0710259984570563	0.0	1.0	1.0	0.0	0.32928643038309996	-1.0710259984570563
91050000	-1.478682984625826	0.46859520876081123	-1.1235755455139038	0.0	1.0	1.0	-0.0	0.46859520876081123	-1.1235755455139038
91100000	-0.05477257466560449	0.47761478734394397	-1.0880666196618098	0.0	1.0	1.0	-0.0	0.47761478734394397	-1.0880666196618098
91150000	-5.737431154891516	0.2521414774827604	-1.1352979641337073	0.0	1.0	1.0	-0.0	0.2521414774827604	-1.1352979641337073
91200000	-2.1889124840631062	0.42376372719204536	-0.954018353140349	0.0	1.0	1.0	-0.0	0.42376372719204536	-0.954018353140349
91250000	-1.4123350388014813	0.5459590845477998	-1.0377564998628714	0.0	1.0	1.0	-0.0	0.5459590845477998	-1.0377564998628714
91300000	-0.344620557535805	0.49822498535727505	-1.1075078581453088	0.0	1.0	1.0	-0.0	0.49822498535727505	-1.1075078581453088
91350000	0.9142711753834374	0.3724277519172576	-1.207699400916797	0.0	1.0	1.0	0.0	0.3724277519172576	-1.207699400916797
91400000	-1.3335597382302034	0.40390565990023397	-1.129083004326607	0.0	1.0	1.0	-0.0	0.40390565990023397	-1.129083004326607
91450000	-0.22717676973666015	0.3676091341017763	-1.142270806622174	0.0	1.0	1.0	-0.0	0.3676091341017763	-1.142270806622174
91500000	-2.5349131404007843	0.3757018435180497	-1.0692129709113571	0.0	1.0	1.0	-0.0	0.3757018435180497	-1.0692129709113571
91550000	-3.0407138818850177	0.5047600451622325	-1.1610984525854189	0.0	1.0	1.0	-0.0	0.5047600451622325	-1.1610984525854189
91600000	1.3868827643264565	0.5401489218345278	-1.0358891004852029	0.0	1.0	1.0	0.0	0.5401489218345278	-1.0358891004852029
91650000	0.19606479573052865	0.46953182535664595	-1.0677359989620694	1.0	1.0	1.0	0.19606479573052865	0.46953182535664595	-1.0677359989620694
91700000	5.176418626566653	-0.305912081816816	-1.010202386206454	0.0	0.0	1.0	0.0	-0.0	-1.010202386206454
91750000	0.7412298752812271	0.28654497986098865	-1.1055344780778775	0.0	1.0	1.0	0.0	0.28654497986098865	-1.1055344780778775
91800000	-2.08542280061104	0.3102315997068808	-1.1451420928297524	0.0	1.0	1.0	-0.0	0.3102315997068808	-1.1451420928297524
91850000	-2.107692483167277	0.3627647600949292	-1.136549027350339	0.0	1.0	1.0	-0.0	0.3627647600949292	-1.136549027350339
91900000	0.6000815905882338	0.5467931788801726	-1.054612874113262	0.0	1.0	1.0	0.0	0.5467931788801726	-1.054612874113262
91950000	-2.856124105816588	0.4594651552955921	-1.094546043085007	0.0	1.0	1.0	-0.0	0.4594651552955921	-1.094546043085007
92000000	0.3062508313832696	0.42125030364706517	-1.1656530234498792	0.0	1.0	1.0	0.0	0.42125030364706517	-1.1656530234498792
92050000	0.10144678188625407	0.45567921063801925	-1.0412828386554491	1.0	1.0	1.0	0.10144678188625407	0.45567921063801925	-1.0412828386554491
92100000	-0.829613440489687	0.7811296274382594	-1.0885191364409565	0.0	0.0	1.0	-0.0	0.0	-1.0885191364409565
92150000	3.496122834676882	1.9170155300806344	-1.1006869883795962	0.0	0.0	1.0	0.0	0.0	-1.1006869883795962
92200000	1.7645461999581893	0.4262023908784267	-1.0224845454371605	0.0	1.0	1.0	0.0	0.4262023908784267	-1.0224845454371605
92250000	0.03563766858236809	0.39179368867627806	-1.1063301820315197	1.0	1.0	1.0	0.03563766858236809	0.39179368867627806	-1.1063301820315197
92300000	0.8673481947594543	0.7801887902830801	-1.070596847866903	0.0	0.0	1.0	0.0	0.0	-1.070596847866903
92350000	-0.1665178653561521	0.21587984515224243	-1.1386933835331783	0.0	1.0	1.0	-0.0	0.21587984515224243	-1.1386933835331783
92400000	3.6192822061235104	0.39476190363600133	-1.181593799413677	0.0	1.0	1.0	0.0	0.39476190363600133	-1.181593799413677
92450000	-0.8042527554382625	0.30411701486747694	-0.9545246266981195	0.0	1.0	1.0	-0.0	0.30411701486747694	-0.9545246266981195
92500000	4.740857803940967	0.38044457939148213	-1.0588025729529804	0.0	1.0	1.0	0.0	0.38044457939148213	-1.0588025729529804
92550000	-2.5507514891721925	0.46748483817667497	-1.0897549915311993	0.0	1.0	1.0	-0.0	0.46748483817667497	-1.0897549915311993
92600000	2.503095358594464	0.4135462320786239	-1.0579942767166999	0.0	1.0	1.0	0.0	0.4135462320786239	-1.0579942767166999
92650000	-0.10346886253329912	0.3608718834315306	-1.1807299401009739	0.0	1.0	1.0	-0.0	0.3608718834315306	-1.1807299401009739
92700000	3.1512940179608497	0.1928291327755966	-1.1450943884854075	0.0	1.0	1.0	0.0	0.1928291327755966	-1.1450943884854075
92750000	0.1866024891529845	0.5728206612662984	-1.1701602047269641	0.0	1.0	1.0	0.0	0.5728206612662984	-1.1701602047269641
92800000	0.5197154593151257	0.30112480430732036	-1.1160830807091124	0.0	1.0	1.0	0.0	0.30112480430732036	-1.1160830807091124
92850000	0.17836246048357485	0.3583973327633707	-1.0490693335486596	0.0	1.0	1.0	0.0	0.3583973327633707	-1.0490693335486596
92900000	-0.6263565870134714	0.5783745083293269	-1.0801138552734162	0.0	1.0	1.0	-0.0	0.5783745083293269	-1.0801138552734162
92950000	0.6096113757643945	0.20835533626844388	-1.0471909953380327	0.0	1.0	1.0	0.0	0.20835533626844388	-1.0471909953380327
93000000	0.5291727464929122	0.1979942902369932	-1.0012032258279848	0.0	1.0	1.0	0.0	0.1979942902369932	-1.0012032258279848
93050000	2.5807729851803223	0.4316316273397843	-1.032074707773752	0.0	1.0	1.0	0.0	0.4316316273397843	-1.032074707773752
93100000	0.9385866969456113	0.3535034170373874	-0.9922110188811616	0.0	1.0	1.0	0.0	0.3535034170373874	-0.9922110188811616
93150000	-0.07625292645959043	0.39114779055688054	-1.1202728239713322	0.0	1.0	1.0	-0.0	0.39114779055688054	-1.1202728239713322
93200000	0.6228000596990126	-1.2266608714947167	-1.1874097891499908	0.0	0.0	1.0	0.0	-0.0	-1.1874097891499908
93250000	2.45689364843704	0.46267250481060784	-1.1872252664559153	0.0	1.0	1.0	0.0	0.46267250481060784	-1.1872252664559153
93300000	1.4384407596455513	0.36477973608434455	-1.2493083209612141	0.0	1.0	1.0	0.0	0.36477973608434455	-1.2493083209612141
93350000	-0.5645726623375366	0.406392359169864	-1.1137033996019194	0.0	1.0	1.0	-0.0	0.406392359169864	-1.1137033996019194
93400000	-0.40723764754518904	0.2948833955974142	-1.0964818388873867	0.0	1.0	1.0	-0.0	0.2948833955974142	-1.0964818388873867
93450000	1.2890025756320838	0.5369248688270317	-1.2723245335682507	0.0	1.0	1.0	0.0	0.5369248688270317	-1.2723245335682507
93500000	-0.7882594803066152	0.27754458375922275	-1.1142425691901805	0.0	1.0	1.0	-0.0	0.27754458375922275	-1.1142425691901805
93550000	2.980807403471008	0.5407205966172187	-1.0787568854342855	0.0	1.0	1.0	0.0	0.5407205966172187	-1.0787568854342855
93600000	0.21747365737706467	-0.9158462243819487	-1.1562071249561379	0.0	0.0	1.0	0.0	-0.0	-1.1562071249561379
93650000	2.0021963836961825	0.6001838392731087	-1.0198706476740735	0.0	1.0	1.0	0.0	0.6001838392731087	-1.0198706476740735
93700000	-2.436834683762185	0.36140295859484234	-1.1305837756407118	0.0	1.0	1.0	-0.0	0.36140295859484234	-1.1305837756407118
93750000	-0.3944747793555407	0.2180117479125355	-1.061328603984279	0.0	1.0	1.0	-0.0	0.2180117479125355	-1.061328603984279
93800000	2.499886692821054	0.4348535740615702	-1.1280126398065689	0.0	1.0	1.0	0.0	0.4348535740615702	-1.1280126398065689
93850000	1.6214395189879405	0.3548388155045693	-0.9313514500960168	0.0	1.0	1.0	0.0	0.3548388155045693	-0.9313514500960168
93900000	-0.08037080558140519	0.6085806301658092	-0.9516973828574862	0.0	1.0	1.0	-0.0	0.6085806301658092	-0.9516973828574862
93950000	-5.076764014135845	0.4114154450420329	-1.0583124838507734	0.0	1.0	1.0	-0.0	0.4114154450420329	-1.0583124838507734
94000000	-1.7714901404796788	0.663747679071239	-0.8308599318152565	0.0	1.0	1.0	-0.0	0.663747679071239	-0.8308599318152565
94050000	-2.7585274980808063	0.29451681003340624	-1.242516822048444	0.0	1.0	1.0	-0.0	0.29451681003340624	-1.242516822048444
94100000	2.2228173840286787	0.4717949338797918	-0.9226323587671146	0.0	1.0	1.0	0.0	0.4717949338797918	-0.9226323587671146
94150000	-4.464885346815983	3.250150852242212	-1.3145159643643034	0.0	0.0	1.0	-0.0	0.0	-1.3145159643643034
94200000	-3.2870943287164494	0.41353994751535533	-1.0996267426212316	0.0	1.0	1.0	-0.0	0.41353994751535533	-1.0996267426212316
94250000	2.2333923323072242	0.44418351304378184	-1.1622695829050917	0.0	1.0	1.0	0.0	0.44418351304378184	-1.1622695829050917
94300000	0.5841205011341799	0.37151107338366957	-1.1144543001186185	0.0	1.0	1.0	0.0	0.37151107338366957	-1.1144543001186185
94350000	-0.24718320944809705	0.3493159223462346	-1.067048655285521	0.0	1.0	1.0	-0.0	0.3493159223462346	-1.067048655285521
94400000	-0.5505365703377849	0.5957533723729775	-1.0895057093223244	0.0	1.0	1.0	-0.0	0.5957533723729775	-1.0895057093223244
94450000	2.9332101692102084	0.3962532565070505	-1.0978853279209253	0.0	1.0	1.0	0.0	0.3962532565070505	-1.0978853279209253
94500000	0.5127704363321345	0.4817624408528991	-1.0258450158327512	0.0	1.0	1.0	0.0	0.4817624408528991	-1.0258450158327512
94550000	-1.60992761537877	0.4375260323258127	-1.1749042513588908	0.0	1.0	1.0	-0.0	0.4375260323258127	-1.1749042513588908
94600000	0.8662786909447602	0.47161490749650387	-1.1960132573855038	0.0	1.0	1.0	0.0	0.47161490749650387	-1.1960132573855038
94650000	1.6333026916967226	0.5428871140901055	-0.9897739845319332	0.0	1.0	1.0	0.0	0.5428871140901055	-0.9897739845319332
94700000	-1.1378349759919653	0.3520634354262139	-1.1045486834715137	0.0	1.0	1.0	-0.0	0.3520634354262139	-1.1045486834715137
94750000	2.466144951528988	0.25485996338481254	-1.192986792518787	0.0	1.0	1.0	0.0	0.25485996338481254	-1.192986792518787
94800000	2.8423952385804436	0.4430191340720183	-1.0304268620547457	0.0	1.0	1.0	0.0	0.4430191340720183	-1.0304268620547457
94850000	-0.8268589189215086	0.45852188742942135	-1.066213357798052	0.0	1.0	1.0	-0.0	0.45852188742942135	-1.066213357798052
94900000	-0.5791715775797244	0.39052480327879263	-1.0406061078612732	0.0	1.0	1.0	-0.0	0.39052480327879263	-1.0406061078612732
94950000	1.2886232692976116	0.5793303961237135	-1.1005264334109002	0.0	1.0	1.0	0.0	0.5793303961237135	-1.1005264334109002
95000000	-0.9304768953014735	0.6078525875594456	-1.164409065062943	0.0	1.0	1.0	-0.0	0.6078525875594456	-1.164409065062943
95050000	2.8908305561282863	0.24231765980358858	-1.2046939739748301	0.0	1.0	1.0	0.0	0.24231765980358858	-1.2046939739748301
95100000	-4.310006114101723	0.3978970652054913	-0.9495647503315696	0.0	1.0	1.0	-0.0	0.3978970652054913	-0.9495647503315696
95150000	0.6057210433021257	0.3393896171642519	-1.0623662576291186	0.0	1.0	1.0	0.0	0.3393896171642519	-1.0623662576291186
95200000	-0.3322101987145963	0.5458739842855392	-1.0209752765089088	0.0	1.0	1.0	-0.0	0.5458739842855392	-1.0209752765089088
95250000	0.2876540506924121	0.3720173060016308	-1.0930911678114223	0.0	1.0	1.0	0.0	0.3720173060016308	-1.0930911678114223
95300000	-0.7137956262107245	0.1139405255607856	-1.085488841735791	0.0	1.0	1.0	-0.0	0.1139405255607856	-1.085488841735791
95350000	1.5513899737760182	0.3871363417504451	-1.0672476936649204	0.0	1.0	1.0	0.0	0.3871363417504451	-1.0672476936649204
95400000	-1.8785190890637424	0.29766137755043864	-1.16875522105148	0.0	1.0	1.0	-0.0	0.29766137755043864	-1.16875522105148
95450000	1.3813910956572382	0.4652709270745386	-1.0668136737460963	0.0	1.0	1.0	0.0	0.4652709270745386	-1.0668136737460963
95500000	-1.8095220824500287	0.35815005707642966	-0.9382622092190709	0.0	1.0	1.0	-0.0	0.35815005707642966	-0.9382622092190709
95550000	2.892644219906087	0.44267386057021874	-1.1517966336028944	0.0	1.0	1.0	0.0	0.44267386057021874	-1.1517966336028944
95600000	0.966968940024421	0.3041000134383112	-1.0334393568069937	0.0	1.0	1.0	0.0	0.3041000134383112	-1.0334393568069937
95650000	-2.34914727462365	0.34962836220800925	-1.0341371876005983	0.0	1.0	1.0	-0.0	0.34962836220800925	-1.0341371876005983
95700000	-0.2942168723099552	0.3951172497354978	-1.0123119188574259	0.0	1.0	1.0	-0.0	0.3951172497354978	-1.0123119188574259
95750000	-0.809824754800041	0.4787639276288977	-0.9964329032256466	0.0	1.0	1.0	-0.0	0.4787639276288977	-0.9964329032256466
95800000	-1.86106221484251	0.42756934265407176	-1.059404125305719	0.0	1.0	1.0	-0.0	0.42756934265407176	-1.059404125305719
95850000	-1.272961176940742	-0.7085795624178225	-1.200214095896358	0.0	0.0	1.0	-0.0	-0.0	-1.200214095896358
95900000	2.7609212030262413	0.4324359734574717	-1.0564253156260612	0.0	1.0	1.0	0.0	0.4324359734574717	-1.0564253156260612
95950000	-1.3145116442724087	0.33894316165882443	-1.11801033466376	0.0	1.0	1.0	-0.0	0.33894316165882443	-1.11801033466376
96000000	-0.9936691025292936	0.47932664471472547	-1.1619575453406643	0.0	1.0	1.0	-0.0	0.47932664471472547	-1.1619575453406643
96050000	1.9072944318174891	0.34879215772149885	-1.153816640846809	0.0	1.0	1.0	0.0	0.34879215772149885	-1.153816640846809
96100000	2.114841036269292	0.5210450500769187	-1.1335310356631796	0.0	1.0	1.0	0.0	0.5210450500769187	-1.1335310356631796
96150000	-2.401835474793231	-2.7827735340921476	-1.1511168296134362	0.0	0.0	1.0	-0.0	-0.0	-1.1511168296134362
96200000	3.0570602952502917	0.337565001453084	-1.09064215315413	0.0	1.0	1.0	0.0	0.337565001453084	-1.09064215315413
96250000	0.13319067351235434	0.3677705538846228	-1.0034324429855355	1.0	1.0	1.0	0.13319067351235434	0.3677705538846228	-1.0034324429855355
96300000	-1.422525441848157	0.4098216181493582	-1.10267343116623	0.0	1.0	1.0	-0.0	0.4098216181493582	-1.10267343116623
96350000	2.1169093241103676	1.5585261683312102	-1.1049912031171685	0.0	0.0	1.0	0.0	0.0	-1.1049912031171685
96400000	0.7456806700936293	0.27018254765252314	-1.1599792487216425	0.0	1.0	1.0	0.0	0.27018254765252314	-1.1599792487216425
96450000	-1.0670082879772531	0.3523747297090319	-1.104412439585016	0.0	1.0	1.0	-0.0	0.3523747297090319	-1.104412439585016
96500000	-1.1125579941140642	0.3643153985910364	-1.0898881312921984	0.0	1.0	1.0	-0.0	0.3643153985910364	-1.0898881312921984
96550000	2.6234822630975265	0.4534350445832478	-1.1170450633494158	0.0	1.0	1.0	0.0	0.4534350445832478	-1.1170450633494158
96600000	0.09041589832393047	0.27865751088292057	-1.1349969962910968	0.0	1.0	1.0	0.0	0.27865751088292057	-1.1349969962910968
96650000	0.720142227796432	0.3901589896187871	-1.138253687659212	0.0	1.0	1.0	0.0	0.3901589896187871	-1.138253687659212
96700000	2.3474846600836936	0.5181790980467508	-0.999487047198105	0.0	1.0	1.0	0.0	0.5181790980467508	-0.999487047198105
96750000	-2.3716493219584023	0.20265680613502146	-1.2122571274261305	0.0	0.0	1.0	-0.0	0.0	-1.2122571274261305
96800000	-0.5260062633384552	0.3647089085318721	-1.0209870337323907	0.0	1.0	1.0	-0.0	0.3647089085318721	-1.0209870337323907
96850000	0.6163659486195532	-4.145546231222174	-1.1027756625602123	0.0	0.0	1.0	0.0	-0.0	-1.1027756625602123
96900000	0.23990745441583636	0.26490339205175545	-1.0700716752860355	0.0	1.0	1.0	0.0	0.26490339205175545	-1.0700716752860355
96950000	2.319354532360765	0.2941791196511232	-1.1126087443096975	0.0	1.0	1.0	0.0	0.2941791196511232	-1.1126087443096975
97000000	-0.7767881298735864	0.3075417231268419	-1.137309804779193	0.0	1.0	1.0	-0.0	0.3075417231268419	-1.137309804779193
97050000	0.2395502279372519	0.3410151932320997	-1.0381567479105775	0.0	1.0	1.0	0.0	0.3410151932320997	-1.0381567479105775
97100000	-2.0456270787990336	0.48488763497120146	-1.1156045105469476	0.0	1.0	1.0	-0.0	0.48488763497120146	-1.1156045105469476
97150000	0.13202133282351533	0.27583893799614734	-1.151506341535111	0.0	1.0	1.0	0.0	0.27583893799614734	-1.151506341535111
97200000	-0.055114708975670446	0.31469530076758007	-0.8657856374877614	0.0	1.0	1.0	-0.0	0.31469530076758007	-0.8657856374877614
97250000	1.1114024601484054	0.4030346975699582	-1.119060390537735	0.0	1.0	1.0	0.0	0.4030346975699582	-1.119060390537735
97300000	-1.2072247392161661	0.4359536668860457	-1.2079553237481553	0.0	1.0	1.0	-0.0	0.4359536668860457	-1.2079553237481553
97350000	-0.08807845726347467	0.3354722593033923	-1.0191346615046089	1.0	1.0	1.0	-0.08807845726347467	0.3354722593033923	-1.0191346615046089
97400000	-0.5760512887226112	1.4559668706010147	-1.121996062571423	0.0	0.0	1.0	-0.0	0.0	-1.121996062571423
97450000	-4.247755957275294	0.2913862317588556	-0.950340533932478	0.0	1.0	1.0	-0.0	0.2913862317588556	-0.950340533932478
97500000	-1.2719822021163067	0.3871640899057363	-1.1273723814543275	0.0	1.0	1.0	-0.0	0.3871640899057363	-1.1273723814543275
97550000	0.16799933326168964	0.4557245137490132	-1.136291289291486	0.0	1.0	1.0	0.0	0.4557245137490132	-1.136291289291486
97600000	-2.791066804280186	0.3639523250240429	-1.0452519352483438	0.0	1.0	1.0	-0.0	0.3639523250240429	-1.0452519352483438
97650000	-1.2867855664715582	0.5271486022678357	-1.1425748898484462	0.0	1.0	1.0	-0.0	0.5271486022678357	-1.1425748898484462
97700000	-1.5760009809947546	0.4525960952672734	-1.1504920523872357	0.0	1.0	1.0	-0.0	0.4525960952672734	-1.1504920523872357
97750000	0.6552513821994648	3.8590224828324002	-1.2666907552766777	0.0	0.0	1.0	0.0	0.0	-1.2666907552766777
97800000	-0.3405963564851128	0.6104400972676368	-1.0056681744057545	0.0	1.0	1.0	-0.0	0.6104400972676368	-1.0056681744057545
97850000	-1.2314160974344346	0.3264818668775472	-1.1120291134500158	0.0	1.0	1.0	-0.0	0.3264818668775472	-1.1120291134500158
97900000	-1.7826711142098715	0.4049443020256868	-1.039821112593198	0.0	1.0	1.0	-0.0	0.4049443020256868	-1.039821112593198
97950000	-4.6616202949357355	0.4399805576463798	-1.2643760878276664	0.0	1.0	1.0	-0.0	0.4399805576463798	-1.2643760878276664
98000000	-3.1821366920528957	0.23124081838989746	-1.0134812115103529	0.0	1.0	1.0	-0.0	0.23124081838989746	-1.0134812115103529
98050000	-2.1817609625123113	-1.2599305996454844	-1.1877968350454435	0.0	0.0	1.0	-0.0	-0.0	-1.1877968350454435
98100000	1.9620623298547746	0.4849583800743951	-1.0449966283027026	0.0	1.0	1.0	0.0	0.4849583800743951	-1.0449966283027026
98150000	-3.8369782274391846	-0.9859212839678173	-1.0077244461151007	0.0	0.0	1.0	-0.0	-0.0	-1.0077244461151007
98200000	-3.122819695855633	0.36098749158782134	-1.1488111253374336	0.0	0.0	1.0	-0.0	0.0	-1.1488111253374336
98250000	-0.8977544019247183	0.4788577933332069	-1.1289061487540695	0.0	1.0	1.0	-0.0	0.4788577933332069	-1.1289061487540695
98300000	2.35246930044965	0.2988531719915389	-1.1367908381194791	0.0	1.0	1.0	0.0	0.2988531719915389	-1.1367908381194791
98350000	-2.953547449715965	-4.129278865336396	-1.1155069110698066	0.0	0.0	1.0	-0.0	-0.0	-1.1155069110698066
98400000	2.4589924528751554	0.3996551507180134	-1.0374851580871525	0.0	1.0	1.0	0.0	0.3996551507180134	-1.0374851580871525
98450000	1.3826436603794412	0.3276635691451245	-1.0486061205697201	0.0	1.0	1.0	0.0	0.3276635691451245	-1.0486061205697201
98500000	1.202069878764051	0.5639179037146029	-1.0859337590827234	0.0	1.0	1.0	0.0	0.5639179037146029	-1.0859337590827234
98550000	-0.8096901175122845	0.46339862400919446	-1.002594796254022	0.0	1.0	1.0	-0.0	0.46339862400919446	-1.002594796254022
98600000	-0.6641888801602449	0.3397121948694916	-1.2844375429220065	0.0	1.0	1.0	-0.0	0.3397121948694916	-1.2844375429220065
98650000	-3.372089569067048	0.5394426120068161	-1.0209635253998384	0.0	1.0	1.0	-0.0	0.5394426120068161	-1.0209635253998384
98700000	-0.5446536838709563	0.5890697877642584	-1.0990472446923452	0.0	1.0	1.0	-0.0	0.5890697877642584	-1.0990472446923452
98750000	-0.21453618740361405	0.308432848321345	-1.1275398902602356	0.0	1.0	1.0	-0.0	0.308432848321345	-1.1275398902602356
98800000	0.1578896128538952	0.3837102235381471	-1.138357547124157	1.0	1.0	1.0	0.1578896128538952	0.3837102235381471	-1.138357547124157
98850000	1.4882382719879965	0.19409895864510604	-1.1693309342910505	0.0	1.0	1.0	0.0	0.19409895864510604	-1.1693309342910505
98900000	-1.766702743761376	0.37594678110781593	-1.111228983968334	0.0	1.0	1.0	-0.0	0.37594678110781593	-1.111228983968334
98950000	-0.5840129846766252	0.541312428058678	-1.164022229104812	0.0	0.0	1.0	-0.0	0.0	-1.164022229104812
99000000	1.912492695434335	0.4761024923273925	-1.144648381387179	0.0	1.0	1.0	0.0	0.4761024923273925	-1.144648381387179
99050000	0.9290214252666346	0.2687751242454196	-0.9901875326236222	0.0	1.0	1.0	0.0	0.2687751242454196	-0.9901875326236222
99100000	-0.812235096039787	0.25581661471691797	-0.9949044004410801	0.0	1.0	1.0	-0.0	0.25581661471691797	-0.9949044004410801
99150000	0.2212215685349499	0.3257384351331562	-1.1680628505857489	0.0	1.0	1.0	0.0	0.3257384351331562	-1.1680628505857489
99200000	2.7200000469639773	-0.6759276612310267	-1.217694246720176	0.0	0.0	1.0	0.0	-0.0	-1.217694246720176
99250000	0.7613191650905179	-3.247758859140328	-1.0319473182595367	0.0	0.0	1.0	0.0	-0.0	-1.0319473182595367
99300000	-0.7112060022554237	0.31896511887941115	-1.1072179011859522	0.0	1.0	1.0	-0.0	0.31896511887941115	-1.1072179011859522
99350000	3.763930293603475	0.2641647758865526	-1.1526307091705312	0.0	1.0	1.0	0.0	0.2641647758865526	-1.1526307091705312
99400000	3.016978458873065	0.41769452205544805	-0.9782524448253641	0.0	1.0	1.0	0.0	0.41769452205544805	-0.9782524448253641
99450000	3.9771167508705525	0.27568881013842106	-1.1741770744172924	0.0	1.0	1.0	0.0	0.27568881013842106	-1.1741770744172924
99500000	0.8380274539501718	0.5887544925441798	-1.1649903757418514	0.0	1.0	1.0	0.0	0.5887544925441798	-1.1649903757418514
99550000	-1.2847664553744593	0.33981820730435275	-1.0347764066457346	0.0	1.0	1.0	-0.0	0.33981820730435275	-1.0347764066457346
99600000	0.5359200059165785	0.4098490688109921	-0.9437073777292396	0.0	1.0	1.0	0.0	0.4098490688109921	-0.9437073777292396
99650000	-2.1400342544798017	0.4663225232731092	-1.0033059241164597	0.0	1.0	1.0	-0.0	0.4663225232731092	-1.0033059241164597
99700000	-0.09573083105793762	0.4160710234534716	-1.0095475278915895	0.0	1.0	1.0	-0.0	0.4160710234534716	-1.0095475278915895
99750000	0.5972092661888017	0.27980563781567763	-1.1804894493463232	0.0	1.0	1.0	0.0	0.27980563781567763	-1.1804894493463232
99800000	-0.3246550679027333	0.4902634238506572	-1.0181843001715292	0.0	1.0	1.0	-0.0	0.4902634238506572	-1.0181843001715292
99850000	3.8176767587990024	0.7852744887257914	-1.2045798244359907	0.0	0.0	1.0	0.0	0.0	-1.2045798244359907
99900000	-1.6284410276190173	0.5054349684909689	-1.186494930946822	0.0	1.0	1.0	-0.0	0.5054349684909689	-1.186494930946822
99950000	2.9546937232438664	0.2467882629111048	-1.1111411773706374	0.0	1.0	1.0	0.0	0.2467882629111048	-1.1111411773706374
100000000	3.794184801129157	0.31802707831503657	-1.063882100230333	0.0	1.0	1.0	0.0	0.31802707831503657	-1.063882100230333
100050000	3.861614461819715	0.47761903050050125	-1.022332987754388	0.0	1.0	1.0	0.0	0.47761903050050125	-1.022332987754388
100100000	2.3360017260710197	0.39392594961467164	-1.0722374451205126	0.0	1.0	1.0	0.0	0.39392594961467164	-1.0722374451205126
100150000	-1.6952380621127132	0.40785599427359226	-1.119713390730973	0.0	1.0	1.0	-0.0	0.40785599427359226	-1.119713390730973
100200000	-1.0867121911491855	0.17841808013413107	-1.130425554063267	0.0	1.0	1.0	-0.0	0.17841808013413107	-1.130425554063267
100250000	-3.315176439278929	0.3043055935650287	-1.101613028997053	0.0	1.0	1.0	-0.0	0.3043055935650287	-1.101613028997053
100300000	2.571007185960407	0.4487663190831004	-1.0999644900553702	0.0	1.0	1.0	0.0	0.4487663190831004	-1.0999644900553702
100350000	-2.8684223447133186	0.2971759678875026	-1.1838878539460571	0.0	1.0	1.0	-0.0	0.2971759678875026	-1.1838878539460571
100400000	1.1348534441020046	0.4274723335702714	-1.0418927207488657	0.0	1.0	1.0	0.0	0.4274723335702714	-1.0418927207488657
100450000	1.1242871692814576	0.303862162966133	-1.1178119546121261	0.0	1.0	1.0	0.0	0.303862162966133	-1.1178119546121261
100500000	-0.41358363397774767	0.4244619152075067	-1.1856005297590542	0.0	1.0	1.0	-0.0	0.4244619152075067	-1.1856005297590542
100550000	-0.5644097189341178	-2.8007180618122636	-1.181251523384005	0.0	0.0	1.0	-0.0	-0.0	-1.181251523384005
100600000	-4.065041377681709	0.5278571835627368	-1.0839930692364044	0.0	1.0	1.0	-0.0	0.5278571835627368	-1.0839930692364044
100650000	-0.43722899136237814	0.4618990980992154	-0.9868760462637522	0.0	1.0	1.0	-0.0	0.4618990980992154	-0.9868760462637522
100700000	0.0061680552981296655	0.40277695405492947	-1.0518561481251631	1.0	1.0	1.0	0.0061680552981296655	0.40277695405492947	-1.0518561481251631
100750000	0.5681462277108682	-1.5971966718671984	-1.175592711715222	0.0	0.0	1.0	0.0	-0.0	-1.175592711715222
100800000	1.241505330954265	0.25597212676668385	-1.0188333829514138	0.0	1.0	1.0	0.0	0.25597212676668385	-1.0188333829514138
100850000	2.389840878740179	-3.960149956003831	-1.1723400562176838	0.0	0.0	1.0	0.0	-0.0	-1.1723400562176838
100900000	-1.039471896555908	0.4893257134367782	-1.0724405093183327	0.0	1.0	1.0	-0.0	0.4893257134367782	-1.0724405093183327
100950000	1.1322520427587444	0.34401454869880466	-1.1920424338646083	0.0	1.0	1.0	0.0	0.34401454869880466	-1.1920424338646083
101000000	0.1960013058947648	0.48793182247928246	-1.1435997892546184	0.0	1.0	1.0	0.0	0.48793182247928246	-1.1435997892546184
101050000	4.513447136732922	0.4674372455436615	-1.1170685588096552	0.0	1.0	1.0	0.0	0.4674372455436615	-1.1170685588096552
101100000	-3.1519917379773013	0.36376712658201077	-1.1571463342193509	0.0	1.0	1.0	-0.0	0.36376712658201077	-1.1571463342193509
101150000	1.304638991445154	0.3121852348182245	-1.0373661484306707	0.0	1.0	1.0	0.0	0.3121852348182245	-1.0373661484306707
101200000	2.276232499791875	0.3644088172214097	-1.0961657685376618	0.0	1.0	1.0	0.0	0.3644088172214097	-1.0961657685376618
101250000	-2.575900780429386	0.17505109369610933	-1.1737366653726176	0.0	1.0	1.0	-0.0	0.17505109369610933	-1.1737366653726176
101300000	1.2635084086661659	0.3348180977797119	-1.0497191500069771	0.0	1.0	1.0	0.0	0.3348180977797119	-1.0497191500069771
101350000	2.4982306709933684	0.17576824624897158	-1.2786489135784396	0.0	1.0	1.0	0.0	0.17576824624897158	-1.2786489135784396
101400000	0.07404365833612778	0.40177837450010073	-1.0975346066439482	1.0	1.0	1.0	0.07404365833612778	0.40177837450010073	-1.0975346066439482
101450000	0.3253137942930348	0.22253522889054	-1.0772789227531865	0.0	1.0	1.0	0.0	0.22253522889054	-1.0772789227531865
101500000	-3.6361196406304908	0.44828166298474675	-1.1934320357168864	0.0	1.0	1.0	-0.0	0.44828166298474675	-1.1934320357168864
101550000	3.1684158529626596	-0.8644128476477455	-1.2518775948346854	0.0	0.0	1.0	0.0	-0.0	-1.2518775948346854
101600000	0.37721767948951257	0.13688314688103487	-1.0548900010841658	0.0	0.0	1.0	0.0	0.0	-1.0548900010841658
101650000	-0.8260025662872694	0.34620923559536404	-1.1800619497673102	0.0	1.0	1.0	-0.0	0.34620923559536404	-1.1800619497673102
101700000	-0.013182026518911304	-2.9243532155488716	-1.293143228362131	0.0	0.0	1.0	-0.0	-0.0	-1.293143228362131
101750000	0.24048355110680164	0.2776763706045205	-1.022000421406459	1.0	1.0	1.0	0.24048355110680164	0.2776763706045205	-1.022000421406459
101800000	2.1350476356868797	0.43345182444084096	-1.1196446819130215	0.0	1.0	1.0	0.0	0.43345182444084096	-1.1196446819130215
101850000	1.4403212784834494	0.3754157689095413	-1.1523146159290403	0.0	1.0	1.0	0.0	0.3754157689095413	-1.1523146159290403
101900000	-1.2353427221979347	0.5915494391163992	-1.1267824640527886	0.0	1.0	1.0	-0.0	0.5915494391163992	-1.1267824640527886
101950000	-2.299475146262605	0.3453347683132945	-1.0676453904394547	0.0	1.0	1.0	-0.0	0.3453347683132945	-1.0676453904394547
102000000	0.23265076895485273	0.38526776736587776	-1.0122777033143533	0.0	1.0	1.0	0.0	0.38526776736587776	-1.0122777033143533
102050000	-1.857913120537769	0.27242133019322984	-1.044820747778715	0.0	1.0	1.0	-0.0	0.27242133019322984	-1.044820747778715
102100000	3.6348991846259726	0.4837770584213986	-1.066196795807245	0.0	1.0	1.0	0.0	0.4837770584213986	-1.066196795807245
102150000	-0.91682487419883	0.29586155934739095	-1.1794161393918303	0.0	1.0	1.0	-0.0	0.29586155934739095	-1.1794161393918303
102200000	3.937593679967084	-1.0859331604114253	-1.4069134514091701	0.0	0.0	1.0	0.0	-0.0	-1.4069134514091701
102250000	4.05064378323421	0.622040860299966	-0.9212850145671433	0.0	1.0	1.0	0.0	0.622040860299966	-0.9212850145671433
102300000	0.08071710541630919	0.3297552261351592	-0.9241818238270127	1.0	1.0	1.0	0.08071710541630919	0.3297552261351592	-0.9241818238270127
102350000	1.526252238351712	0.6267639142271416	-1.0518879029920352	0.0	1.0	1.0	0.0	0.6267639142271416	-1.0518879029920352
102400000	2.9758770365701785	0.17421543579943027	-1.2733404948875655	0.0	1.0	1.0	0.0	0.17421543579943027	-1.2733404948875655
102450000	-1.4894037467483048	0.08877023079086321	-1.1283579099936991	0.0	1.0	1.0	-0.0	0.08877023079086321	-1.1283579099936991
102500000	1.7918737368970357	0.3440155843077478	-1.0091429005153558	0.0	1.0	1.0	0.0	0.3440155843077478	-1.0091429005153558
102550000	-0.517268063259083	0.2871484898049331	-1.0302330144682592	0.0	1.0	1.0	-0.0	0.2871484898049331	-1.0302330144682592
102600000	-1.0387551916488933	0.5968557419471643	-0.949950690557987	0.0	1.0	1.0	-0.0	0.5968557419471643	-0.949950690557987
102650000	-0.3950605221609016	0.6484279797609769	-1.1794818993748462	0.0	0.0	1.0	-0.0	0.0	-1.1794818993748462
102700000	-2.6714543460284177	0.2565372564153652	-1.0906799514647871	0.0	1.0	1.0	-0.0	0.2565372564153652	-1.0906799514647871
102750000	4.530576020890416	0.2790844021224765	-1.1265895556538996	0.0	1.0	1.0	0.0	0.2790844021224765	-1.1265895556538996
102800000	0.1740050738315591	0.3083939360371948	-1.0686097298062716	0.0	1.0	1.0	0.0	0.3083939360371948	-1.0686097298062716
102850000	-1.0058323880057205	0.14042011199348195	-1.1135261735275719	0.0	1.0	1.0	-0.0	0.14042011199348195	-1.1135261735275719
102900000	-0.9506901612826768	0.28174902020505194	-1.2595444640834792	0.0	1.0	1.0	-0.0	0.28174902020505194	-1.2595444640834792
102950000	1.8635576045039866	0.4872295025362618	-0.8924606448860766	0.0	1.0	1.0	0.0	0.4872295025362618	-0.8924606448860766
103000000	0.14453994027374262	0.38308916296823203	-1.088002585423163	0.0	1.0	1.0	0.0	0.38308916296823203	-1.088002585423163
103050000	-2.656873524101013	0.31516633321224286	-1.1090300901589962	0.0	1.0	1.0	-0.0	0.31516633321224286	-1.1090300901589962
103100000	2.7658235228897534	0.3754037185900655	-1.124282035127723	0.0	1.0	1.0	0.0	0.3754037185900655	-1.124282035127723
103150000	-0.609610610087903	0.4049959071737707	-1.1318119328965797	0.0	1.0	1.0	-0.0	0.4049959071737707	-1.1318119328965797
103200000	0.4095480789383003	0.6258260395457963	-1.154626921473	0.0	1.0	1.0	0.0	0.6258260395457963	-1.154626921473
103250000	1.2476331963325626	0.3031470518819319	-1.1020615256247026	0.0	1.0	1.0	0.0	0.3031470518819319	-1.1020615256247026
103300000	1.3497968904602493	0.2915273595424934	-1.1179159972644113	0.0	1.0	1.0	0.0	0.2915273595424934	-1.1179159972644113
103350000	-0.7865444741379708	0.32291808096351143	-1.1585930390263888	0.0	1.0	1.0	-0.0	0.32291808096351143	-1.1585930390263888
103400000	-2.9966945372139326	0.4447333527964034	-1.065656767905536	0.0	1.0	1.0	-0.0	0.4447333527964034	-1.065656767905536
103450000	1.4454936109437821	0.4705627371280644	-1.0129916983578156	0.0	1.0	1.0	0.0	0.4705627371280644	-1.0129916983578156
103500000	0.5045043283958366	0.33313032396022974	-1.0361540994499445	0.0	1.0	1.0	0.0	0.33313032396022974	-1.0361540994499445
103550000	3.3675965371229672	0.4137042628721566	-1.1380530461570315	0.0	1.0	1.0	0.0	0.4137042628721566	-1.1380530461570315
103600000	-2.8061671903282246	0.3781987582331991	-1.0643470551156937	0.0	1.0	1.0	-0.0	0.3781987582331991	-1.0643470551156937
103650000	-0.2281928446640508	0.4448409315244498	-1.1523340164729043	0.0	1.0	1.0	-0.0	0.4448409315244498	-1.1523340164729043
103700000	0.26816819472367753	0.3357904660580202	-1.0230820533317246	0.0	1.0	1.0	0.0	0.3357904660580202	-1.0230820533317246
103750000	0.2811841960262742	0.3987118004447314	-1.0381836927558081	0.0	1.0	1.0	0.0	0.3987118004447314	-1.0381836927558081
103800000	0.04148852952742166	0.38504783633237694	-1.1520944288029276	0.0	1.0	1.0	0.0	0.38504783633237694	-1.1520944288029276
103850000	0.5575123186409994	0.4312081195854845	-1.1064108255958576	0.0	1.0	1.0	0.0	0.4312081195854845	-1.1064108255958576
103900000	-1.95478686499572	0.6455193048867552	-0.9944198857690976	0.0	1.0	1.0	-0.0	0.6455193048867552	-0.9944198857690976
103950000	3.2072680423022217	0.5218464125414622	-1.089373849665855	0.0	1.0	1.0	0.0	0.5218464125414622	-1.089373849665855
104000000	-1.8188296568804252	0.6177109233040163	-0.9478551196372494	0.0	1.0	1.0	-0.0	0.6177109233040163	-0.9478551196372494
104050000	-0.7345898108617849	0.3456665724606098	-1.0843543356324483	0.0	1.0	1.0	-0.0	0.3456665724606098	-1.0843543356324483
104100000	-0.521810296615935	0.4289176605788081	-1.0975345239591816	0.0	1.0	1.0	-0.0	0.4289176605788081	-1.0975345239591816
104150000	1.418586210443163	0.255520699827645	-1.1999395749522437	0.0	1.0	1.0	0.0	0.255520699827645	-1.1999395749522437
104200000	1.9396059809926216	0.3219368316721385	-1.2027835558877937	0.0	1.0	1.0	0.0	0.3219368316721385	-1.2027835558877937
104250000	-0.005105809982455196	0.3237096134659847	-1.0057215955807706	0.0	1.0	1.0	-0.0	0.3237096134659847	-1.0057215955807706
104300000	0.7487424617211151	0.4686799195236761	-1.1720817002135488	0.0	1.0	1.0	0.0	0.4686799195236761	-1.1720817002135488
104350000	1.5313823109130826	0.4556874510699707	-1.0399208146259165	0.0	1.0	1.0	0.0	0.4556874510699707	-1.0399208146259165
104400000	0.3858538816501027	0.3169039919413084	-1.0425870377947284	0.0	1.0	1.0	0.0	0.3169039919413084	-1.0425870377947284
104450000	0.2155792164145075	0.4467059061147846	-1.0139786518397338	1.0	1.0	1.0	0.2155792164145075	0.4467059061147846	-1.0139786518397338
104500000	0.8409801618117514	0.2811194208730068	-1.0817732596492764	0.0	1.0	1.0	0.0	0.2811194208730068	-1.0817732596492764
104550000	-2.3374563283162613	0.5661634321827912	-1.0771706723595476	0.0	1.0	1.0	-0.0	0.5661634321827912	-1.0771706723595476
104600000	-0.6206653228021972	4.389918380966993	-1.1563481315919883	0.0	0.0	1.0	-0.0	0.0	-1.1563481315919883
104650000	-0.4230354221520489	0.10276054321896909	-1.1338694502531212	0.0	1.0	1.0	-0.0	0.10276054321896909	-1.1338694502531212
104700000	2.8768919205339443	0.2804265725742395	-0.9864940178642972	0.0	1.0	1.0	0.0	0.2804265725742395	-0.9864940178642972
104750000	1.6890691750085056	0.2061711057389852	-1.1293345193730597	0.0	1.0	1.0	0.0	0.2061711057389852	-1.1293345193730597
104800000	1.7665156388586656	0.35109721023688073	-1.1244608329799448	0.0	1.0	1.0	0.0	0.35109721023688073	-1.1244608329799448
104850000	3.652679104174621	0.4638069175115343	-0.99192307602053	0.0	1.0	1.0	0.0	0.4638069175115343	-0.99192307602053
104900000	-0.3967731467727252	0.427254068004687	-1.0268202667719837	0.0	1.0	1.0	-0.0	0.427254068004687	-1.0268202667719837
104950000	-2.0470727284558885	0.2702930075223544	-1.1740284513571566	0.0	1.0	1.0	-0.0	0.2702930075223544	-1.1740284513571566
105000000	2.2661970182899003	0.26665316167451886	-1.1326599105649826	0.0	1.0	1.0	0.0	0.26665316167451886	-1.1326599105649826
105050000	-3.578050133856705	0.5157324000024754	-1.0827347871757387	0.0	1.0	1.0	-0.0	0.5157324000024754	-1.0827347871757387
105100000	1.5655985008615767	0.3435454450577881	-1.1413426332551877	0.0	1.0	1.0	0.0	0.3435454450577881	-1.1413426332551877
105150000	-0.1120473762503695	0.36320586899801705	-1.1246461079212353	0.0	1.0	1.0	-0.0	0.36320586899801705	-1.1246461079212353
105200000	-1.0440977915169278	0.5951482026806295	-1.0194701336821193	0.0	1.0	1.0	-0.0	0.5951482026806295	-1.0194701336821193
105250000	1.8777715168027675	-5.64536873557515	-0.948954831847338	0.0	0.0	1.0	0.0	-0.0	-0.948954831847338
105300000	1.6664161241117508	0.21557068403189414	-0.9764776756519914	0.0	1.0	1.0	0.0	0.21557068403189414	-0.9764776756519914
105350000	0.43164479834718067	0.37360690513722544	-0.8867422157600472	0.0	1.0	1.0	0.0	0.37360690513722544	-0.8867422157600472
105400000	-2.293712917200675	0.4218679801273798	-1.0937967751562103	0.0	1.0	1.0	-0.0	0.4218679801273798	-1.0937967751562103
105450000	2.058555688062364	0.3730771934899569	-1.0283211009081628	0.0	1.0	1.0	0.0	0.3730771934899569	-1.0283211009081628
105500000	1.497642257486274	0.574223948388342	-1.0073352529393067	0.0	1.0	1.0	0.0	0.574223948388342	-1.0073352529393067
105550000	-1.7245835780571745	0.2838794032373155	-1.0191965892757748	0.0	1.0	1.0	-0.0	0.2838794032373155	-1.0191965892757748
105600000	-5.310068128770052	0.36885360247235166	-1.0196620869076385	0.0	1.0	1.0	-0.0	0.36885360247235166	-1.0196620869076385
105650000	4.029016200669932	0.4595397639538116	-1.0384950718738808	0.0	1.0	1.0	0.0	0.4595397639538116	-1.0384950718738808
105700000	-0.8093072644843703	0.419456505232203	-1.145278377130443	0.0	1.0	1.0	-0.0	0.419456505232203	-1.145278377130443
105750000	0.0038500286226551966	0.554103188851852	-1.0679671239834012	0.0	1.0	1.0	0.0	0.554103188851852	-1.0679671239834012
105800000	1.906331923587615	0.39318660818060297	-1.1215159391007663	0.0	1.0	1.0	0.0	0.39318660818060297	-1.1215159391007663
105850000	0.682766960132273	0.23149378583834074	-1.221827927967471	0.0	1.0	1.0	0.0	0.23149378583834074	-1.221827927967471
105900000	-1.9470514674999175	0.36250306988391773	-1.0964536074261586	0.0	1.0	1.0	-0.0	0.36250306988391773	-1.0964536074261586
105950000	-2.2717583283529095	0.5887694395017427	-1.0336063762761623	0.0	1.0	1.0	-0.0	0.5887694395017427	-1.0336063762761623
106000000	1.0740613433446597	0.30896900754413437	-1.1965160031908275	0.0	1.0	1.0	0.0	0.30896900754413437	-1.1965160031908275
106050000	0.9099568012572958	0.28555181962589504	-1.0650853070633668	0.0	1.0	1.0	0.0	0.28555181962589504	-1.0650853070633668
106100000	0.6528041926693304	0.20205167612453526	-1.1878640477325462	0.0	1.0	1.0	0.0	0.20205167612453526	-1.1878640477325462
106150000	-3.3085801838026674	0.5431797091048858	-0.9017520470200273	0.0	1.0	1.0	-0.0	0.5431797091048858	-0.9017520470200273
106200000	-2.947289231953327	0.41520739562523684	-1.112667470382749	0.0	1.0	1.0	-0.0	0.41520739562523684	-1.112667470382749
106250000	1.7500688246021723	2.162536980508942	-1.1930819915808224	0.0	0.0	1.0	0.0	0.0	-1.1930819915808224
106300000	0.6693654678571856	0.44650525475540065	-1.2240736696304664	0.0	1.0	1.0	0.0	0.44650525475540065	-1.2240736696304664
106350000	0.5537358251150418	-2.41211841572823	-1.0466837742326058	0.0	0.0	1.0	0.0	-0.0	-1.0466837742326058
106400000	-0.10861315549583062	0.39414972360617173	-1.1581221108760946	0.0	1.0	1.0	-0.0	0.39414972360617173	-1.1581221108760946
106450000	0.8963559726196341	2.7737544820416256	-1.243828079455022	0.0	0.0	1.0	0.0	0.0	-1.243828079455022
106500000	3.515533943955562	0.44528437130316945	-0.957653886138935	0.0	1.0	1.0	0.0	0.44528437130316945	-0.957653886138935
106550000	-3.013443376949243	0.521587000216167	-1.0787141739599082	0.0	1.0	1.0	-0.0	0.521587000216167	-1.0787141739599082
106600000	-3.8994133506998665	0.5546908606509146	-1.099436144650033	0.0	1.0	1.0	-0.0	0.5546908606509146	-1.099436144650033
106650000	-0.10023992888971356	0.24213576313262414	-1.0737925576648204	0.0	1.0	1.0	-0.0	0.24213576313262414	-1.0737925576648204
106700000	-0.4697818935758056	0.49443060390822946	-1.0046676643690802	0.0	1.0	1.0	-0.0	0.49443060390822946	-1.0046676643690802
106750000	-2.012291457358768	0.30380495457535195	-1.0658855130835057	0.0	1.0	1.0	-0.0	0.30380495457535195	-1.0658855130835057
106800000	0.2769369296694331	0.4487700799318946	-1.037241315627521	1.0	1.0	1.0	0.2769369296694331	0.4487700799318946	-1.037241315627521
106850000	0.6106315917790921	0.34773086332856895	-1.0961095364685063	0.0	1.0	1.0	0.0	0.34773086332856895	-1.0961095364685063
106900000	-2.7548603454516116	0.44342460432889264	-0.9986607084967862	0.0	1.0	1.0	-0.0	0.44342460432889264	-0.9986607084967862
106950000	1.621819125937441	0.23761018927764052	-1.1529602928539504	0.0	1.0	1.0	0.0	0.23761018927764052	-1.1529602928539504
107000000	1.385081106281384	0.22931717801256246	-1.123047183928399	0.0	1.0	1.0	0.0	0.22931717801256246	-1.123047183928399
107050000	2.8299437066598156	0.5480520801550034	-0.9294729480036084	0.0	1.0	1.0	0.0	0.5480520801550034	-0.9294729480036084
107100000	2.9253860165678294	0.5350454028767301	-1.030714615673263	0.0	1.0	1.0	0.0	0.5350454028767301	-1.030714615673263
107150000	-0.634491687274017	0.5499374734424618	-1.017857093973067	0.0	1.0	1.0	-0.0	0.5499374734424618	-1.017857093973067
107200000	0.7334322253257238	-0.7352028973563735	-1.2576143526276025	0.0	0.0	1.0	0.0	-0.0	-1.2576143526276025
107250000	-0.9197733038251517	0.4766496563008116	-1.1369034299986183	0.0	1.0	1.0	-0.0	0.4766496563008116	-1.1369034299986183
107300000	-0.2693184470695501	0.2593016423170421	-1.1446790132227898	0.0	1.0	1.0	-0.0	0.2593016423170421	-1.1446790132227898
107350000	-2.339719510618232	0.41783523996446903	-0.9960368973109727	0.0	1.0	1.0	-0.0	0.41783523996446903	-0.9960368973109727
107400000	0.28190399159952756	0.47853389074737723	-0.9692475869578311	1.0	1.0	1.0	0.28190399159952756	0.47853389074737723	-0.9692475869578311
107450000	0.2196869117878813	0.2590045508852292	-1.1015671397049231	0.0	1.0	1.0	0.0	0.2590045508852292	-1.1015671397049231
107500000	0.11753617294909001	0.4011899123707779	-1.0586692519788798	1.0	1.0	1.0	0.11753617294909001	0.4011899123707779	-1.0586692519788798
107550000	3.2758766900143415	0.43368838656928843	-0.9264304518243822	0.0	1.0	1.0	0.0	0.43368838656928843	-0.9264304518243822
107600000	-1.8027639158736932	0.45231000880226263	-0.8975614021392957	0.0	1.0	1.0	-0.0	0.45231000880226263	-0.8975614021392957
107650000	-1.8176063960855768	0.4189131778894145	-1.0697345440286534	0.0	1.0	1.0	-0.0	0.4189131778894145	-1.0697345440286534
107700000	1.5903931919920125	0.47426236660478993	-1.0718465454069965	0.0	1.0	1.0	0.0	0.47426236660478993	-1.0718465454069965
107750000	-0.055070149631010964	0.35917092864551997	-1.1569553108584225	1.0	1.0	1.0	-0.055070149631010964	0.35917092864551997	-1.1569553108584225
107800000	0.011949724069099298	0.4535840478735961	-1.0358492940478439	1.0	1.0	1.0	0.011949724069099298	0.4535840478735961	-1.0358492940478439
107850000	-1.9776572675586876	0.2911542266425823	-1.0141544547742163	0.0	1.0	1.0	-0.0	0.2911542266425823	-1.0141544547742163
107900000	2.5800741388830417	0.33703280179329537	-0.9311992993615229	0.0	1.0	1.0	0.0	0.33703280179329537	-0.9311992993615229
107950000	-0.5117801983699162	0.4859867959673051	-1.1292681490732275	0.0	1.0	1.0	-0.0	0.4859867959673051	-1.1292681490732275
108000000	1.2616766019028378	0.2741393665872815	-1.0889446431469418	0.0	1.0	1.0	0.0	0.2741393665872815	-1.0889446431469418
108050000	0.052922539877350516	0.8685109203399116	-1.1235615889678312	0.0	0.0	1.0	0.0	0.0	-1.1235615889678312
108100000	0.7522429770003857	0.39598631984645716	-1.1139682289998174	0.0	1.0	1.0	0.0	0.39598631984645716	-1.1139682289998174
108150000	-1.8142305943406187	0.13110751778415716	-1.1819240698617268	0.0	1.0	1.0	-0.0	0.13110751778415716	-1.1819240698617268
108200000	-2.4841145532474065	0.2942509966444635	-1.0967827348591845	0.0	1.0	1.0	-0.0	0.2942509966444635	-1.0967827348591845
108250000	-1.7314308012879533	-2.6568359206946686	-1.2944056716236343	0.0	0.0	1.0	-0.0	-0.0	-1.2944056716236343
108300000	0.7317784361692421	0.4755245448493958	-1.024902263172807	0.0	1.0	1.0	0.0	0.4755245448493958	-1.024902263172807
108350000	1.3043915394159373	0.36021256172805727	-1.0934244821084267	0.0	1.0	1.0	0.0	0.36021256172805727	-1.0934244821084267
108400000	1.1914047716876022	0.6181399528336069	-1.0961397984541361	0.0	1.0	1.0	0.0	0.6181399528336069	-1.0961397984541361
108450000	1.8586578540133971	0.22710867214782107	-1.1370643810909322	0.0	1.0	1.0	0.0	0.22710867214782107	-1.1370643810909322
108500000	-2.7702688352968345	1.4628458507254807	-1.0847101755689212	0.0	0.0	1.0	-0.0	0.0	-1.0847101755689212
108550000	0.07063611964035477	0.27669463983812853	-1.1819159475703211	0.0	1.0	1.0	0.0	0.27669463983812853	-1.1819159475703211
108600000	0.49754863687669704	0.2746166222058224	-1.0272020901367125	0.0	1.0	1.0	0.0	0.2746166222058224	-1.0272020901367125
108650000	-0.8825585736321879	0.60081407490122	-0.8576201312921539	0.0	1.0	1.0	-0.0	0.60081407490122	-0.8576201312921539
108700000	4.0685767845456375	0.3783238639157991	-1.2108352319890465	0.0	1.0	1.0	0.0	0.3783238639157991	-1.2108352319890465
108750000	-0.8096161549435916	0.4984510016826955	-1.1652607414681613	0.0	1.0	1.0	-0.0	0.4984510016826955	-1.1652607414681613
108800000	-1.8507785741556952	0.24862726602077234	-1.1820042852345993	0.0	1.0	1.0	-0.0	0.24862726602077234	-1.1820042852345993
108850000	-0.07650621143278809	0.5294292992133122	-0.9837395634243751	0.0	1.0	1.0	-0.0	0.5294292992133122	-0.9837395634243751
108900000	0.03789220147415607	0.4130072147089986	-0.9533629996587581	1.0	1.0	1.0	0.03789220147415607	0.4130072147089986	-0.9533629996587581
108950000	2.5264162736607436	0.37365108318370116	-1.0356226857422424	0.0	1.0	1.0	0.0	0.37365108318370116	-1.0356226857422424
109000000	5.496272564925939	0.4773228345712752	-1.0967551433908806	0.0	1.0	1.0	0.0	0.4773228345712752	-1.0967551433908806
109050000	-0.5382222217723196	0.254322771537446	-1.1098331938865935	0.0	1.0	1.0	-0.0	0.254322771537446	-1.1098331938865935
109100000	-1.4483729842686819	0.28135531380641693	-1.1880590292942392	0.0	1.0	1.0	-0.0	0.28135531380641693	-1.1880590292942392
109150000	3.01012237397121	0.37730020284977006	-1.1324141376466226	0.0	1.0	1.0	0.0	0.37730020284977006	-1.1324141376466226
109200000	0.09050438132735694	0.6348215315917403	-1.1477210446047468	0.0	1.0	1.0	0.0	0.6348215315917403	-1.1477210446047468
109250000	-2.4251346027621743	0.25680232764795197	-1.0936486999720645	0.0	1.0	1.0	-0.0	0.25680232764795197	-1.0936486999720645
109300000	1.9119742611949622	0.4439607819168633	-0.9941950535762388	0.0	1.0	1.0	0.0	0.4439607819168633	-0.9941950535762388
109350000	-0.6881713643527467	0.41314196182075763	-1.023123181933701	0.0	1.0	1.0	-0.0	0.41314196182075763	-1.023123181933701
109400000	-1.2296814170898818	0.42940146871228996	-0.9823835270608874	0.0	1.0	1.0	-0.0	0.42940146871228996	-0.9823835270608874
109450000	4.475526094006997	0.3969686783679018	-1.039649875437626	0.0	1.0	1.0	0.0	0.3969686783679018	-1.039649875437626
109500000	-1.496300193625293	0.35604394824242636	-1.1504745171383914	0.0	1.0	1.0	-0.0	0.35604394824242636	-1.1504745171383914
109550000	3.494496840606563	0.2640431869964408	-1.0898056761105894	0.0	1.0	1.0	0.0	0.2640431869964408	-1.0898056761105894
109600000	-1.8799055956722914	0.6242015997802455	-1.0534041524979993	0.0	1.0	1.0	-0.0	0.6242015997802455	-1.0534041524979993
109650000	2.275492562435234	0.46282941303993697	-1.0990299525616405	0.0	1.0	1.0	0.0	0.46282941303993697	-1.0990299525616405
109700000	-0.8921084446719174	0.5769060785600233	-1.0852457647667821	0.0	1.0	1.0	-0.0	0.5769060785600233	-1.0852457647667821
109750000	4.411845875259415	0.17200643374661947	-1.062732966930105	0.0	1.0	1.0	0.0	0.17200643374661947	-1.062732966930105
109800000	-1.605720503314446	-1.5894971192226892	-1.2240584957312448	0.0	0.0	1.0	-0.0	-0.0	-1.2240584957312448
109850000	2.603140164694484	0.27296909626333793	-1.0936990599373069	0.0	1.0	1.0	0.0	0.27296909626333793	-1.0936990599373069
109900000	0.013379827937745215	0.2573498164751587	-0.9791919340021402	0.0	1.0	1.0	0.0	0.2573498164751587	-0.9791919340021402
109950000	-1.2956601205862976	0.3773087778633019	-1.0479853661975955	0.0	1.0	1.0	-0.0	0.3773087778633019	-1.0479853661975955
110000000	-0.9209919739223361	0.3993493312308183	-1.0755505605364981	0.0	1.0	1.0	-0.0	0.3993493312308183	-1.0755505605364981
110050000	-1.1841811253094745	0.42215662584450137	-1.0791061646404718	0.0	1.0	1.0	-0.0	0.42215662584450137	-1.0791061646404718
110100000	-0.39974875845073016	0.30605068369931954	-1.0753304492018922	0.0	1.0	1.0	-0.0	0.30605068369931954	-1.0753304492018922
110150000	-3.709732920634385	0.35139302572080416	-0.9436809973919674	0.0	1.0	1.0	-0.0	0.35139302572080416	-0.9436809973919674
110200000	-1.0001944472435764	0.5164454962732129	-0.9362905574455389	0.0	1.0	1.0	-0.0	0.5164454962732129	-0.9362905574455389
110250000	-1.2377530747398051	0.3926700014905127	-1.0349668762139808	0.0	1.0	1.0	-0.0	0.3926700014905127	-1.0349668762139808
110300000	-3.484198219782543	0.2870331588604872	-1.0864459060563907	0.0	1.0	1.0	-0.0	0.2870331588604872	-1.0864459060563907
110350000	0.18572481800376106	0.515683619902911	-0.9784498125336365	1.0	1.0	1.0	0.18572481800376106	0.515683619902911	-0.9784498125336365
110400000	1.499369216836841	0.41376197209472104	-1.12047267317043	0.0	1.0	1.0	0.0	0.41376197209472104	-1.12047267317043
110450000	1.2087545579749401	0.2802174920714233	-0.966383882014787	0.0	1.0	1.0	0.0	0.2802174920714233	-0.966383882014787
110500000	1.5448689139028375	0.3508389598550341	-1.1358474608801796	0.0	1.0	1.0	0.0	0.3508389598550341	-1.1358474608801796
110550000	-0.2344236734259847	0.36892826658508193	-1.0802182192116552	0.0	1.0	1.0	-0.0	0.36892826658508193	-1.0802182192116552
110600000	3.394436694322754	0.5887349777099891	-1.2098111133957377	0.0	1.0	1.0	0.0	0.5887349777099891	-1.2098111133957377
110650000	0.05950715910053184	0.4234294838885649	-1.1353078331072766	1.0	1.0	1.0	0.05950715910053184	0.4234294838885649	-1.1353078331072766
110700000	-0.36775950861871154	0.37131736066739823	-1.014842959244154	0.0	1.0	1.0	-0.0	0.37131736066739823	-1.014842959244154
110750000	4.023248736259336	2.552318732390743	-1.2558802331028645	0.0	0.0	1.0	0.0	0.0	-1.2558802331028645
110800000	-1.460888723581955	0.26372472514356793	-1.0279189513391385	0.0	1.0	1.0	-0.0	0.26372472514356793	-1.0279189513391385
110850000	-0.8946089502903366	0.4802205971252825	-1.0497821796536584	0.0	1.0	1.0	-0.0	0.4802205971252825	-1.0497821796536584
110900000	-0.5271274584423408	-0.4702675232698257	-1.3468446351745673	0.0	0.0	1.0	-0.0	-0.0	-1.3468446351745673
110950000	0.08629891147111034	0.45557615294570003	-0.9521651698167948	1.0	1.0	1.0	0.08629891147111034	0.45557615294570003	-0.9521651698167948
111000000	-0.1892507573129278	0.3550755859754195	-1.0514186633865799	0.0	1.0	1.0	-0.0	0.3550755859754195	-1.0514186633865799
111050000	1.131941496782912	-2.8756627364022784	-1.2141785905259206	0.0	0.0	1.0	0.0	-0.0	-1.2141785905259206
111100000	-1.8007145034471799	-0.9687776518753932	-1.0453360889894288	0.0	0.0	1.0	-0.0	-0.0	-1.0453360889894288
111150000	1.4253048486197197	0.452454189511281	-1.0212843506098925	0.0	1.0	1.0	0.0	0.452454189511281	-1.0212843506098925
111200000	0.3612185641171778	0.3379578527143992	-1.3094031667919472	0.0	1.0	1.0	0.0	0.3379578527143992	-1.3094031667919472
111250000	-0.07942862686514135	0.40106492958566087	-1.1168735785257298	0.0	1.0	1.0	-0.0	0.40106492958566087	-1.1168735785257298
111300000	-0.973492140304952	0.3218121937028351	-1.0385748682707188	0.0	1.0	1.0	-0.0	0.3218121937028351	-1.0385748682707188
111350000	-0.16501163081268833	0.5005798639292353	-0.9846209761511664	1.0	1.0	1.0	-0.16501163081268833	0.5005798639292353	-0.9846209761511664
111400000	1.8192866389055797	0.5081035500066827	-0.9692690430969857	0.0	1.0	1.0	0.0	0.5081035500066827	-0.9692690430969857
111450000	3.7428518504422708	0.35570879991067467	-1.1468789504206849	0.0	1.0	1.0	0.0	0.35570879991067467	-1.1468789504206849
111500000	0.5101945273516659	0.3166555478368906	-1.0995396566971531	0.0	1.0	1.0	0.0	0.3166555478368906	-1.0995396566971531
111550000	-2.7399554519770994	0.29171968115479774	-1.104010780558096	0.0	1.0	1.0	-0.0	0.29171968115479774	-1.104010780558096
111600000	1.1654867462489056	0.5074096249679769	-1.007761347584843	0.0	1.0	1.0	0.0	0.5074096249679769	-1.007761347584843
111650000	-2.628686170750708	0.3875032647567658	-1.143823397713333	0.0	1.0	1.0	-0.0	0.3875032647567658	-1.143823397713333
111700000	-4.359962046003364	0.2530698106143339	-1.14637026382491	0.0	1.0	1.0	-0.0	0.2530698106143339	-1.14637026382491
111750000	-0.1830865290601702	0.4137938673002821	-1.1150114211888669	0.0	1.0	1.0	-0.0	0.4137938673002821	-1.1150114211888669
111800000	-0.06525152021543257	0.5230798775796106	-0.984701395508336	0.0	1.0	1.0	-0.0	0.5230798775796106	-0.984701395508336
111850000	1.795564692672568	0.2486643563384949	-1.1359397592588154	0.0	1.0	1.0	0.0	0.2486643563384949	-1.1359397592588154
111900000	0.014171605002583392	0.407690311227107	-0.8908514508748351	1.0	1.0	1.0	0.014171605002583392	0.407690311227107	-0.8908514508748351
111950000	0.3581235398781669	0.4187294011864643	-1.2209025191675609	0.0	1.0	1.0	0.0	0.4187294011864643	-1.2209025191675609
112000000	-0.8081345385321922	0.5471551672259032	-1.011445601013505	0.0	1.0	1.0	-0.0	0.5471551672259032	-1.011445601013505
112050000	-2.3756835724148826	0.38753417520251754	-1.168071024506109	0.0	1.0	1.0	-0.0	0.38753417520251754	-1.168071024506109
112100000	2.118249769671518	0.08808597343707306	-1.1574962958608421	0.0	0.0	1.0	0.0	0.0	-1.1574962958608421
112150000	-2.0260296623123266	0.42370771446209354	-1.004440898587248	0.0	1.0	1.0	-0.0	0.42370771446209354	-1.004440898587248
112200000	3.492663379754368	0.6422620273837525	-0.9488567002495609	0.0	0.0	1.0	0.0	0.0	-0.9488567002495609
112250000	-0.024862008180863943	0.4237738280465782	-1.1629948871592437	0.0	1.0	1.0	-0.0	0.4237738280465782	-1.1629948871592437
112300000	-2.352276913222148	0.39534725385971026	-1.1313241285838356	0.0	1.0	1.0	-0.0	0.39534725385971026	-1.1313241285838356
112350000	-3.169238972460845	0.4702430673163386	-1.0954267439670113	0.0	1.0	1.0	-0.0	0.4702430673163386	-1.0954267439670113
112400000	0.44094209321520594	0.3099860289273868	-1.1170947612880748	0.0	1.0	1.0	0.0	0.3099860289273868	-1.1170947612880748
112450000	0.24879626138729172	0.4089019648118093	-0.958224403273279	0.0	1.0	1.0	0.0	0.4089019648118093	-0.958224403273279
112500000	0.17074151429153636	0.4484061355686293	-1.0685267387536816	1.0	1.0	1.0	0.17074151429153636	0.4484061355686293	-1.0685267387536816
112550000	3.0040091931564987	0.3588323502853097	-1.0338873349600852	0.0	1.0	1.0	0.0	0.3588323502853097	-1.0338873349600852
112600000	-0.603599119336472	0.38621637738052683	-1.0403939665390647	0.0	1.0	1.0	-0.0	0.38621637738052683	-1.0403939665390647
112650000	0.03736418576673506	0.3892591654702141	-1.0451473156737128	1.0	1.0	1.0	0.03736418576673506	0.3892591654702141	-1.0451473156737128
112700000	0.9930037584792553	0.37676535494585356	-1.0340609346605494	0.0	1.0	1.0	0.0	0.37676535494585356	-1.0340609346605494
112750000	2.315920243246843	0.6024464083963973	-1.0724928538348601	0.0	1.0	1.0	0.0	0.6024464083963973	-1.0724928538348601
112800000	0.32731754713882366	0.497875507280878	-1.0551492885983813	0.0	1.0	1.0	0.0	0.497875507280878	-1.0551492885983813
112850000	-4.782862440247723	0.5576546093743351	-1.189012592026957	0.0	0.0	1.0	-0.0	0.0	-1.189012592026957
112900000	0.5711234160059939	0.5530278557725224	-0.9930793549912158	0.0	1.0	1.0	0.0	0.5530278557725224	-0.9930793549912158
112950000	-0.08183274412890329	0.30645938322006383	-1.1749189317909858	0.0	1.0	1.0	-0.0	0.30645938322006383	-1.1749189317909858
113000000	-0.4868441268993006	0.36905056501287953	-1.0313185043622843	0.0	1.0	1.0	-0.0	0.36905056501287953	-1.0313185043622843
113050000	-1.0937954204079066	0.3333426460616275	-1.0815167153562677	0.0	1.0	1.0	-0.0	0.3333426460616275	-1.0815167153562677
113100000	2.1031894167905074	0.35912498570980445	-1.1002846897077558	0.0	1.0	1.0	0.0	0.35912498570980445	-1.1002846897077558
113150000	0.175360412033146	0.3103584619712142	-1.095051928468925	0.0	1.0	1.0	0.0	0.3103584619712142	-1.095051928468925
113200000	1.5372466159777398	0.3593347795189144	-1.1443346627024005	0.0	1.0	1.0	0.0	0.3593347795189144	-1.1443346627024005
113250000	1.6698441461370228	0.37784697053468813	-1.0043369057380107	0.0	1.0	1.0	0.0	0.37784697053468813	-1.0043369057380107
113300000	0.8919835249587406	0.330935800331789	-1.1102864557111087	0.0	1.0	1.0	0.0	0.330935800331789	-1.1102864557111087
113350000	0.05583823517537566	0.4902183478624764	-0.9687678509615744	1.0	1.0	1.0	0.05583823517537566	0.4902183478624764	-0.9687678509615744
113400000	2.0672971128305457	0.1552515574713593	-1.1743205518998099	0.0	1.0	1.0	0.0	0.1552515574713593	-1.1743205518998099
113450000	0.6374717045187894	0.28825354173292145	-1.1677160377335856	0.0	1.0	1.0	0.0	0.28825354173292145	-1.1677160377335856
113500000	2.85874683799995	0.27522543889527273	-1.2251302834055808	0.0	0.0	1.0	0.0	0.0	-1.2251302834055808
113550000	-1.5269515005116103	3.0359096612445713	-1.2100052646485893	0.0	0.0	1.0	-0.0	0.0	-1.2100052646485893
113600000	3.765418173247781	0.1071186153645537	-1.075015399018682	0.0	1.0	1.0	0.0	0.1071186153645537	-1.075015399018682
113650000	-2.511869014490552	0.362415095414662	-1.0771551065080014	0.0	1.0	1.0	-0.0	0.362415095414662	-1.0771551065080014
113700000	0.14774784318314582	0.24926740357563734	-0.9966338245670103	0.0	1.0	1.0	0.0	0.24926740357563734	-0.9966338245670103
113750000	0.6586395697904343	0.1978587630170594	-1.082253792147719	0.0	1.0	1.0	0.0	0.1978587630170594	-1.082253792147719
113800000	1.4863381388677699	0.23915269464590394	-0.9580850139344895	0.0	1.0	1.0	0.0	0.23915269464590394	-0.9580850139344895
113850000	0.05533197244068161	0.3408415231652771	-0.9967463573339866	1.0	1.0	1.0	0.05533197244068161	0.3408415231652771	-0.9967463573339866
113900000	0.30011826822977905	0.34306050858177667	-1.1417905825540953	0.0	1.0	1.0	0.0	0.34306050858177667	-1.1417905825540953
113950000	6.409279464570265	0.2880312422878734	-1.1072359091562223	0.0	1.0	1.0	0.0	0.2880312422878734	-1.1072359091562223
114000000	2.917388657033924	0.25592881323060696	-1.136858942066011	0.0	1.0	1.0	0.0	0.25592881323060696	-1.136858942066011
114050000	0.8702326680634898	0.3138314398287786	-1.1717109804469201	0.0	1.0	1.0	0.0	0.3138314398287786	-1.1717109804469201
114100000	3.3077436380389496	0.37004646506165345	-1.0978187622573643	0.0	1.0	1.0	0.0	0.37004646506165345	-1.0978187622573643
114150000	0.2761787226707655	0.45951227312758086	-1.00475833288934	0.0	1.0	1.0	0.0	0.45951227312758086	-1.00475833288934
114200000	-0.43567400987828175	0.27301077624466696	-1.1654141124801176	0.0	1.0	1.0	-0.0	0.27301077624466696	-1.1654141124801176
114250000	0.48688875508681595	0.47394726205882315	-1.1266433051022886	0.0	1.0	1.0	0.0	0.47394726205882315	-1.1266433051022886
114300000	-0.7076725592885119	-0.22950263213794897	-1.1122877969977383	0.0	0.0	1.0	-0.0	-0.0	-1.1122877969977383
114350000	0.07377851979660788	0.27657673615551537	-1.126855112148926	0.0	1.0	1.0	0.0	0.27657673615551537	-1.126855112148926
114400000	-1.6625581969837349	1.1792830487723798	-1.0825608399142448	0.0	0.0	1.0	-0.0	0.0	-1.0825608399142448
114450000	0.16410111324364976	0.3571799097896359	-1.1159424561749682	0.0	1.0	1.0	0.0	0.3571799097896359	-1.1159424561749682
114500000	-0.08089328140675421	0.4263416143186143	-1.1228382885285741	0.0	1.0	1.0	-0.0	0.4263416143186143	-1.1228382885285741
114550000	-0.298514809714451	0.4023748458023136	-1.1690176443464582	0.0	1.0	1.0	-0.0	0.4023748458023136	-1.1690176443464582
114600000	-4.213347107101358	0.37555051904108727	-1.1043909807598913	0.0	1.0	1.0	-0.0	0.37555051904108727	-1.1043909807598913
114650000	1.4197518361623356	0.49269804435576564	-1.0878572719112976	0.0	1.0	1.0	0.0	0.49269804435576564	-1.0878572719112976
114700000	-1.5617257807164804	0.3658840903906218	-1.0460097295575859	0.0	1.0	1.0	-0.0	0.3658840903906218	-1.0460097295575859
114750000	-0.6663026440209054	0.4461873627963088	-1.110444835152318	0.0	1.0	1.0	-0.0	0.4461873627963088	-1.110444835152318
114800000	-2.4109387513798266	-3.084379723242055	-1.2608959529420039	0.0	0.0	1.0	-0.0	-0.0	-1.2608959529420039
114850000	-0.372185120458874	0.4171341538736962	-1.2127113380257104	0.0	1.0	1.0	-0.0	0.4171341538736962	-1.2127113380257104
114900000	-0.2926046434402888	0.4007195301857305	-1.1393976175499434	0.0	1.0	1.0	-0.0	0.4007195301857305	-1.1393976175499434
114950000	-1.4750654948799162	0.2730462361514426	-1.0658609621874164	0.0	1.0	1.0	-0.0	0.2730462361514426	-1.0658609621874164
115000000	0.5612772313041933	0.24329639819171123	-1.0860089888685067	0.0	1.0	1.0	0.0	0.24329639819171123	-1.0860089888685067
115050000	4.29669868915415	0.24761517359577806	-1.1377321219981673	0.0	1.0	1.0	0.0	0.24761517359577806	-1.1377321219981673
115100000	-1.0748422911865445	0.3783607153432281	-1.1190665457362194	0.0	1.0	1.0	-0.0	0.3783607153432281	-1.1190665457362194
115150000	2.0489421070404363	0.3874655407830344	-1.1304869676430807	0.0	1.0	1.0	0.0	0.3874655407830344	-1.1304869676430807
115200000	0.5591263181080312	-4.739323847988681	-1.1140264491899268	0.0	0.0	1.0	0.0	-0.0	-1.1140264491899268
115250000	-1.3500503050880972	0.5408953653511291	-1.0786015520321581	0.0	1.0	1.0	-0.0	0.5408953653511291	-1.0786015520321581
115300000	-0.8047972430195831	0.3929273458348225	-1.1476203799488596	0.0	1.0	1.0	-0.0	0.3929273458348225	-1.1476203799488596
115350000	2.702897382433602	0.298384389208802	-1.0139688948241399	0.0	1.0	1.0	0.0	0.298384389208802	-1.0139688948241399
115400000	0.8712637762765906	0.79695321147598	-1.0902180805789945	0.0	0.0	1.0	0.0	0.0	-1.0902180805789945
115450000	-0.56146304777732	0.4361405716356662	-1.1758936643919278	0.0	1.0	1.0	-0.0	0.4361405716356662	-1.1758936643919278
115500000	-2.101465081183454	0.42249069996313826	-1.1661236597063704	0.0	1.0	1.0	-0.0	0.42249069996313826	-1.1661236597063704
115550000	-1.8673455683305002	-0.1600827299573423	-1.2221368508967272	0.0	0.0	1.0	-0.0	-0.0	-1.2221368508967272
115600000	2.227080858433796	0.36719139865819606	-1.161566488638912	0.0	1.0	1.0	0.0	0.36719139865819606	-1.161566488638912
115650000	-2.922386218788228	-0.2506976136681717	-1.119768909384295	0.0	0.0	1.0	-0.0	-0.0	-1.119768909384295
115700000	1.7601035898164108	0.3003185629705322	-1.109058671772645	0.0	1.0	1.0	0.0	0.3003185629705322	-1.109058671772645
115750000	-1.3576741259354015	0.33366543864903997	-1.221483294636705	0.0	1.0	1.0	-0.0	0.33366543864903997	-1.221483294636705
115800000	-2.4449647609414242	0.34955944469536	-1.067904477468733	0.0	1.0	1.0	-0.0	0.34955944469536	-1.067904477468733
115850000	-2.1963051507386417	0.34766470702248264	-1.0980975587765607	0.0	1.0	1.0	-0.0	0.34766470702248264	-1.0980975587765607
115900000	-3.6174792760532153	0.45591331585346445	-1.1376007760766056	0.0	1.0	1.0	-0.0	0.45591331585346445	-1.1376007760766056
115950000	-1.5959705797134904	0.23362125374927373	-1.1932774824573809	0.0	1.0	1.0	-0.0	0.23362125374927373	-1.1932774824573809
116000000	-3.4309622398669037	0.4713534215295136	-1.1636094840192508	0.0	1.0	1.0	-0.0	0.4713534215295136	-1.1636094840192508
116050000	-3.044585696384285	0.3066166602665731	-0.9838246021712109	0.0	1.0	1.0	-0.0	0.3066166602665731	-0.9838246021712109
116100000	4.130063534304679	0.6160650641319988	-1.0574259784089781	0.0	1.0	1.0	0.0	0.6160650641319988	-1.0574259784089781
116150000	-2.1984189744667177	0.2909617578108384	-1.1319334807076353	0.0	1.0	1.0	-0.0	0.2909617578108384	-1.1319334807076353
116200000	-3.332082169746466	0.33537990245018706	-1.1276797855238667	0.0	1.0	1.0	-0.0	0.33537990245018706	-1.1276797855238667
116250000	-2.4271840846051447	0.35561746146431267	-1.1723018905857412	0.0	1.0	1.0	-0.0	0.35561746146431267	-1.1723018905857412
116300000	0.49150988576702687	1.502449573662446	-1.1708945483308637	0.0	0.0	1.0	0.0	0.0	-1.1708945483308637
116350000	-2.759865025161815	0.5117853466117528	-1.1264120211995463	0.0	1.0	1.0	-0.0	0.5117853466117528	-1.1264120211995463
116400000	-0.5325411626885987	0.4259473936315754	-1.0715387239734298	0.0	1.0	1.0	-0.0	0.4259473936315754	-1.0715387239734298
116450000	1.9471443682107257	0.36606992091879614	-1.2302813690840204	0.0	1.0	1.0	0.0	0.36606992091879614	-1.2302813690840204
116500000	0.15056444817332232	0.41188239703329743	-1.053233881682763	1.0	1.0	1.0	0.15056444817332232	0.41188239703329743	-1.053233881682763
116550000	-2.002280363084629	0.4606879945452702	-1.1688054805492996	0.0	1.0	1.0	-0.0	0.4606879945452702	-1.1688054805492996
116600000	3.07019622175979	0.29419176439797073	-1.1983123252975412	0.0	1.0	1.0	0.0	0.29419176439797073	-1.1983123252975412
116650000	-2.587865355577347	0.33077752123780924	-1.0232767596425725	0.0	1.0	1.0	-0.0	0.33077752123780924	-1.0232767596425725
116700000	-0.30512151526372444	0.3921993280014722	-1.2120717441937219	0.0	1.0	1.0	-0.0	0.3921993280014722	-1.2120717441937219
116750000	-2.0421364516886955	0.5073174375188474	-1.0667308723077114	0.0	1.0	1.0	-0.0	0.5073174375188474	-1.0667308723077114
116800000	0.34868978103713255	0.2804853100872585	-1.0424018608383627	0.0	1.0	1.0	0.0	0.2804853100872585	-1.0424018608383627
116850000	5.410953210264996	0.6035172461613983	-1.102723481039194	0.0	1.0	1.0	0.0	0.6035172461613983	-1.102723481039194
116900000	-3.6009661600882956	0.5298290133921078	-1.0252846810626037	0.0	1.0	1.0	-0.0	0.5298290133921078	-1.0252846810626037
116950000	-2.318019725500998	0.3048718823934817	-1.032405116697346	0.0	1.0	1.0	-0.0	0.3048718823934817	-1.032405116697346
117000000	-6.405067370467959	0.39364454530133147	-1.1137501761831035	0.0	1.0	1.0	-0.0	0.39364454530133147	-1.1137501761831035
117050000	0.8498210396884267	0.4266911549565346	-1.049585615000787	0.0	1.0	1.0	0.0	0.4266911549565346	-1.049585615000787
117100000	0.9391953166835989	0.2447120333565283	-1.2303554738882914	0.0	1.0	1.0	0.0	0.2447120333565283	-1.2303554738882914
117150000	2.2858840851653883	-2.193997392940289	-1.1630343567306938	0.0	0.0	1.0	0.0	-0.0	-1.1630343567306938
117200000	1.2537475050702311	0.41004904123407	-1.038954562246703	0.0	1.0	1.0	0.0	0.41004904123407	-1.038954562246703
117250000	0.08907591895079203	0.47872893120604876	-1.0521767878754993	0.0	1.0	1.0	0.0	0.47872893120604876	-1.0521767878754993
117300000	2.269865084049091	3.4369416123933747	-1.10697621084967	0.0	0.0	1.0	0.0	0.0	-1.10697621084967
117350000	-0.011437630847487884	0.38188464784882975	-1.0790570653978315	1.0	1.0	1.0	-0.011437630847487884	0.38188464784882975	-1.0790570653978315
117400000	-2.5337424165708318	0.33411455126167716	-1.0764355533042638	0.0	1.0	1.0	-0.0	0.33411455126167716	-1.0764355533042638
117450000	0.9126922019494146	0.2589775369325244	-1.0864774803366826	0.0	1.0	1.0	0.0	0.2589775369325244	-1.0864774803366826
117500000	2.4249694840235465	0.3107910184600265	-1.0230214105951496	0.0	1.0	1.0	0.0	0.3107910184600265	-1.0230214105951496
117550000	2.296795401414194	0.26383168575642973	-1.1650334068904402	0.0	1.0	1.0	0.0	0.26383168575642973	-1.1650334068904402
117600000	1.488817876233859	0.3121506987480393	-0.9843343453027453	0.0	1.0	1.0	0.0	0.3121506987480393	-0.9843343453027453
117650000	-0.5249464047514651	0.44013262233364037	-0.9938355022567099	0.0	1.0	1.0	-0.0	0.44013262233364037	-0.9938355022567099
117700000	1.5502674353258774	0.8445583368626557	-1.1032236222754335	0.0	0.0	1.0	0.0	0.0	-1.1032236222754335
117750000	-0.50252745503349	0.35288600343977566	-0.9302190645421708	0.0	1.0	1.0	-0.0	0.35288600343977566	-0.9302190645421708
117800000	-1.5875162158092588	0.4244917839126724	-1.0206367018645204	0.0	1.0	1.0	-0.0	0.4244917839126724	-1.0206367018645204
117850000	-0.30975868631150477	0.6107357180141428	-1.0760519913234785	0.0	1.0	1.0	-0.0	0.6107357180141428	-1.0760519913234785
117900000	-1.5035749749308591	0.36069130245809466	-1.0166447111595744	0.0	1.0	1.0	-0.0	0.36069130245809466	-1.0166447111595744
117950000	-1.6095625409381573	-2.8036013098904515	-1.2468978990310875	0.0	0.0	1.0	-0.0	-0.0	-1.2468978990310875
118000000	2.933988648347127	1.8314355407602494	-1.1180303701648189	0.0	0.0	1.0	0.0	0.0	-1.1180303701648189
118050000	3.0962850254197583	0.46104908100748554	-1.0230247446609566	0.0	1.0	1.0	0.0	0.46104908100748554	-1.0230247446609566
118100000	0.022478782799253638	0.4081827404572704	-1.07695154463975	0.0	1.0	1.0	0.0	0.4081827404572704	-1.07695154463975
118150000	2.259572400923488	0.6774073324759676	-0.9648697129685505	0.0	1.0	1.0	0.0	0.6774073324759676	-0.9648697129685505
118200000	3.5054870309703277	1.585273493322618	-1.1675376873856607	0.0	0.0	1.0	0.0	0.0	-1.1675376873856607
118250000	0.5926174965677644	0.38284481117242636	-1.1046456875566606	0.0	1.0	1.0	0.0	0.38284481117242636	-1.1046456875566606
118300000	1.2069311212888327	0.3855995198045299	-1.101783717917922	0.0	1.0	1.0	0.0	0.3855995198045299	-1.101783717917922
118350000	0.31255298002325027	0.4800832683102342	-1.0918451585748101	0.0	1.0	1.0	0.0	0.4800832683102342	-1.0918451585748101
118400000	3.6931783193899643	0.3909964781391561	-1.1122518973690358	0.0	1.0	1.0	0.0	0.3909964781391561	-1.1122518973690358
118450000	-0.5289751559696412	0.39149268764957773	-1.0525474083546935	0.0	1.0	1.0	-0.0	0.39149268764957773	-1.0525474083546935
118500000	1.0797609621836028	3.402692599258377	-1.2175265987251673	0.0	0.0	1.0	0.0	0.0	-1.2175265987251673
118550000	1.6483187864096047	0.4779399894230144	-1.1725269450155844	0.0	1.0	1.0	0.0	0.4779399894230144	-1.1725269450155844
118600000	-1.143468622595982	0.43147914430001383	-0.9572566528749851	0.0	1.0	1.0	-0.0	0.43147914430001383	-0.9572566528749851
118650000	-0.00594480573393108	0.2852065144959275	-1.0656553342856825	1.0	1.0	1.0	-0.00594480573393108	0.2852065144959275	-1.0656553342856825
118700000	4.405705185486082	0.5752745579953568	-1.1697207247277315	0.0	1.0	1.0	0.0	0.5752745579953568	-1.1697207247277315
118750000	-2.0361558063486043	0.7157607520377126	-1.0757354020189793	0.0	1.0	1.0	-0.0	0.7157607520377126	-1.0757354020189793
118800000	-1.4276119750141807	0.4042909639994917	-1.1810974133774794	0.0	1.0	1.0	-0.0	0.4042909639994917	-1.1810974133774794
118850000	-2.5079981485372382	0.34549911861293214	-0.9664350186160092	0.0	1.0	1.0	-0.0	0.34549911861293214	-0.9664350186160092
118900000	-1.006469290138941	0.5082928637009992	-1.0985556050999534	0.0	1.0	1.0	-0.0	0.5082928637009992	-1.0985556050999534
118950000	-0.7164246016878842	0.5313398398760495	-1.0204672058070419	0.0	1.0	1.0	-0.0	0.5313398398760495	-1.0204672058070419
119000000	1.7481898281478265	0.36830515079615195	-1.1815528639090438	0.0	1.0	1.0	0.0	0.36830515079615195	-1.1815528639090438
119050000	-0.023273353944592734	0.3973061258708174	-1.0459331580556008	0.0	1.0	1.0	-0.0	0.3973061258708174	-1.0459331580556008
119100000	-0.08447235728973844	0.3961311112213423	-1.031326828755107	0.0	1.0	1.0	-0.0	0.3961311112213423	-1.031326828755107
119150000	-1.108402332505172	0.3970860473081577	-1.1388010431346791	0.0	1.0	1.0	-0.0	0.3970860473081577	-1.1388010431346791
119200000	1.300961771384469	0.39810339954082063	-1.0625849931327436	0.0	1.0	1.0	0.0	0.39810339954082063	-1.0625849931327436
119250000	0.10179188236044498	0.3990207066257207	-1.0594757086464963	1.0	1.0	1.0	0.10179188236044498	0.3990207066257207	-1.0594757086464963
119300000	0.797306605868094	0.42750505582642323	-1.1611072912516325	0.0	1.0	1.0	0.0	0.42750505582642323	-1.1611072912516325
119350000	-2.1070001485597096	0.32492945970296294	-1.1093384306226373	0.0	1.0	1.0	-0.0	0.32492945970296294	-1.1093384306226373
119400000	2.3421532071095132	0.2971669049546536	-1.2517315286585793	0.0	1.0	1.0	0.0	0.2971669049546536	-1.2517315286585793
119450000	-0.9257384790957066	0.4416800223699339	-0.9864308180158445	0.0	1.0	1.0	-0.0	0.4416800223699339	-0.9864308180158445
119500000	1.1574901400582245	0.41226180423214626	-1.105593441865396	0.0	1.0	1.0	0.0	0.41226180423214626	-1.105593441865396
119550000	0.5783957742056152	0.4383995344466294	-0.9999374101318761	0.0	1.0	1.0	0.0	0.4383995344466294	-0.9999374101318761
119600000	-0.5692071187808541	-1.002013231244187	-1.215187954819772	0.0	0.0	1.0	-0.0	-0.0	-1.215187954819772
119650000	-1.4381328983388004	0.2869534753804485	-1.2965557818912097	0.0	1.0	1.0	-0.0	0.2869534753804485	-1.2965557818912097
119700000	1.26236998267609	0.35456773105873757	-1.0368326160926669	0.0	1.0	1.0	0.0	0.35456773105873757	-1.0368326160926669
119750000	-0.08036799981186503	0.35479613679407423	-1.0851487012813996	1.0	1.0	1.0	-0.08036799981186503	0.35479613679407423	-1.0851487012813996
119800000	0.8027617943258953	0.26162336126887237	-1.3347367328126354	0.0	1.0	1.0	0.0	0.26162336126887237	-1.3347367328126354
119850000	-0.7889540081332367	0.4584204430607953	-1.1208665685898338	0.0	1.0	1.0	-0.0	0.4584204430607953	-1.1208665685898338
119900000	-0.26154442372721726	0.603325925921458	-1.0545452688568266	0.0	1.0	1.0	-0.0	0.603325925921458	-1.0545452688568266
119950000	-1.7858513139064078	0.8701954255327001	-1.2619170836609475	0.0	0.0	1.0	-0.0	0.0	-1.2619170836609475
120000000	-1.1551787484397877	0.25244281527052026	-1.1144502897358415	0.0	1.0	1.0	-0.0	0.25244281527052026	-1.1144502897358415
120050000	2.074769434233618	0.26408075392539127	-1.0106331340505625	0.0	1.0	1.0	0.0	0.26408075392539127	-1.0106331340505625
120100000	-2.6307783708816936	0.45429413551068687	-1.1470089986963943	0.0	1.0	1.0	-0.0	0.45429413551068687	-1.1470089986963943
120150000	0.9109438218548468	0.6364650059926992	-1.120656500405337	0.0	1.0	1.0	0.0	0.6364650059926992	-1.120656500405337
120200000	-1.0723670240073	0.29948364476226563	-1.0398647301484438	0.0	1.0	1.0	-0.0	0.29948364476226563	-1.0398647301484438
120250000	-1.4909190556701941	0.3566553265227043	-1.1182135279441503	0.0	1.0	1.0	-0.0	0.3566553265227043	-1.1182135279441503
120300000	-0.3143916686825008	0.3181247350583162	-1.1409826348984529	0.0	1.0	1.0	-0.0	0.3181247350583162	-1.1409826348984529
120350000	0.08504827870807685	0.35410942304581355	-1.1056734149206444	0.0	0.0	1.0	0.0	0.0	-1.1056734149206444
120400000	3.7706406647479964	0.2972195747162988	-1.147151097766267	0.0	1.0	1.0	0.0	0.2972195747162988	-1.147151097766267
120450000	0.1925275357724665	0.540843993679589	-1.1564386385738623	0.0	1.0	1.0	0.0	0.540843993679589	-1.1564386385738623
120500000	-0.03715396042981112	0.41775708963404684	-1.0311965485979218	0.0	1.0	1.0	-0.0	0.41775708963404684	-1.0311965485979218
120550000	0.3768386783336624	0.439821774918415	-0.9974054698078005	0.0	1.0	1.0	0.0	0.439821774918415	-0.9974054698078005
120600000	-1.4070222175638665	0.56127399954917	-1.0429002814555874	0.0	1.0	1.0	-0.0	0.56127399954917	-1.0429002814555874
120650000	1.1609783814218846	0.32039229777656364	-1.111336459686407	0.0	1.0	1.0	0.0	0.32039229777656364	-1.111336459686407
120700000	-0.5811338380879102	0.2627320445066113	-1.038790983554758	0.0	1.0	1.0	-0.0	0.2627320445066113	-1.038790983554758
120750000	-1.2059275987622076	-3.750878758296571	-1.179565502870188	0.0	0.0	1.0	-0.0	-0.0	-1.179565502870188
120800000	0.07974461916027314	0.461708070122799	-1.1083052080525624	1.0	1.0	1.0	0.07974461916027314	0.461708070122799	-1.1083052080525624
120850000	3.920976705645824	0.3451122079875265	-1.0579759539416063	0.0	1.0	1.0	0.0	0.3451122079875265	-1.0579759539416063
120900000	0.4417710759158521	0.4494884846675554	-1.148486503742032	0.0	1.0	1.0	0.0	0.4494884846675554	-1.148486503742032
120950000	2.9092859310405355	0.5526681401497867	-1.006091231119508	0.0	1.0	1.0	0.0	0.5526681401497867	-1.006091231119508
121000000	2.061873505583457	0.3808786867505506	-1.107148677538211	0.0	1.0	1.0	0.0	0.3808786867505506	-1.107148677538211
121050000	1.2231084288670167	0.4722864452649498	-0.9628490917595435	0.0	1.0	1.0	0.0	0.4722864452649498	-0.9628490917595435
121100000	3.289378210306859	0.6682830044787111	-1.0226245642038814	0.0	1.0	1.0	0.0	0.6682830044787111	-1.0226245642038814
121150000	1.0062635780228897	0.41703301142943294	-1.1219316214148423	0.0	1.0	1.0	0.0	0.41703301142943294	-1.1219316214148423
121200000	1.5824801667422728	-1.2073310762299627	-1.2041486721554862	0.0	0.0	1.0	0.0	-0.0	-1.2041486721554862
121250000	0.32099946039992355	0.22497821416195082	-1.1087021533424333	0.0	1.0	1.0	0.0	0.22497821416195082	-1.1087021533424333
121300000	1.2375406857384061	0.5255291720874343	-0.995949488533484	0.0	1.0	1.0	0.0	0.5255291720874343	-0.995949488533484
121350000	-1.6396357405128565	0.5643853504811063	-0.9348337905875359	0.0	1.0	1.0	-0.0	0.5643853504811063	-0.9348337905875359
121400000	-1.2552962865120785	0.504088571947824	-1.1141664848221742	0.0	1.0	1.0	-0.0	0.504088571947824	-1.1141664848221742
121450000	2.7077170589545156	0.5705273675732908	-1.1221703337950297	0.0	1.0	1.0	0.0	0.5705273675732908	-1.1221703337950297
121500000	1.7021254035811868	0.4447817804244746	-1.1557752002632433	0.0	1.0	1.0	0.0	0.4447817804244746	-1.1557752002632433
121550000	0.15977888538732238	0.3186282337866333	-0.9741123824852627	0.0	1.0	1.0	0.0	0.3186282337866333	-0.9741123824852627
121600000	0.5048619545128256	0.46306036660410127	-0.995536919401842	0.0	1.0	1.0	0.0	0.46306036660410127	-0.995536919401842
121650000	-1.246608242193677	0.2591947927202822	-0.93058888057308	0.0	1.0	1.0	-0.0	0.2591947927202822	-0.93058888057308
121700000	1.5278909141689265	0.37320727502344947	-0.9803914653879336	0.0	1.0	1.0	0.0	0.37320727502344947	-0.9803914653879336
121750000	-0.6554950516431104	0.30785135607311775	-1.0271117289164509	0.0	1.0	1.0	-0.0	0.30785135607311775	-1.0271117289164509
121800000	-0.4229060383558534	0.5629152032003839	-1.0860634746487166	0.0	1.0	1.0	-0.0	0.5629152032003839	-1.0860634746487166
121850000	1.012256365586119	0.4820108922660772	-0.947866651631922	0.0	1.0	1.0	0.0	0.4820108922660772	-0.947866651631922
121900000	-2.0308630930341307	-1.1300646091870108	-1.3366485159329242	0.0	0.0	1.0	-0.0	-0.0	-1.3366485159329242
121950000	-1.307410841516965	0.14154320594245767	-1.1702209652729885	0.0	1.0	1.0	-0.0	0.14154320594245767	-1.1702209652729885
122000000	-0.7610668597392501	0.4030577739780619	-1.0676942027585703	0.0	1.0	1.0	-0.0	0.4030577739780619	-1.0676942027585703
122050000	-0.6189246631744814	0.3383563401724363	-1.0472711304564324	0.0	1.0	1.0	-0.0	0.3383563401724363	-1.0472711304564324
122100000	-2.566813447234008	0.3501686942376066	-1.1015416730621892	0.0	1.0	1.0	-0.0	0.3501686942376066	-1.1015416730621892
122150000	-2.1417336664103144	0.24701331277970726	-1.103370687416384	0.0	1.0	1.0	-0.0	0.24701331277970726	-1.103370687416384
122200000	-2.4640992459271738	-1.0319394269450373	-1.28006261181658	0.0	0.0	1.0	-0.0	-0.0	-1.28006261181658
122250000	0.05610565390847352	0.6571205760807781	-1.1918974023643332	1.0	1.0	1.0	0.05610565390847352	0.6571205760807781	-1.1918974023643332
122300000	1.3773087940652955	-2.147255350839371	-1.159197895331295	0.0	0.0	1.0	0.0	-0.0	-1.159197895331295
122350000	0.3234529074610757	0.36964505832385697	-1.1135068120096023	0.0	1.0	1.0	0.0	0.36964505832385697	-1.1135068120096023
122400000	2.2767912991807977	0.43427756755688085	-1.140915400052438	0.0	1.0	1.0	0.0	0.43427756755688085	-1.140915400052438
122450000	2.1423406050577793	-1.9835412611568501	-1.243404992329924	0.0	0.0	1.0	0.0	-0.0	-1.243404992329924
122500000	-1.9216671288286085	0.5727311517934837	-1.1002065146833004	0.0	1.0	1.0	-0.0	0.5727311517934837	-1.1002065146833004
122550000	0.4755856862577592	0.17198217191026852	-1.1005414234194455	0.0	1.0	1.0	0.0	0.17198217191026852	-1.1005414234194455
122600000	2.7094984857112254	0.31008953626796826	-1.1375992376336597	0.0	1.0	1.0	0.0	0.31008953626796826	-1.1375992376336597
122650000	-1.098743140534577	0.37731959207146215	-1.0688581369031942	0.0	1.0	1.0	-0.0	0.37731959207146215	-1.0688581369031942
122700000	-0.03549162380940006	0.37864647397158113	-1.1013695721257075	1.0	1.0	1.0	-0.03549162380940006	0.37864647397158113	-1.1013695721257075
122750000	4.7784993727678335	0.3886773919245617	-1.1146603760901461	0.0	1.0	1.0	0.0	0.3886773919245617	-1.1146603760901461
122800000	-1.5145217800415678	0.31898723310273175	-1.0812217980069545	0.0	1.0	1.0	-0.0	0.31898723310273175	-1.0812217980069545
122850000	0.09862858663075103	0.5019070733999129	-1.0511289738278546	1.0	1.0	1.0	0.09862858663075103	0.5019070733999129	-1.0511289738278546
122900000	-1.551822621962082	0.2185027463605665	-1.1566932282100582	0.0	1.0	1.0	-0.0	0.2185027463605665	-1.1566932282100582
122950000	-1.6413892335085498	0.39877116153903736	-1.1173362203275923	0.0	1.0	1.0	-0.0	0.39877116153903736	-1.1173362203275923
123000000	-2.5824312920146477	0.4240294218379749	-1.115975962638314	0.0	1.0	1.0	-0.0	0.4240294218379749	-1.115975962638314
123050000	-1.7109695421980284	0.4311466752561311	-0.9785509207943103	0.0	1.0	1.0	-0.0	0.4311466752561311	-0.9785509207943103
123100000	-0.3816953905596443	0.40903869352883415	-0.9732790015618793	0.0	1.0	1.0	-0.0	0.40903869352883415	-0.9732790015618793
123150000	1.2661117126130188	0.4755987997140648	-1.1735233352222354	0.0	1.0	1.0	0.0	0.4755987997140648	-1.1735233352222354
123200000	-3.049990817242641	0.3241409757956025	-0.9752031533206637	0.0	1.0	1.0	-0.0	0.3241409757956025	-0.9752031533206637
123250000	1.5580398677446388	0.3997761476013162	-1.1961402175015678	0.0	1.0	1.0	0.0	0.3997761476013162	-1.1961402175015678
123300000	0.9157755918653983	4.051838367249414	-1.2759540714698163	0.0	0.0	1.0	0.0	0.0	-1.2759540714698163
123350000	-0.7019723961925448	0.1399944957605538	-1.035700405170091	0.0	1.0	1.0	-0.0	0.1399944957605538	-1.035700405170091
123400000	-4.704622906103083	-0.5731680113455044	-1.1307612769479864	0.0	0.0	1.0	-0.0	-0.0	-1.1307612769479864
123450000	1.4335492579802434	0.2988882477966779	-1.1225808407660198	0.0	1.0	1.0	0.0	0.2988882477966779	-1.1225808407660198
123500000	-0.5276452939225073	0.5288511479264036	-1.0570372143177504	0.0	1.0	1.0	-0.0	0.5288511479264036	-1.0570372143177504
123550000	0.11990034921338073	0.2586854409441937	-1.0008835433834582	0.0	1.0	1.0	0.0	0.2586854409441937	-1.0008835433834582
123600000	1.2331968575338974	0.41976447636983627	-1.1822876060321748	0.0	1.0	1.0	0.0	0.41976447636983627	-1.1822876060321748
123650000	-0.9742319518769006	-0.8164522742436937	-1.1376222622849341	0.0	0.0	1.0	-0.0	-0.0	-1.1376222622849341
123700000	-0.03512343227631243	0.32018609970822376	-1.0222006964223675	1.0	1.0	1.0	-0.03512343227631243	0.32018609970822376	-1.0222006964223675
123750000	3.933428180907045	0.4911290877693416	-1.1647179562161254	0.0	1.0	1.0	0.0	0.4911290877693416	-1.1647179562161254
123800000	0.1718739968499731	0.27542666457086484	-1.033974065041644	1.0	1.0	1.0	0.1718739968499731	0.27542666457086484	-1.033974065041644
123850000	0.448759978098795	0.16036096925751703	-1.1122286450918981	0.0	1.0	1.0	0.0	0.16036096925751703	-1.1122286450918981
123900000	-3.2238681539704768	0.19082393996341113	-1.1288342306768937	0.0	1.0	1.0	-0.0	0.19082393996341113	-1.1288342306768937
123950000	-1.110591736264785	0.6124175765506958	-0.9775254880695537	0.0	1.0	1.0	-0.0	0.6124175765506958	-0.9775254880695537
124000000	-0.631912321609453	0.3494232962255895	-0.9438091011979071	0.0	1.0	1.0	-0.0	0.3494232962255895	-0.9438091011979071
124050000	2.8947683863545866	0.3319271344904485	-1.0306095297955358	0.0	1.0	1.0	0.0	0.3319271344904485	-1.0306095297955358
124100000	-1.8388336395301415	0.33690494662264486	-1.0162129101107982	0.0	1.0	1.0	-0.0	0.33690494662264486	-1.0162129101107982
124150000	1.767718306107259	0.5226029632232568	-1.113088811665425	0.0	1.0	1.0	0.0	0.5226029632232568	-1.113088811665425
124200000	1.5006746107035498	0.421934831787636	-1.192150737214825	0.0	1.0	1.0	0.0	0.421934831787636	-1.192150737214825
124250000	0.16035837700480293	0.5984827916407907	-1.3216445992224064	0.0	0.0	1.0	0.0	0.0	-1.3216445992224064
124300000	-1.2282562161770345	0.4616113576581264	-1.240167340128975	0.0	1.0	1.0	-0.0	0.4616113576581264	-1.240167340128975
124350000	0.7199952741350657	0.4184877542330322	-1.159988022124166	0.0	1.0	1.0	0.0	0.4184877542330322	-1.159988022124166
124400000	-1.3243003090434782	0.5457769794220857	-1.0868932767763273	0.0	1.0	1.0	-0.0	0.5457769794220857	-1.0868932767763273
124450000	3.8264707269729463	0.3333141417668637	-1.0729185703546607	0.0	1.0	1.0	0.0	0.3333141417668637	-1.0729185703546607
124500000	0.0933560488757447	0.373584426134579	-1.1282411010994422	0.0	1.0	1.0	0.0	0.373584426134579	-1.1282411010994422
124550000	-1.6265143959367125	0.5252213154389701	-1.0401276409303748	0.0	1.0	1.0	-0.0	0.5252213154389701	-1.0401276409303748
124600000	-0.3724000947452124	0.34561993367185995	-1.05091096463544	0.0	1.0	1.0	-0.0	0.34561993367185995	-1.05091096463544
124650000	2.184831626071206	0.402029088055058	-1.091022441087401	0.0	1.0	1.0	0.0	0.402029088055058	-1.091022441087401
124700000	-0.2507882202290347	0.4190278078357184	-1.153123720113087	0.0	1.0	1.0	-0.0	0.4190278078357184	-1.153123720113087
124750000	4.367849361445078	0.3939795727365706	-1.2054225776415843	0.0	1.0	1.0	0.0	0.3939795727365706	-1.2054225776415843
124800000	-1.9650305642666814	0.5568747646177225	-1.1182814027968717	0.0	1.0	1.0	-0.0	0.5568747646177225	-1.1182814027968717
124850000	-0.8674202950623919	0.2652734111796356	-1.18298489761226	0.0	1.0	1.0	-0.0	0.2652734111796356	-1.18298489761226
124900000	0.5729333931742182	0.3313569584198347	-1.112714392498264	0.0	1.0	1.0	0.0	0.3313569584198347	-1.112714392498264
124950000	-0.09684965640035008	0.38653332265208995	-1.0691462867067512	0.0	1.0	1.0	-0.0	0.38653332265208995	-1.0691462867067512
125000000	0.06656430273738206	0.19568398835874942	-1.000280195585462	1.0	1.0	1.0	0.06656430273738206	0.19568398835874942	-1.000280195585462
125050000	0.19349264180244086	0.4209620120356536	-0.9373221657469507	1.0	1.0	1.0	0.19349264180244086	0.4209620120356536	-0.9373221657469507
125100000	0.18127976026426573	0.399474805316998	-0.9723988318756448	1.0	1.0	1.0	0.18127976026426573	0.399474805316998	-0.9723988318756448
125150000	0.8800533610011185	0.2695910864259898	-1.1179644403264517	0.0	1.0	1.0	0.0	0.2695910864259898	-1.1179644403264517
125200000	0.9542699169856561	0.3389763961365597	-1.1656238485630992	0.0	1.0	1.0	0.0	0.3389763961365597	-1.1656238485630992
125250000	0.3943613251548245	0.44438332504251016	-0.9583212606316124	0.0	1.0	1.0	0.0	0.44438332504251016	-0.9583212606316124
125300000	-2.8018067648923854	0.22149159742775054	-1.19695876505428	0.0	1.0	1.0	-0.0	0.22149159742775054	-1.19695876505428
125350000	-0.014011183926684156	0.507350634924328	-1.1335086718861185	0.0	1.0	1.0	-0.0	0.507350634924328	-1.1335086718861185
125400000	-0.8311334551523992	0.47880386600867114	-1.078527105405117	0.0	1.0	1.0	-0.0	0.47880386600867114	-1.078527105405117
125450000	-0.13408775354503166	0.5282875934879622	-1.0491334031172088	0.0	1.0	1.0	-0.0	0.5282875934879622	-1.0491334031172088
125500000	-1.5219032663977163	0.40235059866209544	-1.0793529919450993	0.0	1.0	1.0	-0.0	0.40235059866209544	-1.0793529919450993
125550000	-1.4540022156166557	0.4290189740266701	-1.0262759678472335	0.0	1.0	1.0	-0.0	0.4290189740266701	-1.0262759678472335
125600000	2.132880375464794	-1.338360383348936	-1.1870995770654666	0.0	0.0	1.0	0.0	-0.0	-1.1870995770654666
125650000	-0.052209750882680206	0.5261583313281826	-1.0221020314065008	0.0	1.0	1.0	-0.0	0.5261583313281826	-1.0221020314065008
125700000	1.0938514734479974	0.5799532569707875	-1.0919528918915504	0.0	1.0	1.0	0.0	0.5799532569707875	-1.0919528918915504
125750000	2.040799515687795	0.32296426244754045	-1.1573953258876308	0.0	1.0	1.0	0.0	0.32296426244754045	-1.1573953258876308
125800000	-3.4015273851000507	0.45227538645397564	-1.2777367158909794	0.0	1.0	1.0	-0.0	0.45227538645397564	-1.2777367158909794
125850000	0.04408193641581079	0.6138507788318557	-0.9436761417175399	0.0	1.0	1.0	0.0	0.6138507788318557	-0.9436761417175399
125900000	2.091021406097588	0.4569793120799278	-1.1220992243015788	0.0	1.0	1.0	0.0	0.4569793120799278	-1.1220992243015788
125950000	0.1137171312919061	0.4359141331348324	-1.065347908557986	1.0	1.0	1.0	0.1137171312919061	0.4359141331348324	-1.065347908557986
126000000	4.755012983317448	0.38783585176932395	-1.075379083018611	0.0	1.0	1.0	0.0	0.38783585176932395	-1.075379083018611
126050000	5.74233642359534E-4	0.3607803490435541	-1.0459243351660823	0.0	1.0	1.0	0.0	0.3607803490435541	-1.0459243351660823
126100000	3.956586786996983	0.29071084311246426	-1.0335585364126614	0.0	1.0	1.0	0.0	0.29071084311246426	-1.0335585364126614
126150000	0.6816126087899406	0.27941692222967623	-1.2088172313065944	0.0	1.0	1.0	0.0	0.27941692222967623	-1.2088172313065944
126200000	0.06063318692356827	0.4778498809418105	-0.9594382479435974	0.0	1.0	1.0	0.0	0.4778498809418105	-0.9594382479435974
126250000	-0.5288648712870171	0.32513780875527665	-1.0973197163840918	0.0	1.0	1.0	-0.0	0.32513780875527665	-1.0973197163840918
126300000	-2.2972123705667555	1.1283412556109709	-1.1566386071146761	0.0	0.0	1.0	-0.0	0.0	-1.1566386071146761
126350000	-2.1232853673700287	0.1812127964764777	-1.0554988338297664	0.0	1.0	1.0	-0.0	0.1812127964764777	-1.0554988338297664
126400000	-0.36562169256772625	0.4658929198136541	-1.1200104195350347	0.0	1.0	1.0	-0.0	0.4658929198136541	-1.1200104195350347
126450000	0.19282384010150955	0.28083680842987274	-1.119135759713941	1.0	1.0	1.0	0.19282384010150955	0.28083680842987274	-1.119135759713941
126500000	-0.19954653299149894	0.24003549594999093	-1.144609516652964	0.0	1.0	1.0	-0.0	0.24003549594999093	-1.144609516652964
126550000	-1.3283497340323278	0.5717677217376793	-1.228927044507913	0.0	1.0	1.0	-0.0	0.5717677217376793	-1.228927044507913
126600000	0.4292109437489745	0.36648527255766017	-1.0275863667662926	0.0	1.0	1.0	0.0	0.36648527255766017	-1.0275863667662926
126650000	1.1192677061796505	0.3537012865984285	-1.1286162062829865	0.0	1.0	1.0	0.0	0.3537012865984285	-1.1286162062829865
126700000	0.8496266920376847	0.36406460656362327	-1.1513366737562851	0.0	1.0	1.0	0.0	0.36406460656362327	-1.1513366737562851
126750000	-0.4751064592979698	0.3782549676891305	-1.1270485172291558	0.0	1.0	1.0	-0.0	0.3782549676891305	-1.1270485172291558
126800000	-0.1338593009551559	0.5150981423318733	-1.1337402628410627	0.0	1.0	1.0	-0.0	0.5150981423318733	-1.1337402628410627
126850000	2.361117195874976	0.3839273830056184	-1.090397630650469	0.0	1.0	1.0	0.0	0.3839273830056184	-1.090397630650469
126900000	0.8265167372660284	0.3925035234088486	-1.1237463452880145	0.0	1.0	1.0	0.0	0.3925035234088486	-1.1237463452880145
126950000	0.20106676873900697	0.3511306907238349	-1.1828117295726814	0.0	1.0	1.0	0.0	0.3511306907238349	-1.1828117295726814
127000000	0.07788792780316359	0.325252871135169	-1.0862751603745848	1.0	1.0	1.0	0.07788792780316359	0.325252871135169	-1.0862751603745848
127050000	-0.37113540955672963	0.19508828980286985	-1.26854362094619	0.0	1.0	1.0	-0.0	0.19508828980286985	-1.26854362094619
127100000	-0.750115178918724	0.5515445634356321	-0.9772258996133789	0.0	1.0	1.0	-0.0	0.5515445634356321	-0.9772258996133789
127150000	-2.514954189131159	0.13624973444199884	-1.253465207452283	0.0	1.0	1.0	-0.0	0.13624973444199884	-1.253465207452283
127200000	-0.7433319587162082	0.42648257107876153	-1.132756578479192	0.0	1.0	1.0	-0.0	0.42648257107876153	-1.132756578479192
127250000	-0.6644895525547948	0.3430206578251347	-1.0626582727716958	0.0	1.0	1.0	-0.0	0.3430206578251347	-1.0626582727716958
127300000	-0.2860966623064401	0.35163230444931065	-1.066762818062483	0.0	1.0	1.0	-0.0	0.35163230444931065	-1.066762818062483
127350000	0.1525470656775919	0.4707400679861367	-1.0074041323491005	1.0	1.0	1.0	0.1525470656775919	0.4707400679861367	-1.0074041323491005
127400000	-0.2680404629242494	0.6124750835610632	-1.1113555998870739	0.0	1.0	1.0	-0.0	0.6124750835610632	-1.1113555998870739
127450000	1.5093463093271247	0.3358342232079611	-1.0417602908274002	0.0	1.0	1.0	0.0	0.3358342232079611	-1.0417602908274002
127500000	-1.2671691839391257	0.21474461543782628	-1.1426683480658661	0.0	1.0	1.0	-0.0	0.21474461543782628	-1.1426683480658661
127550000	3.6446816608226706	0.4165579354103666	-0.9087337509646765	0.0	1.0	1.0	0.0	0.4165579354103666	-0.9087337509646765
127600000	-2.9806787456442674	0.4711619022921916	-1.0223013264399279	0.0	1.0	1.0	-0.0	0.4711619022921916	-1.0223013264399279
127650000	-1.033361952127352	0.37103480538412115	-1.1379996936726569	0.0	1.0	1.0	-0.0	0.37103480538412115	-1.1379996936726569
127700000	-1.8210502247251255	0.5245013026542606	-1.0466805292537313	0.0	1.0	1.0	-0.0	0.5245013026542606	-1.0466805292537313
127750000	0.14398789642864412	0.429196788473556	-1.224370055571371	0.0	1.0	1.0	0.0	0.429196788473556	-1.224370055571371
127800000	-3.252325659515633	0.37740065943543555	-1.1169992530337685	0.0	1.0	1.0	-0.0	0.37740065943543555	-1.1169992530337685
127850000	3.4938440309850582	0.257692498935518	-1.13407978723929	0.0	1.0	1.0	0.0	0.257692498935518	-1.13407978723929
127900000	0.36086045033427794	0.26257702084404494	-1.022739553525778	0.0	1.0	1.0	0.0	0.26257702084404494	-1.022739553525778
127950000	1.6071023901980743	0.3026070282927718	-1.1319722969711858	0.0	1.0	1.0	0.0	0.3026070282927718	-1.1319722969711858
128000000	2.1906902459929323	0.5805380220896056	-1.0977824697731582	0.0	1.0	1.0	0.0	0.5805380220896056	-1.0977824697731582
128050000	0.7700349427227855	0.43166578953680795	-1.1770055700935194	0.0	1.0	1.0	0.0	0.43166578953680795	-1.1770055700935194
128100000	2.949685550933136	0.28588482276301114	-1.0329072108147332	0.0	1.0	1.0	0.0	0.28588482276301114	-1.0329072108147332
128150000	2.762226537580229	0.18648626747701708	-1.1683861961655417	0.0	1.0	1.0	0.0	0.18648626747701708	-1.1683861961655417
128200000	2.7283359822762336	0.4876245124632859	-0.9819720406058317	0.0	1.0	1.0	0.0	0.4876245124632859	-0.9819720406058317
128250000	0.7420199783494583	0.4183814380027675	-1.2274042827409646	0.0	1.0	1.0	0.0	0.4183814380027675	-1.2274042827409646
128300000	0.3118140457584164	0.34316822058020907	-1.071105308076902	0.0	1.0	1.0	0.0	0.34316822058020907	-1.071105308076902
128350000	-1.8239374030721864	-0.25775229904676994	-1.2191828790346686	0.0	0.0	1.0	-0.0	-0.0	-1.2191828790346686
128400000	3.0111962147507483	0.464766819788553	-1.025974625836271	0.0	1.0	1.0	0.0	0.464766819788553	-1.025974625836271
128450000	0.38293722428068255	0.3537106964064945	-0.993274242029587	0.0	1.0	1.0	0.0	0.3537106964064945	-0.993274242029587
128500000	0.07696378624655864	0.2737416800887246	-1.015088526045446	1.0	1.0	1.0	0.07696378624655864	0.2737416800887246	-1.015088526045446
128550000	1.9246239719465255	0.2850300621121833	-1.0543783918607426	0.0	1.0	1.0	0.0	0.2850300621121833	-1.0543783918607426
128600000	-1.3097045247066015	0.47160089028781593	-0.8945735815133258	0.0	1.0	1.0	-0.0	0.47160089028781593	-0.8945735815133258
128650000	-1.8672430433090788	0.5170477960589852	-1.0970311292763026	0.0	1.0	1.0	-0.0	0.5170477960589852	-1.0970311292763026
128700000	0.027003498835269136	0.4428546824284453	-1.0093242789208665	1.0	1.0	1.0	0.027003498835269136	0.4428546824284453	-1.0093242789208665
128750000	-1.6834972596789703	0.34133984713912613	-1.0518745546185944	0.0	1.0	1.0	-0.0	0.34133984713912613	-1.0518745546185944
128800000	2.4871129346924965	0.2214919267231189	-1.1571936983014377	0.0	1.0	1.0	0.0	0.2214919267231189	-1.1571936983014377
128850000	0.8537305961277601	0.41174325735656125	-1.095630838072342	0.0	1.0	1.0	0.0	0.41174325735656125	-1.095630838072342
128900000	-2.2959561264388024	0.44079460952283284	-1.0253247676407864	0.0	1.0	1.0	-0.0	0.44079460952283284	-1.0253247676407864
128950000	6.840376525470876	0.23901985243531082	-1.111213950242495	0.0	1.0	1.0	0.0	0.23901985243531082	-1.111213950242495
129000000	1.8614155539156498	0.40004874103201715	-1.132645868139078	0.0	1.0	1.0	0.0	0.40004874103201715	-1.132645868139078
129050000	0.48021558261325265	0.4059443855742615	-1.0815522052346882	0.0	1.0	1.0	0.0	0.4059443855742615	-1.0815522052346882
129100000	-0.6627722137855824	0.27745424681099223	-1.2418837526541768	0.0	1.0	1.0	-0.0	0.27745424681099223	-1.2418837526541768
129150000	-2.2902131466663813	0.2653652727231285	-1.2420088748899247	0.0	1.0	1.0	-0.0	0.2653652727231285	-1.2420088748899247
129200000	0.43065070417105833	0.3135128539382375	-1.196690332603206	0.0	1.0	1.0	0.0	0.3135128539382375	-1.196690332603206
129250000	-2.0082333614299435	0.4978648068006398	-1.1089665504657937	0.0	1.0	1.0	-0.0	0.4978648068006398	-1.1089665504657937
129300000	-0.8008425030788388	0.48631620627828975	-1.1716381781228615	0.0	0.0	1.0	-0.0	0.0	-1.1716381781228615
129350000	3.301312218827095	0.3919389386671426	-0.9667764779489914	0.0	1.0	1.0	0.0	0.3919389386671426	-0.9667764779489914
129400000	-0.8316538512583641	0.34975886779965676	-1.1547918388443665	0.0	1.0	1.0	-0.0	0.34975886779965676	-1.1547918388443665
129450000	-0.5360573584116708	0.3762890682974074	-0.9835350896834292	0.0	1.0	1.0	-0.0	0.3762890682974074	-0.9835350896834292
129500000	-1.004310114930451	0.3221721257800144	-0.9588332831475382	0.0	1.0	1.0	-0.0	0.3221721257800144	-0.9588332831475382
129550000	0.28474145491246056	0.5351939164078705	-1.1592566208342874	0.0	1.0	1.0	0.0	0.5351939164078705	-1.1592566208342874
129600000	0.6689384635828624	0.4031651509304572	-1.1137646443291174	0.0	1.0	1.0	0.0	0.4031651509304572	-1.1137646443291174
129650000	-1.1005132091206298	0.3000945532759843	-1.0019898455426466	0.0	1.0	1.0	-0.0	0.3000945532759843	-1.0019898455426466
129700000	0.3997712493224491	0.3867995955065024	-1.074990012033023	0.0	0.0	1.0	0.0	0.0	-1.074990012033023
129750000	0.15143523892933253	0.49433816629653043	-1.016724460854735	1.0	1.0	1.0	0.15143523892933253	0.49433816629653043	-1.016724460854735
129800000	1.054428652877066	0.18817595076384505	-1.049354660931797	0.0	1.0	1.0	0.0	0.18817595076384505	-1.049354660931797
129850000	-1.1044424953244156	0.4803617610958481	-1.137095223664562	0.0	1.0	1.0	-0.0	0.4803617610958481	-1.137095223664562
129900000	1.6214679724467707	0.5468115502484832	-0.9479544068196828	0.0	1.0	1.0	0.0	0.5468115502484832	-0.9479544068196828
129950000	-1.4231374695139398	0.26285292251678993	-1.104151476720815	0.0	1.0	1.0	-0.0	0.26285292251678993	-1.104151476720815
130000000	-2.750320393617485	0.3366587618306905	-0.9513742410799563	0.0	1.0	1.0	-0.0	0.3366587618306905	-0.9513742410799563
130050000	-1.4182663016369275	0.1457160543365187	-1.0563022433967773	0.0	1.0	1.0	-0.0	0.1457160543365187	-1.0563022433967773
130100000	0.22292875330424167	0.4296708795889254	-0.8450601875647801	0.0	1.0	1.0	0.0	0.4296708795889254	-0.8450601875647801
130150000	-0.27378710417951035	0.6083037297398327	-1.0711351283697974	0.0	1.0	1.0	-0.0	0.6083037297398327	-1.0711351283697974
130200000	-5.316599030594414	0.371466948969501	-1.207629410741498	0.0	1.0	1.0	-0.0	0.371466948969501	-1.207629410741498
130250000	3.8187126884023295	0.23144916770616614	-1.0611968616228267	0.0	1.0	1.0	0.0	0.23144916770616614	-1.0611968616228267
130300000	0.26588867900411134	0.4092415508366652	-0.9321026604152783	1.0	1.0	1.0	0.26588867900411134	0.4092415508366652	-0.9321026604152783
130350000	-0.5392543566500704	0.5026195874154697	-1.044936268960146	0.0	1.0	1.0	-0.0	0.5026195874154697	-1.044936268960146
130400000	-0.44908432390237146	0.4086048304436523	-1.1358215956962185	0.0	1.0	1.0	-0.0	0.4086048304436523	-1.1358215956962185
130450000	1.722075910074933	0.3561747512618048	-1.1929697204594314	0.0	1.0	1.0	0.0	0.3561747512618048	-1.1929697204594314
130500000	2.9243378971852545	0.2567477695968383	-1.1033190613501775	0.0	1.0	1.0	0.0	0.2567477695968383	-1.1033190613501775
130550000	4.797371097646359	0.41052305992100396	-1.191367184460829	0.0	1.0	1.0	0.0	0.41052305992100396	-1.191367184460829
130600000	-4.612101021659662	0.4656140115969719	-1.0467906624289716	0.0	1.0	1.0	-0.0	0.4656140115969719	-1.0467906624289716
130650000	2.235234567902127	0.3544617202889763	-1.0682449451951084	0.0	1.0	1.0	0.0	0.3544617202889763	-1.0682449451951084
130700000	0.9698552846265285	0.5028149321137515	-1.1096145372191817	0.0	1.0	1.0	0.0	0.5028149321137515	-1.1096145372191817
130750000	-1.8484685627163453	0.3830041305900902	-1.0108139747343237	0.0	1.0	1.0	-0.0	0.3830041305900902	-1.0108139747343237
130800000	0.5628430288826394	0.4546359614034645	-1.117134624413501	0.0	1.0	1.0	0.0	0.4546359614034645	-1.117134624413501
130850000	-0.4897870964790979	0.37546702435284396	-1.100467791234672	0.0	1.0	1.0	-0.0	0.37546702435284396	-1.100467791234672
130900000	1.5684199483753154	0.3305677722860413	-1.0210611414455628	0.0	1.0	1.0	0.0	0.3305677722860413	-1.0210611414455628
130950000	-1.01153554031619	0.31188355141693036	-1.0972896656548354	0.0	1.0	1.0	-0.0	0.31188355141693036	-1.0972896656548354
131000000	-2.670485334991128	0.31474573686295343	-1.2418568599922115	0.0	1.0	1.0	-0.0	0.31474573686295343	-1.2418568599922115
131050000	1.138572987462041	0.4395129369155666	-1.115922663720455	0.0	1.0	1.0	0.0	0.4395129369155666	-1.115922663720455
131100000	-1.6113255860920621	0.30394328483475486	-1.0336588356419514	0.0	1.0	1.0	-0.0	0.30394328483475486	-1.0336588356419514
131150000	1.814253992300577	0.35766721685970887	-1.1062430287635017	0.0	1.0	1.0	0.0	0.35766721685970887	-1.1062430287635017
131200000	-3.4606990952281795	0.40063096633440687	-1.049134131890756	0.0	1.0	1.0	-0.0	0.40063096633440687	-1.049134131890756
131250000	-3.3508310349744246	0.32730535631606256	-1.0634484573472704	0.0	1.0	1.0	-0.0	0.32730535631606256	-1.0634484573472704
131300000	3.084374991327931	0.6532038444512405	-1.1119035218174491	0.0	1.0	1.0	0.0	0.6532038444512405	-1.1119035218174491
131350000	1.7635365335117565	0.16857549601139188	-1.159333598974481	0.0	1.0	1.0	0.0	0.16857549601139188	-1.159333598974481
131400000	1.3232470492852253	-2.930983253314541	-1.179821429987466	0.0	0.0	1.0	0.0	-0.0	-1.179821429987466
131450000	0.4409143109848511	0.28411651473790883	-1.1693603301262183	0.0	1.0	1.0	0.0	0.28411651473790883	-1.1693603301262183
131500000	0.022885667548758967	0.24615289968650692	-1.0676557815439924	1.0	1.0	1.0	0.022885667548758967	0.24615289968650692	-1.0676557815439924
131550000	1.9024996562025822	0.32880039094512276	-0.953097852084327	0.0	1.0	1.0	0.0	0.32880039094512276	-0.953097852084327
131600000	-0.7117993170926682	0.5034798623720028	-1.1323488323290918	0.0	1.0	1.0	-0.0	0.5034798623720028	-1.1323488323290918
131650000	2.9695988248851757	0.19805261381918401	-0.9740270076665521	0.0	1.0	1.0	0.0	0.19805261381918401	-0.9740270076665521
131700000	-3.5459887233104017	0.33702652989069226	-1.1039031813571076	0.0	1.0	1.0	-0.0	0.33702652989069226	-1.1039031813571076
131750000	1.4313728258599432	0.3788974201535624	-0.9600904519068165	0.0	1.0	1.0	0.0	0.3788974201535624	-0.9600904519068165
131800000	-4.459533938409834	0.44443208533527395	-1.0484176124471518	0.0	1.0	1.0	-0.0	0.44443208533527395	-1.0484176124471518
131850000	-0.1959963971325065	0.28323036801325957	-1.2071083395786228	0.0	1.0	1.0	-0.0	0.28323036801325957	-1.2071083395786228
131900000	0.39653426481783804	0.3869066119692039	-1.0754522066855559	0.0	1.0	1.0	0.0	0.3869066119692039	-1.0754522066855559
131950000	0.6335286630976102	0.29640763239300466	-1.036812291494766	0.0	1.0	1.0	0.0	0.29640763239300466	-1.036812291494766
132000000	2.1155387141190456	0.6396577963740534	-1.010077727434696	0.0	1.0	1.0	0.0	0.6396577963740534	-1.010077727434696
132050000	0.8153295480303238	0.40684340659346496	-1.0302221941228102	0.0	1.0	1.0	0.0	0.40684340659346496	-1.0302221941228102
132100000	1.2397626315788914	0.38965953553914273	-1.1244571193456823	0.0	1.0	1.0	0.0	0.38965953553914273	-1.1244571193456823
132150000	1.0228652568194447	0.40391409672839157	-1.0068781458620284	0.0	1.0	1.0	0.0	0.40391409672839157	-1.0068781458620284
132200000	-2.5932739101884588	0.20538310027427448	-1.1149658385857935	0.0	1.0	1.0	-0.0	0.20538310027427448	-1.1149658385857935
132250000	1.3420672479857476	0.5114558691963965	-1.1021690529818196	0.0	1.0	1.0	0.0	0.5114558691963965	-1.1021690529818196
132300000	0.8444824243933252	0.4718436215283433	-0.9411646217701343	0.0	1.0	1.0	0.0	0.4718436215283433	-0.9411646217701343
132350000	-1.0436901532194969	0.3756160427774759	-1.1386854854840602	0.0	1.0	1.0	-0.0	0.3756160427774759	-1.1386854854840602
132400000	-2.3769868083108814	0.6114765692156896	-1.067396602524528	0.0	1.0	1.0	-0.0	0.6114765692156896	-1.067396602524528
132450000	0.6507775545740289	0.5949225134549911	-0.8936293806679173	0.0	1.0	1.0	0.0	0.5949225134549911	-0.8936293806679173
132500000	-1.793711904908536	0.37526606891040326	-1.0855294851974726	0.0	1.0	1.0	-0.0	0.37526606891040326	-1.0855294851974726
132550000	1.9155051426522094	0.5096507386631576	-1.103713090343543	0.0	1.0	1.0	0.0	0.5096507386631576	-1.103713090343543
132600000	0.9383431067885706	0.4637521901935575	-1.0786538063287363	0.0	1.0	1.0	0.0	0.4637521901935575	-1.0786538063287363
132650000	-2.213339862064383	0.18591963665152592	-1.0221311020333146	0.0	1.0	1.0	-0.0	0.18591963665152592	-1.0221311020333146
132700000	-2.0953149937905566	0.3492684044542232	-0.9159323852711523	0.0	1.0	1.0	-0.0	0.3492684044542232	-0.9159323852711523
132750000	-0.7081290264367119	0.3666922799477356	-1.0129808014763027	0.0	1.0	1.0	-0.0	0.3666922799477356	-1.0129808014763027
132800000	2.140578762547896	0.30748174844417026	-1.0949285570479559	0.0	1.0	1.0	0.0	0.30748174844417026	-1.0949285570479559
132850000	1.4498476231956614	0.3535842649797559	-1.1675949389972557	0.0	1.0	1.0	0.0	0.3535842649797559	-1.1675949389972557
132900000	0.7819080243243111	0.39786555488830844	-1.1345775295903147	0.0	1.0	1.0	0.0	0.39786555488830844	-1.1345775295903147
132950000	0.37280019276347964	0.3915468926733149	-1.057623897470756	0.0	1.0	1.0	0.0	0.3915468926733149	-1.057623897470756
133000000	-0.11379007292690346	0.45025363392717993	-1.132689840458972	0.0	1.0	1.0	-0.0	0.45025363392717993	-1.132689840458972
133050000	-1.38124446073705	-1.190407805983293	-1.1482772354455109	0.0	0.0	1.0	-0.0	-0.0	-1.1482772354455109
133100000	2.9034094440039455	0.2953592284989987	-1.076847957518239	0.0	1.0	1.0	0.0	0.2953592284989987	-1.076847957518239
133150000	1.5205836496895593	0.39115574524850266	-1.1054275598934211	0.0	1.0	1.0	0.0	0.39115574524850266	-1.1054275598934211
133200000	1.038850348244967	0.4032517328651591	-1.1457448745303553	0.0	1.0	1.0	0.0	0.4032517328651591	-1.1457448745303553
133250000	-0.13989142843662117	0.25464446931203016	-1.093711250186007	0.0	1.0	1.0	-0.0	0.25464446931203016	-1.093711250186007
133300000	1.3714119588593252	0.47450199542747334	-1.0015146986249155	0.0	1.0	1.0	0.0	0.47450199542747334	-1.0015146986249155
133350000	0.7245154024425995	0.5598834650168966	-1.0508952155733917	0.0	1.0	1.0	0.0	0.5598834650168966	-1.0508952155733917
133400000	-0.5104839333630903	0.28625252330917844	-1.1523690908507416	0.0	1.0	1.0	-0.0	0.28625252330917844	-1.1523690908507416
133450000	4.130332185758999	0.3610726856956213	-0.9904764721680823	0.0	1.0	1.0	0.0	0.3610726856956213	-0.9904764721680823
133500000	-0.8124844468748152	0.5100911697209628	-1.0371513922124753	0.0	1.0	1.0	-0.0	0.5100911697209628	-1.0371513922124753
133550000	-2.6096588656257436	4.007448256525652	-1.281152440173781	0.0	0.0	1.0	-0.0	0.0	-1.281152440173781
133600000	1.2319219892191957	0.4971794929662188	-1.1838071597621318	0.0	1.0	1.0	0.0	0.4971794929662188	-1.1838071597621318
133650000	-0.21493678039447003	0.48877345786567256	-1.1886206535908261	0.0	1.0	1.0	-0.0	0.48877345786567256	-1.1886206535908261
133700000	0.14227886204460963	0.3912932666073922	-0.9513206213906816	1.0	1.0	1.0	0.14227886204460963	0.3912932666073922	-0.9513206213906816
133750000	-0.46341819301844	0.6518484239661749	-1.008555361580951	0.0	1.0	1.0	-0.0	0.6518484239661749	-1.008555361580951
133800000	2.3040801719686126	0.3361018000545571	-0.9624141285663776	0.0	1.0	1.0	0.0	0.3361018000545571	-0.9624141285663776
133850000	1.1126228356232384	0.40208618430602133	-1.277781693076188	0.0	1.0	1.0	0.0	0.40208618430602133	-1.277781693076188
133900000	3.3098953891492116	0.3554668289796471	-1.0511555120617506	0.0	1.0	1.0	0.0	0.3554668289796471	-1.0511555120617506
133950000	-2.1630966444861537	0.5714755722789465	-1.1351969211269894	0.0	1.0	1.0	-0.0	0.5714755722789465	-1.1351969211269894
134000000	-2.8134373186910966	0.3877064749554588	-1.0791970440720329	0.0	1.0	1.0	-0.0	0.3877064749554588	-1.0791970440720329
134050000	1.6024657455128068	0.4346664994505778	-1.0636549271116258	0.0	1.0	1.0	0.0	0.4346664994505778	-1.0636549271116258
134100000	1.21448956020477	0.38397977163359065	-1.1540768127682917	0.0	1.0	1.0	0.0	0.38397977163359065	-1.1540768127682917
134150000	-4.088587122358992	0.4311356119146307	-1.0048746365234962	0.0	1.0	1.0	-0.0	0.4311356119146307	-1.0048746365234962
134200000	0.38889242461535084	0.4286990296145443	-0.990270394572607	0.0	1.0	1.0	0.0	0.4286990296145443	-0.990270394572607
134250000	-0.06000672145664265	0.3041650286194333	-0.9989069233106859	0.0	1.0	1.0	-0.0	0.3041650286194333	-0.9989069233106859
134300000	0.8603387178415458	0.1916277474041277	-1.2554919945289402	0.0	1.0	1.0	0.0	0.1916277474041277	-1.2554919945289402
134350000	-1.0707170675398714	0.5920034413982365	-1.1262384195700992	0.0	1.0	1.0	-0.0	0.5920034413982365	-1.1262384195700992
134400000	0.46326614162694163	0.4009208417013278	-1.0094251748350132	0.0	1.0	1.0	0.0	0.4009208417013278	-1.0094251748350132
134450000	-1.243717666068329	0.3754437693216915	-1.056959775086824	0.0	1.0	1.0	-0.0	0.3754437693216915	-1.056959775086824
134500000	-2.443947194533715	-0.7441549974125573	-1.3779669331332827	0.0	0.0	1.0	-0.0	-0.0	-1.3779669331332827
134550000	1.1993809805600681	0.527907262373627	-1.0740609195183788	0.0	1.0	1.0	0.0	0.527907262373627	-1.0740609195183788
134600000	1.3615653886228312	0.364101401144858	-1.0346813463233464	0.0	1.0	1.0	0.0	0.364101401144858	-1.0346813463233464
134650000	-0.5457751258148504	0.18239395491571603	-1.1975558176973573	0.0	1.0	1.0	-0.0	0.18239395491571603	-1.1975558176973573
134700000	-0.4805740985511558	0.3691688246689196	-1.1126953841199225	0.0	1.0	1.0	-0.0	0.3691688246689196	-1.1126953841199225
134750000	1.4685742069367882	-1.2330628665593752	-1.210430133914679	0.0	0.0	1.0	0.0	-0.0	-1.210430133914679
134800000	3.4354062786164254	0.3450234450814004	-1.0733272759089088	0.0	1.0	1.0	0.0	0.3450234450814004	-1.0733272759089088
134850000	2.6199889946844093	0.25290432876528146	-1.0712713474094073	0.0	1.0	1.0	0.0	0.25290432876528146	-1.0712713474094073
134900000	-0.8314309933368521	0.37861622471404327	-1.0591031227322933	0.0	1.0	1.0	-0.0	0.37861622471404327	-1.0591031227322933
134950000	2.5434757802426264	0.24496723012595628	-1.1657228222901472	0.0	1.0	1.0	0.0	0.24496723012595628	-1.1657228222901472
135000000	-0.02046683983189319	0.2391157611511484	-1.0879334409259829	1.0	1.0	1.0	-0.02046683983189319	0.2391157611511484	-1.0879334409259829
135050000	-1.9244768192686932	0.5881461370604525	-1.1513917737003145	0.0	0.0	1.0	-0.0	0.0	-1.1513917737003145
135100000	1.4348317224890434	-2.793124453507173	-1.1953374421816148	0.0	0.0	1.0	0.0	-0.0	-1.1953374421816148
135150000	-1.7375011222703969	-0.4631066385517566	-1.1522653737393649	0.0	0.0	1.0	-0.0	-0.0	-1.1522653737393649
135200000	2.1504704408708517	0.3020023025471754	-1.0007031154876171	0.0	1.0	1.0	0.0	0.3020023025471754	-1.0007031154876171
135250000	-0.256620616492621	0.40926555149209104	-0.9628340056881378	0.0	1.0	1.0	-0.0	0.40926555149209104	-0.9628340056881378
135300000	1.7953688265905576	0.3481430072422868	-1.1494776829140152	0.0	1.0	1.0	0.0	0.3481430072422868	-1.1494776829140152
135350000	-1.7046879732412743	0.42687330734125445	-1.1059957920977028	0.0	1.0	1.0	-0.0	0.42687330734125445	-1.1059957920977028
135400000	1.2014260069462515	0.370029360858852	-1.06998437067532	0.0	1.0	1.0	0.0	0.370029360858852	-1.06998437067532
135450000	2.9160852824186745	0.16550005030203954	-1.1214887998102976	0.0	1.0	1.0	0.0	0.16550005030203954	-1.1214887998102976
135500000	0.07437989180526013	0.3115685921950277	-1.0589073307788257	0.0	1.0	1.0	0.0	0.3115685921950277	-1.0589073307788257
135550000	1.763820807564909	0.40820927673073865	-1.026674204698929	0.0	1.0	1.0	0.0	0.40820927673073865	-1.026674204698929
135600000	-1.8504894229028273	0.29779699821438593	-1.141337176042898	0.0	1.0	1.0	-0.0	0.29779699821438593	-1.141337176042898
135650000	0.8468364901769303	0.30722368030345015	-1.2038768190940603	0.0	1.0	1.0	0.0	0.30722368030345015	-1.2038768190940603
135700000	-1.2932849999799967	0.2767147774997478	-1.1944027636304606	0.0	1.0	1.0	-0.0	0.2767147774997478	-1.1944027636304606
135750000	1.6983956874848078	0.3320312174662292	-1.063662725562089	0.0	1.0	1.0	0.0	0.3320312174662292	-1.063662725562089
135800000	-2.192230926365176	0.4971568696862325	-1.1127859136520102	0.0	1.0	1.0	-0.0	0.4971568696862325	-1.1127859136520102
135850000	0.10208627693449465	0.48608992669211215	-1.0566210041165085	1.0	1.0	1.0	0.10208627693449465	0.48608992669211215	-1.0566210041165085
135900000	0.5236228021823	0.31861136682430613	-1.1145183787051733	0.0	1.0	1.0	0.0	0.31861136682430613	-1.1145183787051733
135950000	2.47291720558959	0.29131638714392094	-1.1804467955442683	0.0	1.0	1.0	0.0	0.29131638714392094	-1.1804467955442683
136000000	-0.714313201676282	0.3915611412405943	-1.0066951263914776	0.0	1.0	1.0	-0.0	0.3915611412405943	-1.0066951263914776
136050000	1.3265100023839143	0.45719781026169093	-1.082159402796111	0.0	1.0	1.0	0.0	0.45719781026169093	-1.082159402796111
136100000	0.06801312197271858	0.40971059731134957	-1.0035857561708934	0.0	1.0	1.0	0.0	0.40971059731134957	-1.0035857561708934
136150000	-2.9199463436309028	0.344692820326579	-1.111011068120746	0.0	1.0	1.0	-0.0	0.344692820326579	-1.111011068120746
136200000	-0.5545926320563062	0.2906684867947216	-1.1271311321011623	0.0	1.0	1.0	-0.0	0.2906684867947216	-1.1271311321011623
136250000	-1.5170373088502156	0.24145380514460205	-1.2503379652761537	0.0	1.0	1.0	-0.0	0.24145380514460205	-1.2503379652761537
136300000	-0.43249856315365043	0.1870189549538877	-1.1137752108930188	0.0	1.0	1.0	-0.0	0.1870189549538877	-1.1137752108930188
136350000	-3.6757759433307413	0.36155217373984033	-1.1189391779120847	0.0	1.0	1.0	-0.0	0.36155217373984033	-1.1189391779120847
136400000	-0.2719333623385453	0.6741411204235288	-1.1454378483543939	0.0	1.0	1.0	-0.0	0.6741411204235288	-1.1454378483543939
136450000	-0.05265359390289189	0.4871817235083158	-1.0288477736590254	1.0	1.0	1.0	-0.05265359390289189	0.4871817235083158	-1.0288477736590254
136500000	-2.31829919210798	0.41491572613272204	-1.0772724360929102	0.0	1.0	1.0	-0.0	0.41491572613272204	-1.0772724360929102
136550000	1.8859966335000582	0.4365085503486266	-1.0496324158054586	0.0	1.0	1.0	0.0	0.4365085503486266	-1.0496324158054586
136600000	1.173934419114878	0.3128718576639804	-1.1060000440854338	0.0	1.0	1.0	0.0	0.3128718576639804	-1.1060000440854338
136650000	5.579717247490099	0.4022977206020037	-1.0841215758970193	0.0	1.0	1.0	0.0	0.4022977206020037	-1.0841215758970193
136700000	-2.255103983468891	0.34302649131306007	-1.022457401720307	0.0	1.0	1.0	-0.0	0.34302649131306007	-1.022457401720307
136750000	0.5780842529776441	0.33765053627586705	-1.0340786905759112	0.0	1.0	1.0	0.0	0.33765053627586705	-1.0340786905759112
136800000	3.7518182024888445	0.2072959145064786	-0.9908302682619613	0.0	1.0	1.0	0.0	0.2072959145064786	-0.9908302682619613
136850000	2.8421337873338337	0.45239469574917657	-1.0946223299075506	0.0	1.0	1.0	0.0	0.45239469574917657	-1.0946223299075506
136900000	0.19871847705897894	0.47161530365223925	-1.0696055267595583	0.0	1.0	1.0	0.0	0.47161530365223925	-1.0696055267595583
136950000	-0.07044088715075289	0.214215575940147	-0.9783227495357897	0.0	1.0	1.0	-0.0	0.214215575940147	-0.9783227495357897
137000000	-0.9647394308075197	0.4261054093043607	-1.1744042674816584	0.0	1.0	1.0	-0.0	0.4261054093043607	-1.1744042674816584
137050000	-0.6880024954196735	0.3899065076507912	-1.110653634947026	0.0	1.0	1.0	-0.0	0.3899065076507912	-1.110653634947026
137100000	0.12325571295196858	0.501996950181994	-1.0208264301442838	1.0	1.0	1.0	0.12325571295196858	0.501996950181994	-1.0208264301442838
137150000	2.940311784017182	0.5743771721931945	-1.0328047526488369	0.0	1.0	1.0	0.0	0.5743771721931945	-1.0328047526488369
137200000	1.8869102215212221	0.5708923784596385	-1.0816858961557319	0.0	1.0	1.0	0.0	0.5708923784596385	-1.0816858961557319
137250000	-1.6882503029661835	0.26553305186748916	-1.1431515903435991	0.0	1.0	1.0	-0.0	0.26553305186748916	-1.1431515903435991
137300000	-2.0440980064652345	0.4237877155295988	-0.9756151324012903	0.0	1.0	1.0	-0.0	0.4237877155295988	-0.9756151324012903
137350000	-1.7932797669702756	0.2936662942226337	-1.1186230358503415	0.0	1.0	1.0	-0.0	0.2936662942226337	-1.1186230358503415
137400000	0.6796546102557488	0.30304667110487526	-0.9605232973505144	0.0	1.0	1.0	0.0	0.30304667110487526	-0.9605232973505144
137450000	-0.14061866156633884	0.4381719128905528	-1.1547175042159947	0.0	1.0	1.0	-0.0	0.4381719128905528	-1.1547175042159947
137500000	-1.6737619723446913	0.37338936291795416	-1.105705588779961	0.0	1.0	1.0	-0.0	0.37338936291795416	-1.105705588779961
137550000	0.9227211547893638	0.31492881229099434	-1.0881988211602918	0.0	1.0	1.0	0.0	0.31492881229099434	-1.0881988211602918
137600000	-0.29524979039318633	0.35232682898642337	-1.0552041008262887	0.0	1.0	1.0	-0.0	0.35232682898642337	-1.0552041008262887
137650000	-0.6714081955131609	0.3839867507713425	-1.0241318667016137	0.0	1.0	1.0	-0.0	0.3839867507713425	-1.0241318667016137
137700000	-0.6688420343750578	0.5218532832886178	-1.1045306128210937	0.0	1.0	1.0	-0.0	0.5218532832886178	-1.1045306128210937
137750000	0.15479654891404804	0.6249789437741832	-1.2834064927331676	0.0	1.0	1.0	0.0	0.6249789437741832	-1.2834064927331676
137800000	-3.200794706746167	0.47210042336412633	-1.152189563957156	0.0	1.0	1.0	-0.0	0.47210042336412633	-1.152189563957156
137850000	0.09617684859255524	0.55982317182883	-1.137407131711794	0.0	1.0	1.0	0.0	0.55982317182883	-1.137407131711794
137900000	0.2296657670877929	0.6080859654510893	-0.9572012348018262	1.0	1.0	1.0	0.2296657670877929	0.6080859654510893	-0.9572012348018262
137950000	0.5650724806359418	0.3159783760223084	-0.833156758100426	0.0	1.0	1.0	0.0	0.3159783760223084	-0.833156758100426
138000000	3.1643460535968044	0.37828083567413623	-1.034887620264221	0.0	1.0	1.0	0.0	0.37828083567413623	-1.034887620264221
138050000	2.8249185635902068	1.6690421456579323	-1.0402301477504357	0.0	0.0	1.0	0.0	0.0	-1.0402301477504357
138100000	-2.3263897854518887	0.3310478847005509	-1.0024916641443005	0.0	1.0	1.0	-0.0	0.3310478847005509	-1.0024916641443005
138150000	2.113920609726377	0.5471608202500237	-0.9524169946807444	0.0	1.0	1.0	0.0	0.5471608202500237	-0.9524169946807444
138200000	3.510746475736558	0.2340450373852046	-1.012682384587329	0.0	1.0	1.0	0.0	0.2340450373852046	-1.012682384587329
138250000	-1.2902208955383596	0.4426145364357702	-0.9574569905329666	0.0	1.0	1.0	-0.0	0.4426145364357702	-0.9574569905329666
138300000	0.700471316944849	0.5730152104217229	-0.9960542034109863	0.0	1.0	1.0	0.0	0.5730152104217229	-0.9960542034109863
138350000	2.418012866102118	0.48701766933964113	-0.9497664599058593	0.0	1.0	1.0	0.0	0.48701766933964113	-0.9497664599058593
138400000	0.6831636415834471	0.5714969546606522	-0.9547060087503688	0.0	1.0	1.0	0.0	0.5714969546606522	-0.9547060087503688
138450000	0.5744091605609889	0.4801230053218818	-1.0357805325901763	0.0	1.0	1.0	0.0	0.4801230053218818	-1.0357805325901763
138500000	2.795365689461751	0.2991789212173994	-1.1301287224249346	0.0	1.0	1.0	0.0	0.2991789212173994	-1.1301287224249346
138550000	-2.363110116279494	0.32511542178196917	-1.1014523871820037	0.0	1.0	1.0	-0.0	0.32511542178196917	-1.1014523871820037
138600000	-2.6571889867618936	0.33921849837067786	-0.9699090887928021	0.0	1.0	1.0	-0.0	0.33921849837067786	-0.9699090887928021
138650000	1.3388680351462472	0.45901808825082313	-1.1319871339999619	0.0	1.0	1.0	0.0	0.45901808825082313	-1.1319871339999619
138700000	0.3960794618094039	-3.524280126020055	-1.0669174278765536	0.0	0.0	1.0	0.0	-0.0	-1.0669174278765536
138750000	0.034636916752584034	0.450107251378627	-0.964916707630759	0.0	1.0	1.0	0.0	0.450107251378627	-0.964916707630759
138800000	-1.8015492119845016	0.2970379409982463	-1.0716994388907446	0.0	1.0	1.0	-0.0	0.2970379409982463	-1.0716994388907446
138850000	0.2627896432902199	0.48421796639672576	-1.0919888511989366	0.0	1.0	1.0	0.0	0.48421796639672576	-1.0919888511989366
138900000	-1.372123500676826	0.3784605257210545	-1.0672326873206286	0.0	1.0	1.0	-0.0	0.3784605257210545	-1.0672326873206286
138950000	0.7187195693547865	0.7224845450941444	-1.0288090718929936	0.0	1.0	1.0	0.0	0.7224845450941444	-1.0288090718929936
139000000	-0.90905602047637	0.3866868927607937	-1.1290236769107787	0.0	1.0	1.0	-0.0	0.3866868927607937	-1.1290236769107787
139050000	0.3011867602897831	0.26991202177797136	-1.1782586936045467	0.0	1.0	1.0	0.0	0.26991202177797136	-1.1782586936045467
139100000	-2.7736205901254443	0.3852711034029439	-1.0812923666887133	0.0	1.0	1.0	-0.0	0.3852711034029439	-1.0812923666887133
139150000	0.4101626670362637	0.40465700453078746	-1.0886400095699356	0.0	1.0	1.0	0.0	0.40465700453078746	-1.0886400095699356
139200000	0.01280674815632099	0.3126595698494557	-1.0815875384573748	0.0	1.0	1.0	0.0	0.3126595698494557	-1.0815875384573748
139250000	-2.083156939596252	0.3898077145330938	-1.1382165940213902	0.0	1.0	1.0	-0.0	0.3898077145330938	-1.1382165940213902
139300000	0.5553079648385906	0.2151437894088256	-1.0630015110135191	0.0	1.0	1.0	0.0	0.2151437894088256	-1.0630015110135191
139350000	0.31809749206822163	0.30097919127520784	-1.0769892071431793	0.0	1.0	1.0	0.0	0.30097919127520784	-1.0769892071431793
139400000	-1.9300902674005955	0.3369692337505299	-0.9806656551538876	0.0	1.0	1.0	-0.0	0.3369692337505299	-0.9806656551538876
139450000	2.224793330588836	0.5178134716820015	-1.1484578594844665	0.0	1.0	1.0	0.0	0.5178134716820015	-1.1484578594844665
139500000	1.833663196185089	0.5338589112774014	-1.0633810998207007	0.0	1.0	1.0	0.0	0.5338589112774014	-1.0633810998207007
139550000	-1.101349137023024	0.36732566413953915	-1.002789478957328	0.0	1.0	1.0	-0.0	0.36732566413953915	-1.002789478957328
139600000	-0.14032713778010042	0.5454561204193612	-1.126969546638566	0.0	1.0	1.0	-0.0	0.5454561204193612	-1.126969546638566
139650000	-2.2078220930974246	0.34321573102398867	-1.1105174760422067	0.0	1.0	1.0	-0.0	0.34321573102398867	-1.1105174760422067
139700000	0.15219421897999152	0.4955878461275881	-1.0272832811777315	1.0	1.0	1.0	0.15219421897999152	0.4955878461275881	-1.0272832811777315
139750000	-0.7896929967307086	0.33088036976786506	-0.9670981957501744	0.0	1.0	1.0	-0.0	0.33088036976786506	-0.9670981957501744
139800000	-0.9199519807641205	0.42471115399343273	-0.9942134288375294	0.0	1.0	1.0	-0.0	0.42471115399343273	-0.9942134288375294
139850000	1.2562990537818188	0.31665163330729423	-1.1225959904066736	0.0	1.0	1.0	0.0	0.31665163330729423	-1.1225959904066736
139900000	-3.642548283356862	0.40321222555461333	-1.0922544150959097	0.0	1.0	1.0	-0.0	0.40321222555461333	-1.0922544150959097
139950000	0.2835513435942948	0.26982053820331336	-1.0886193656156462	0.0	1.0	1.0	0.0	0.26982053820331336	-1.0886193656156462
140000000	-0.5612890796692172	0.4188566556682433	-1.0731694103243123	0.0	1.0	1.0	-0.0	0.4188566556682433	-1.0731694103243123
140050000	0.015322886621773057	0.4680771442297957	-1.0040478895550278	0.0	1.0	1.0	0.0	0.4680771442297957	-1.0040478895550278
140100000	2.3887832340354653	-0.621393519363677	-1.1241677385758102	0.0	0.0	1.0	0.0	-0.0	-1.1241677385758102
140150000	0.9863300916391379	-2.273659358493983	-1.0999117149616282	0.0	0.0	1.0	0.0	-0.0	-1.0999117149616282
140200000	2.7061912889982573	0.5393546060661271	-1.1538891483719043	0.0	1.0	1.0	0.0	0.5393546060661271	-1.1538891483719043
140250000	0.7101102656266459	0.7050085976159451	-1.000225608018175	0.0	1.0	1.0	0.0	0.7050085976159451	-1.000225608018175
140300000	0.7287520337899218	0.26101964920156767	-1.0553903387542265	0.0	1.0	1.0	0.0	0.26101964920156767	-1.0553903387542265
140350000	2.318477206795328	0.4153903420184391	-1.0808252045328417	0.0	1.0	1.0	0.0	0.4153903420184391	-1.0808252045328417
140400000	-0.1234135420360809	0.32307731629620257	-1.1275710674842887	0.0	1.0	1.0	-0.0	0.32307731629620257	-1.1275710674842887
140450000	4.596663129121864	0.5141635822531297	-1.1072298600465904	0.0	1.0	1.0	0.0	0.5141635822531297	-1.1072298600465904
140500000	-3.446228664288311	0.2872202028649748	-1.1234963307340566	0.0	1.0	1.0	-0.0	0.2872202028649748	-1.1234963307340566
140550000	-3.1562590251296716	0.4322063055274542	-1.00424628119688	0.0	1.0	1.0	-0.0	0.4322063055274542	-1.00424628119688
140600000	-0.24089857298151052	0.5838067588258251	-0.9910960144660776	0.0	1.0	1.0	-0.0	0.5838067588258251	-0.9910960144660776
140650000	-1.984884438931753	0.26821077389122094	-0.9122769590993354	0.0	1.0	1.0	-0.0	0.26821077389122094	-0.9122769590993354
140700000	-0.6963280388174374	0.6049516862547878	-1.1244807312729443	0.0	1.0	1.0	-0.0	0.6049516862547878	-1.1244807312729443
140750000	1.515798975691253	0.32530825085735965	-1.1681432521445785	0.0	1.0	1.0	0.0	0.32530825085735965	-1.1681432521445785
140800000	-0.021203779905362263	0.43609312617963786	-1.1407457966277652	0.0	1.0	1.0	-0.0	0.43609312617963786	-1.1407457966277652
140850000	1.097640838438668	0.24370712634991518	-1.0990542394256566	0.0	1.0	1.0	0.0	0.24370712634991518	-1.0990542394256566
140900000	0.0592723781963409	0.4379880641398267	-1.0668105600403897	1.0	1.0	1.0	0.0592723781963409	0.4379880641398267	-1.0668105600403897
140950000	-2.1544639325087784	0.41737938361947785	-1.114942233831764	0.0	1.0	1.0	-0.0	0.41737938361947785	-1.114942233831764
141000000	1.2526814274067029	0.3600459297961085	-1.0052170446525146	0.0	1.0	1.0	0.0	0.3600459297961085	-1.0052170446525146
141050000	0.34306964308365595	0.4547956861839613	-1.0210199689033927	1.0	1.0	1.0	0.34306964308365595	0.4547956861839613	-1.0210199689033927
141100000	-2.6552085765391715	0.3437268994526471	-1.2077981109329605	0.0	1.0	1.0	-0.0	0.3437268994526471	-1.2077981109329605
141150000	-4.091349779793947	0.2952402824965233	-1.11168532251921	0.0	1.0	1.0	-0.0	0.2952402824965233	-1.11168532251921
141200000	2.72235051248567	0.048770038350669065	-1.1933746958840254	0.0	1.0	1.0	0.0	0.048770038350669065	-1.1933746958840254
141250000	1.4193727440571602	0.295525318530274	-1.2450989215170367	0.0	1.0	1.0	0.0	0.295525318530274	-1.2450989215170367
141300000	-1.736978042785811	0.5695611357820042	-1.1444766468442213	0.0	1.0	1.0	-0.0	0.5695611357820042	-1.1444766468442213
141350000	-0.5475350388963635	0.18556425027609355	-1.0747325839524198	0.0	1.0	1.0	-0.0	0.18556425027609355	-1.0747325839524198
141400000	-1.0309763384874322	0.20271185707133352	-1.1850196194197349	0.0	1.0	1.0	-0.0	0.20271185707133352	-1.1850196194197349
141450000	-0.8482911130947693	0.3191258285773639	-1.1407411363786746	0.0	1.0	1.0	-0.0	0.3191258285773639	-1.1407411363786746
141500000	0.9194517645140103	0.24717879347937585	-1.021412441727081	0.0	1.0	1.0	0.0	0.24717879347937585	-1.021412441727081
141550000	-1.9304841922254974	0.5569632827227405	-1.0673340499738166	0.0	1.0	1.0	-0.0	0.5569632827227405	-1.0673340499738166
141600000	-3.321618199266342	0.35195772077920645	-1.1582777324093243	0.0	1.0	1.0	-0.0	0.35195772077920645	-1.1582777324093243
141650000	-1.6496756171864693	0.40739206163229014	-1.0700429919204004	0.0	1.0	1.0	-0.0	0.40739206163229014	-1.0700429919204004
141700000	-0.5021728573220796	0.39015797178440853	-1.0928272369234568	0.0	1.0	1.0	-0.0	0.39015797178440853	-1.0928272369234568
141750000	-0.13217479029051601	1.8144895831038808	-1.1704689775238937	0.0	0.0	1.0	-0.0	0.0	-1.1704689775238937
141800000	0.837848609308999	0.534015816552709	-1.2295229792612556	0.0	1.0	1.0	0.0	0.534015816552709	-1.2295229792612556
141850000	-0.21992563672140122	0.540104531245648	-1.0912371081122483	0.0	1.0	1.0	-0.0	0.540104531245648	-1.0912371081122483
141900000	-0.009690315881461409	0.4894868037053656	-1.093766390717211	0.0	1.0	1.0	-0.0	0.4894868037053656	-1.093766390717211
141950000	0.45132728421818674	0.5257973272487965	-1.0986427221296673	0.0	1.0	1.0	0.0	0.5257973272487965	-1.0986427221296673
142000000	0.28865321199250016	0.2496987301273065	-1.1897946384329237	1.0	1.0	1.0	0.28865321199250016	0.2496987301273065	-1.1897946384329237
142050000	2.3861068397607106	0.4477491095333653	-0.988697499403383	0.0	1.0	1.0	0.0	0.4477491095333653	-0.988697499403383
142100000	-3.0159955517867316	0.44872077903141233	-1.142380612872551	0.0	1.0	1.0	-0.0	0.44872077903141233	-1.142380612872551
142150000	1.3710563271611036	0.2874536077776838	-1.2602010229998966	0.0	1.0	1.0	0.0	0.2874536077776838	-1.2602010229998966
142200000	0.2948675198145203	0.3894497892298045	-1.0791985141459557	0.0	1.0	1.0	0.0	0.3894497892298045	-1.0791985141459557
142250000	0.5512613927285773	0.48452011419354385	-1.2166942162361458	0.0	0.0	1.0	0.0	0.0	-1.2166942162361458
142300000	-1.9908502360921223	0.37783322710571243	-1.1206649978257661	0.0	1.0	1.0	-0.0	0.37783322710571243	-1.1206649978257661
142350000	0.24708627169151556	0.39268816851594773	-1.21371578209277	1.0	1.0	1.0	0.24708627169151556	0.39268816851594773	-1.21371578209277
142400000	-1.4844070089073849	0.388056911931917	-1.1356103776032085	0.0	1.0	1.0	-0.0	0.388056911931917	-1.1356103776032085
142450000	-0.7333425754619189	0.43273893083682236	-1.2025059041138586	0.0	1.0	1.0	-0.0	0.43273893083682236	-1.2025059041138586
142500000	1.3930584760328952	0.25913995563648506	-1.082109477732917	0.0	1.0	1.0	0.0	0.25913995563648506	-1.082109477732917
142550000	-1.1094194430463373	0.51621583651937	-0.9868562919718804	0.0	1.0	1.0	-0.0	0.51621583651937	-0.9868562919718804
142600000	-1.1535906906111284	0.4270888751723049	-1.099984183678655	0.0	1.0	1.0	-0.0	0.4270888751723049	-1.099984183678655
142650000	1.9411396349890175	0.5634549623400911	-1.0221391988102984	0.0	1.0	1.0	0.0	0.5634549623400911	-1.0221391988102984
142700000	0.3050939214671789	0.380489035601999	-0.7780382466388911	1.0	1.0	1.0	0.3050939214671789	0.380489035601999	-0.7780382466388911
142750000	2.7786444175083465	0.5241843591842994	-1.113958181168048	0.0	1.0	1.0	0.0	0.5241843591842994	-1.113958181168048
142800000	-2.881202960574591	0.3772499989214765	-1.1439561779951775	0.0	1.0	1.0	-0.0	0.3772499989214765	-1.1439561779951775
142850000	1.1667945633364665	0.5869885592384978	-1.0662999300480367	0.0	1.0	1.0	0.0	0.5869885592384978	-1.0662999300480367
142900000	-2.588783867228478	0.5720881045263203	-1.067726688905269	0.0	1.0	1.0	-0.0	0.5720881045263203	-1.067726688905269
142950000	2.095237874992646	0.30571917359053197	-1.0676374063151435	0.0	1.0	1.0	0.0	0.30571917359053197	-1.0676374063151435
143000000	1.876561753644015	0.532074516002915	-0.998269302240371	0.0	1.0	1.0	0.0	0.532074516002915	-0.998269302240371
143050000	-2.4093490255838956	0.5120636926669577	-1.037802331471901	0.0	1.0	1.0	-0.0	0.5120636926669577	-1.037802331471901
143100000	-1.5558291963231616	0.41105359692905646	-0.9451117647433162	0.0	1.0	1.0	-0.0	0.41105359692905646	-0.9451117647433162
143150000	-0.029452919081025986	0.46698421385256056	-1.076719966395508	0.0	1.0	1.0	-0.0	0.46698421385256056	-1.076719966395508
143200000	-0.6424554455701994	0.4083171320521976	-1.0683596902185617	0.0	1.0	1.0	-0.0	0.4083171320521976	-1.0683596902185617
143250000	0.6340443240452145	0.45633013140841266	-1.067778782515952	0.0	1.0	1.0	0.0	0.45633013140841266	-1.067778782515952
143300000	-0.7243801759050739	0.37283246590980845	-1.1780387079025376	0.0	1.0	1.0	-0.0	0.37283246590980845	-1.1780387079025376
143350000	-2.687697999883485	0.2650082680568804	-1.0910705281272945	0.0	1.0	1.0	-0.0	0.2650082680568804	-1.0910705281272945
143400000	-1.1108308896107402	0.1735872869936927	-1.1137087225585662	0.0	1.0	1.0	-0.0	0.1735872869936927	-1.1137087225585662
143450000	1.0254768619985686	0.4195210279863346	-1.1589466094590108	0.0	1.0	1.0	0.0	0.4195210279863346	-1.1589466094590108
143500000	-1.8444305100754117	0.46740233909309076	-1.0118351062477295	0.0	1.0	1.0	-0.0	0.46740233909309076	-1.0118351062477295
143550000	0.11874890200633527	0.23206072714677906	-1.053664529599609	0.0	1.0	1.0	0.0	0.23206072714677906	-1.053664529599609
143600000	1.453970933103238	0.47179614458589914	-1.1185586818703488	0.0	1.0	1.0	0.0	0.47179614458589914	-1.1185586818703488
143650000	-3.1844087341322873	0.3555987906729147	-1.0187541527738084	0.0	1.0	1.0	-0.0	0.3555987906729147	-1.0187541527738084
143700000	0.912504902443237	0.33649529501568776	-1.0246201642355086	0.0	1.0	1.0	0.0	0.33649529501568776	-1.0246201642355086
143750000	-0.8463846922294289	0.5514084127931997	-1.1017495983627752	0.0	1.0	1.0	-0.0	0.5514084127931997	-1.1017495983627752
143800000	2.140526340105328	0.4686363041624511	-1.0264934992017039	0.0	1.0	1.0	0.0	0.4686363041624511	-1.0264934992017039
143850000	4.053942313860729	0.26948627562228855	-1.075481386622377	0.0	1.0	1.0	0.0	0.26948627562228855	-1.075481386622377
143900000	-2.435006861962315	0.3507888284268981	-1.0746079817609497	0.0	1.0	1.0	-0.0	0.3507888284268981	-1.0746079817609497
143950000	-1.8513079224326803	0.5629527441275426	-1.159228066818642	0.0	1.0	1.0	-0.0	0.5629527441275426	-1.159228066818642
144000000	1.7685271645061373	0.36126365489639933	-1.0731090309965197	0.0	1.0	1.0	0.0	0.36126365489639933	-1.0731090309965197
144050000	-2.3646568197144577	0.23319320854579748	-1.1303916845916242	0.0	1.0	1.0	-0.0	0.23319320854579748	-1.1303916845916242
144100000	4.82255700248457	0.45297778427574736	-1.1915759312353473	0.0	1.0	1.0	0.0	0.45297778427574736	-1.1915759312353473
144150000	-1.6925733983261666	0.4224358822889365	-1.109295748918354	0.0	1.0	1.0	-0.0	0.4224358822889365	-1.109295748918354
144200000	0.7133241374739917	0.2941025210836805	-1.0813186353032058	0.0	1.0	1.0	0.0	0.2941025210836805	-1.0813186353032058
144250000	1.1966162553951125	0.21855470847868994	-1.2604478011729727	0.0	1.0	1.0	0.0	0.21855470847868994	-1.2604478011729727
144300000	-0.7104622140051906	-0.4645514717239827	-1.2555211403469702	0.0	0.0	1.0	-0.0	-0.0	-1.2555211403469702
144350000	5.1241190132267045	0.4730212213397513	-1.1530833378304612	0.0	1.0	1.0	0.0	0.4730212213397513	-1.1530833378304612
144400000	4.753514409433479	0.2416562022593521	-1.0591481754201877	0.0	1.0	1.0	0.0	0.2416562022593521	-1.0591481754201877
144450000	0.5765158953824222	0.40644803321505873	-1.1615659831345388	0.0	1.0	1.0	0.0	0.40644803321505873	-1.1615659831345388
144500000	1.3010496119561459	0.3228985231503474	-1.160310450581355	0.0	1.0	1.0	0.0	0.3228985231503474	-1.160310450581355
144550000	1.1981803720787199	0.42062789480353363	-1.2236676690362256	0.0	1.0	1.0	0.0	0.42062789480353363	-1.2236676690362256
144600000	0.9087650251995354	0.28860544616957673	-1.2244587461575782	0.0	1.0	1.0	0.0	0.28860544616957673	-1.2244587461575782
144650000	0.58954552521604	0.14273425675584428	-1.1051221603651142	0.0	1.0	1.0	0.0	0.14273425675584428	-1.1051221603651142
144700000	4.861636904484544	0.46524731438662015	-0.9131774565687389	0.0	1.0	1.0	0.0	0.46524731438662015	-0.9131774565687389
144750000	0.10458898336246936	0.15274092232967854	-1.0629467967035082	0.0	1.0	1.0	0.0	0.15274092232967854	-1.0629467967035082
144800000	1.5968326997864808	0.20668786441756207	-1.162087637887299	0.0	1.0	1.0	0.0	0.20668786441756207	-1.162087637887299
144850000	-1.9016899875376503	0.19503983104345476	-1.0523345617696571	0.0	1.0	1.0	-0.0	0.19503983104345476	-1.0523345617696571
144900000	-0.28268414118348306	0.4720841425761883	-1.2708333708584192	0.0	1.0	1.0	-0.0	0.4720841425761883	-1.2708333708584192
144950000	-1.5999175923099596	0.4193358550333361	-1.0945538093502274	0.0	1.0	1.0	-0.0	0.4193358550333361	-1.0945538093502274
145000000	1.1711847926997458	0.18342470279518075	-1.1507058094300346	0.0	1.0	1.0	0.0	0.18342470279518075	-1.1507058094300346
145050000	0.8107578290943672	0.4185065855194683	-1.1426358076199092	0.0	1.0	1.0	0.0	0.4185065855194683	-1.1426358076199092
145100000	3.2655442153264325	0.5074308584131371	-0.9451714781784853	0.0	1.0	1.0	0.0	0.5074308584131371	-0.9451714781784853
145150000	-3.0582280069952117	0.4268408047518554	-1.0192473135810796	0.0	1.0	1.0	-0.0	0.4268408047518554	-1.0192473135810796
145200000	-2.1237541668206585	0.34116265019848624	-1.1998279002299193	0.0	1.0	1.0	-0.0	0.34116265019848624	-1.1998279002299193
145250000	-2.2471406162489567	2.87361721947299	-1.1669880091301519	0.0	0.0	1.0	-0.0	0.0	-1.1669880091301519
145300000	-1.6670633671492279	0.3258485829899409	-1.071111559139803	0.0	1.0	1.0	-0.0	0.3258485829899409	-1.071111559139803
145350000	0.2539547023020155	0.2992056740395495	-1.1109287176058844	0.0	1.0	1.0	0.0	0.2992056740395495	-1.1109287176058844
145400000	2.4032313248045245	0.3768535375011301	-1.116042512975316	0.0	1.0	1.0	0.0	0.3768535375011301	-1.116042512975316
145450000	0.5428558828907719	-1.2589885826172946	-1.0802151038525978	0.0	0.0	1.0	0.0	-0.0	-1.0802151038525978
145500000	2.100723688332985	0.4669234681857707	-1.078554511701707	0.0	1.0	1.0	0.0	0.4669234681857707	-1.078554511701707
145550000	2.103449709305346	0.5639201864097428	-1.087213561217182	0.0	1.0	1.0	0.0	0.5639201864097428	-1.087213561217182
145600000	-0.305578381505097	3.8680520536492575	-1.1373890714473924	0.0	0.0	1.0	-0.0	0.0	-1.1373890714473924
145650000	4.023035968428477	0.3332327685438016	-1.062990741997261	0.0	1.0	1.0	0.0	0.3332327685438016	-1.062990741997261
145700000	-1.326448926436713	0.5249266356677917	-1.0054303700888063	0.0	1.0	1.0	-0.0	0.5249266356677917	-1.0054303700888063
145750000	1.4332399089123427	0.35722438626271735	-1.133967269652118	0.0	1.0	1.0	0.0	0.35722438626271735	-1.133967269652118
145800000	-0.29993447452344957	0.4287549728927536	-1.0700185259309196	0.0	1.0	1.0	-0.0	0.4287549728927536	-1.0700185259309196
145850000	0.40673084463803555	0.40933975906359843	-0.9586764127963747	0.0	1.0	1.0	0.0	0.40933975906359843	-0.9586764127963747
145900000	-0.31855958711273824	0.4428807402425598	-1.1126368694198472	0.0	1.0	1.0	-0.0	0.4428807402425598	-1.1126368694198472
145950000	2.107900661797731	0.5663572941284899	-1.065803985511221	0.0	1.0	1.0	0.0	0.5663572941284899	-1.065803985511221
146000000	1.4650410662355844	0.4427849996788613	-1.0198238443181602	0.0	1.0	1.0	0.0	0.4427849996788613	-1.0198238443181602
146050000	1.2001278851362436	0.41500046861487155	-0.9279014722170134	0.0	1.0	1.0	0.0	0.41500046861487155	-0.9279014722170134
146100000	1.548786102534882	0.424111442271616	-1.0302840530860151	0.0	1.0	1.0	0.0	0.424111442271616	-1.0302840530860151
146150000	-3.6020925367835193	0.41617079017660225	-0.8956707495223444	0.0	1.0	1.0	-0.0	0.41617079017660225	-0.8956707495223444
146200000	1.3959273531499257	0.5159606605800655	-1.1384143793131525	0.0	1.0	1.0	0.0	0.5159606605800655	-1.1384143793131525
146250000	-3.97657144375303	0.4271567310384429	-1.0476424010063892	0.0	1.0	1.0	-0.0	0.4271567310384429	-1.0476424010063892
146300000	-4.028480523560744	0.6389915198974923	-1.0035806506152876	0.0	1.0	1.0	-0.0	0.6389915198974923	-1.0035806506152876
146350000	5.89197303201939	0.3289736140763902	-1.0644416656376776	0.0	1.0	1.0	0.0	0.3289736140763902	-1.0644416656376776
146400000	0.43080409227535094	0.4065943942285831	-1.0828090561842094	0.0	1.0	1.0	0.0	0.4065943942285831	-1.0828090561842094
146450000	-2.0312978746621884	0.29858190529960216	-1.2335250834837554	0.0	1.0	1.0	-0.0	0.29858190529960216	-1.2335250834837554
146500000	0.07778569835696676	0.42668817598907277	-1.0884136052303226	0.0	1.0	1.0	0.0	0.42668817598907277	-1.0884136052303226
146550000	-2.4295417550867615	0.3589218664410008	-0.906734838429623	0.0	1.0	1.0	-0.0	0.3589218664410008	-0.906734838429623
146600000	0.0597730795137628	0.28195617027902947	-1.021507882477642	0.0	1.0	1.0	0.0	0.28195617027902947	-1.021507882477642
146650000	2.288740799297904	0.39729830496979474	-1.1297263605250643	0.0	1.0	1.0	0.0	0.39729830496979474	-1.1297263605250643
146700000	-0.4455366324970337	0.31278613803154315	-1.1479191042396097	0.0	1.0	1.0	-0.0	0.31278613803154315	-1.1479191042396097
146750000	-0.1928724124404178	0.47863784760335654	-1.0307290213712887	0.0	1.0	1.0	-0.0	0.47863784760335654	-1.0307290213712887
146800000	-0.15847929903933256	0.43716373595882413	-1.0479331761573183	0.0	1.0	1.0	-0.0	0.43716373595882413	-1.0479331761573183
146850000	2.168116876045972	0.3830137865436471	-1.167973316929899	0.0	1.0	1.0	0.0	0.3830137865436471	-1.167973316929899
146900000	0.31751565706909646	-1.324078198099445	-1.1601149360920453	0.0	0.0	1.0	0.0	-0.0	-1.1601149360920453
146950000	-1.5169399008087643	0.13221944427105867	-1.0887664672047992	0.0	1.0	1.0	-0.0	0.13221944427105867	-1.0887664672047992
147000000	-0.13111662622713707	0.36111157534787663	-1.075092047402186	1.0	1.0	1.0	-0.13111662622713707	0.36111157534787663	-1.075092047402186
147050000	0.439122246932017	0.28457283385025023	-1.0704254309090826	0.0	1.0	1.0	0.0	0.28457283385025023	-1.0704254309090826
147100000	1.439830950311191	0.5081945117608946	-1.0239136058750709	0.0	1.0	1.0	0.0	0.5081945117608946	-1.0239136058750709
147150000	-1.6829490807051712	0.37170387201475175	-1.0277978221463309	0.0	1.0	1.0	-0.0	0.37170387201475175	-1.0277978221463309
147200000	3.191418828646878	0.39886428196668755	-1.0841883264581067	0.0	1.0	1.0	0.0	0.39886428196668755	-1.0841883264581067
147250000	-2.9826346754233426	0.35231494467068386	-1.0834971467092471	0.0	1.0	1.0	-0.0	0.35231494467068386	-1.0834971467092471
147300000	1.3364844468872563	0.5027287539899973	-0.9841685621791351	0.0	1.0	1.0	0.0	0.5027287539899973	-0.9841685621791351
147350000	-2.240644126351869	0.46283997011800404	-0.9569299190236052	0.0	1.0	1.0	-0.0	0.46283997011800404	-0.9569299190236052
147400000	-4.043948151888828	0.5969984317788959	-0.9655869605017209	0.0	1.0	1.0	-0.0	0.5969984317788959	-0.9655869605017209
147450000	0.8738265545886743	0.4169594918352746	-1.0805862618244315	0.0	1.0	1.0	0.0	0.4169594918352746	-1.0805862618244315
147500000	-3.5013086617842775	0.544036542873558	-1.0705341157402406	0.0	1.0	1.0	-0.0	0.544036542873558	-1.0705341157402406
147550000	-1.1668752962134705	0.4887047801180358	-1.0770463907073569	0.0	1.0	1.0	-0.0	0.4887047801180358	-1.0770463907073569
147600000	2.3623385549633213	0.34131963405587873	-1.0379491910625342	0.0	1.0	1.0	0.0	0.34131963405587873	-1.0379491910625342
147650000	1.1287746615963212	0.42631503784679003	-1.0970860120454038	0.0	1.0	1.0	0.0	0.42631503784679003	-1.0970860120454038
147700000	-2.5299904174843735	0.3127009564258293	-1.0776502701830182	0.0	1.0	1.0	-0.0	0.3127009564258293	-1.0776502701830182
147750000	1.6456264057222745	0.32123197934656683	-1.0598080661133913	0.0	1.0	1.0	0.0	0.32123197934656683	-1.0598080661133913
147800000	0.3279296728223834	0.42105101135916406	-0.9951213775209702	0.0	1.0	1.0	0.0	0.42105101135916406	-0.9951213775209702
147850000	0.4035856954060839	0.4096048389300329	-1.1579516218432273	0.0	1.0	1.0	0.0	0.4096048389300329	-1.1579516218432273
147900000	-0.1062662692023944	0.6295069698960459	-0.9921533455094089	0.0	1.0	1.0	-0.0	0.6295069698960459	-0.9921533455094089
147950000	-0.3225996301453363	0.35122665076094056	-1.093281802462427	0.0	1.0	1.0	-0.0	0.35122665076094056	-1.093281802462427
148000000	-2.3360042170611632	0.42491726855974576	-1.1481854578881077	0.0	1.0	1.0	-0.0	0.42491726855974576	-1.1481854578881077
148050000	-0.7988536012454378	0.4617005511971737	-1.0552717976929495	0.0	1.0	1.0	-0.0	0.4617005511971737	-1.0552717976929495
148100000	-0.28806153080418034	0.4068361398597764	-1.0892813979456264	0.0	1.0	1.0	-0.0	0.4068361398597764	-1.0892813979456264
148150000	-0.7354812534708874	0.2310642679642212	-1.177781980885262	0.0	1.0	1.0	-0.0	0.2310642679642212	-1.177781980885262
148200000	-3.3193616408257354	-1.5356325017973715	-1.2631988768475728	0.0	0.0	1.0	-0.0	-0.0	-1.2631988768475728
148250000	-0.9651807012700562	0.33782150591922677	-1.0952173502920253	0.0	1.0	1.0	-0.0	0.33782150591922677	-1.0952173502920253
148300000	-1.724427698837549	0.4478133873376849	-1.0900827476525599	0.0	1.0	1.0	-0.0	0.4478133873376849	-1.0900827476525599
148350000	-1.4187500202106618	0.38008217662842064	-1.008353058877647	0.0	1.0	1.0	-0.0	0.38008217662842064	-1.008353058877647
148400000	2.7147625012871512	0.4791557680190974	-1.1055377128665858	0.0	1.0	1.0	0.0	0.4791557680190974	-1.1055377128665858
148450000	-0.7811464112239658	-2.0110145786580738	-0.9384929784977718	0.0	0.0	1.0	-0.0	-0.0	-0.9384929784977718
148500000	2.904330389289978	0.34696477816649124	-1.07059230957369	0.0	1.0	1.0	0.0	0.34696477816649124	-1.07059230957369
148550000	-4.639922384163065	0.3153470534711028	-1.1519861516434056	0.0	1.0	1.0	-0.0	0.3153470534711028	-1.1519861516434056
148600000	-1.0298021801769717	0.3634725069895762	-0.9784939070626524	0.0	1.0	1.0	-0.0	0.3634725069895762	-0.9784939070626524
148650000	-0.6003952537074437	0.4043661003914296	-0.8555688425096096	0.0	1.0	1.0	-0.0	0.4043661003914296	-0.8555688425096096
148700000	-1.1961916018838679	0.35570709079472207	-1.0533910918023452	0.0	1.0	1.0	-0.0	0.35570709079472207	-1.0533910918023452
148750000	-3.369170478067516	0.3118228916308195	-1.058114542391146	0.0	1.0	1.0	-0.0	0.3118228916308195	-1.058114542391146
148800000	-1.9001190498392408	0.18565988289315297	-1.049460870384569	0.0	1.0	1.0	-0.0	0.18565988289315297	-1.049460870384569
148850000	2.638953246895449	0.5324278137142926	-1.0404640950233137	0.0	1.0	1.0	0.0	0.5324278137142926	-1.0404640950233137
148900000	-0.03154361451155985	0.5671580043640718	-1.1006315920236054	1.0	1.0	1.0	-0.03154361451155985	0.5671580043640718	-1.1006315920236054
148950000	3.596961503133597	0.11705121490385301	-1.1005969439885737	0.0	1.0	1.0	0.0	0.11705121490385301	-1.1005969439885737
149000000	-0.40676296720052507	0.5909732971937118	-1.041490666452623	0.0	1.0	1.0	-0.0	0.5909732971937118	-1.041490666452623
149050000	-1.406927754335035	0.3517176659583061	-1.1882266271177728	0.0	1.0	1.0	-0.0	0.3517176659583061	-1.1882266271177728
149100000	1.3811156539937082	0.5596144289129708	-1.2671508867710835	0.0	0.0	1.0	0.0	0.0	-1.2671508867710835
149150000	-2.345456646801384	0.4309933859983042	-0.9402489115167358	0.0	1.0	1.0	-0.0	0.4309933859983042	-0.9402489115167358
149200000	2.8367353709688667	0.28600007730071286	-1.1367819559406038	0.0	1.0	1.0	0.0	0.28600007730071286	-1.1367819559406038
149250000	-0.270766976096993	0.49610772281773746	-1.1050365427553115	0.0	1.0	1.0	-0.0	0.49610772281773746	-1.1050365427553115
149300000	-3.8410230182052993	0.5002121908406939	-1.1492539557511565	0.0	1.0	1.0	-0.0	0.5002121908406939	-1.1492539557511565
149350000	-1.1479440430232188	0.38697693032235014	-0.9532671114711242	0.0	1.0	1.0	-0.0	0.38697693032235014	-0.9532671114711242
149400000	-4.448824551826888	0.2588256690434788	-1.0512884826586024	0.0	1.0	1.0	-0.0	0.2588256690434788	-1.0512884826586024
149450000	-2.26329351334502	0.26917705137818565	-1.032216941167157	0.0	1.0	1.0	-0.0	0.26917705137818565	-1.032216941167157
149500000	2.1840611226070026	0.3707255151129318	-1.0580720652763789	0.0	1.0	1.0	0.0	0.3707255151129318	-1.0580720652763789
149550000	-1.370992080595058	0.4604070948064103	-0.9906747525946683	0.0	1.0	1.0	-0.0	0.4604070948064103	-0.9906747525946683
149600000	1.4865533923928747	0.359784368439699	-1.1286203785154783	0.0	1.0	1.0	0.0	0.359784368439699	-1.1286203785154783
149650000	-1.4090624960942821	1.828874872067204	-1.101395889942245	0.0	0.0	1.0	-0.0	0.0	-1.101395889942245
149700000	0.683665501652249	0.5539077910114751	-1.0638048730118803	0.0	1.0	1.0	0.0	0.5539077910114751	-1.0638048730118803
149750000	-0.024176121042553546	0.41113933824480353	-1.1781975710179435	1.0	1.0	1.0	-0.024176121042553546	0.41113933824480353	-1.1781975710179435
149800000	-0.4395103617447283	0.3862812802080426	-1.0357499963684957	0.0	1.0	1.0	-0.0	0.3862812802080426	-1.0357499963684957
149850000	0.00662817687094952	0.2755194581590727	-1.1832345276460847	0.0	1.0	1.0	0.0	0.2755194581590727	-1.1832345276460847
149900000	-1.464718278760921	0.9902434089257561	-1.2897817806117728	0.0	0.0	1.0	-0.0	0.0	-1.2897817806117728
149950000	-3.564918342384196	0.35874852045096567	-1.10867757053235	0.0	1.0	1.0	-0.0	0.35874852045096567	-1.10867757053235
150000000	-0.05492504286750677	0.3843422301173322	-1.057362163952375	0.0	1.0	1.0	-0.0	0.3843422301173322	-1.057362163952375
150050000	1.9680352140563164	-1.5587191496714714	-1.0883349117222632	0.0	0.0	1.0	0.0	-0.0	-1.0883349117222632
150100000	1.5847301570207537	1.1051475078337867	-1.1645408325348712	0.0	0.0	1.0	0.0	0.0	-1.1645408325348712
150150000	-0.3553756631934665	0.27972967606886906	-1.1292705498274194	0.0	1.0	1.0	-0.0	0.27972967606886906	-1.1292705498274194
150200000	-0.6289322110797715	0.4939841879128806	-0.9078381906648147	0.0	1.0	1.0	-0.0	0.4939841879128806	-0.9078381906648147
150250000	2.2645291218150474	0.3799751513324312	-0.9934677463143439	0.0	1.0	1.0	0.0	0.3799751513324312	-0.9934677463143439
150300000	0.6538881473985767	0.4390746431384629	-1.0210814690042327	0.0	1.0	1.0	0.0	0.4390746431384629	-1.0210814690042327
150350000	0.08682974675562201	0.21018027335854653	-1.0094282513168642	1.0	1.0	1.0	0.08682974675562201	0.21018027335854653	-1.0094282513168642
150400000	1.5578388834283523	0.34868372360144734	-1.0430187460800364	0.0	1.0	1.0	0.0	0.34868372360144734	-1.0430187460800364
150450000	0.13371570287274312	0.2186889987552885	-1.1447234004258537	0.0	1.0	1.0	0.0	0.2186889987552885	-1.1447234004258537
150500000	0.9536091820597328	0.448963578694639	-1.106602267764986	0.0	1.0	1.0	0.0	0.448963578694639	-1.106602267764986
150550000	-0.9821510856677662	0.17460127917655927	-1.0081587686986653	0.0	1.0	1.0	-0.0	0.17460127917655927	-1.0081587686986653
150600000	-0.9427216886314344	0.36898745543795974	-1.076989465832942	0.0	1.0	1.0	-0.0	0.36898745543795974	-1.076989465832942
150650000	-0.5757749809673427	0.4320551955694041	-1.20329918394813	0.0	1.0	1.0	-0.0	0.4320551955694041	-1.20329918394813
150700000	-3.31901348137157	0.37872639610727443	-1.0950566622314635	0.0	1.0	1.0	-0.0	0.37872639610727443	-1.0950566622314635
150750000	1.2431684516730852	0.04522356082132169	-1.2152213787140904	0.0	0.0	1.0	0.0	0.0	-1.2152213787140904
150800000	-1.6243267245875836	0.42047920112444304	-1.2680440723725943	0.0	1.0	1.0	-0.0	0.42047920112444304	-1.2680440723725943
150850000	-2.0270134567491143	0.2563791172731297	-1.0581135156846733	0.0	1.0	1.0	-0.0	0.2563791172731297	-1.0581135156846733
150900000	1.1762780819831766	-1.9808717799231585	-1.203223145866472	0.0	0.0	1.0	0.0	-0.0	-1.203223145866472
150950000	1.2446343750169306	0.5698594130926093	-1.0932204513650638	0.0	1.0	1.0	0.0	0.5698594130926093	-1.0932204513650638
151000000	-3.141818089254471	0.16569293438520408	-1.127652020436555	0.0	1.0	1.0	-0.0	0.16569293438520408	-1.127652020436555
151050000	0.44549930996286435	0.36802173756958556	-1.0227378175105803	0.0	1.0	1.0	0.0	0.36802173756958556	-1.0227378175105803
151100000	-1.696106409548172	0.5143717615389879	-1.0613930200559862	0.0	1.0	1.0	-0.0	0.5143717615389879	-1.0613930200559862
151150000	-3.486297838440172	0.5077091629362639	-1.113859026876254	0.0	1.0	1.0	-0.0	0.5077091629362639	-1.113859026876254
151200000	2.078347685533997	-1.572414053502277	-1.1121101178112465	0.0	0.0	1.0	0.0	-0.0	-1.1121101178112465
151250000	0.6687088825542478	0.22056491598213598	-1.122442219119474	0.0	1.0	1.0	0.0	0.22056491598213598	-1.122442219119474
151300000	-1.0809939163953743	0.3606408298076037	-1.092549400850079	0.0	1.0	1.0	-0.0	0.3606408298076037	-1.092549400850079
151350000	4.383459961616332	0.2368388732150857	-1.182832900522321	0.0	1.0	1.0	0.0	0.2368388732150857	-1.182832900522321
151400000	-3.0573948678164196	0.4461076933432183	-1.1585748382092211	0.0	1.0	1.0	-0.0	0.4461076933432183	-1.1585748382092211
151450000	-0.5846995070366956	0.43218347504281895	-1.15575965918262	0.0	1.0	1.0	-0.0	0.43218347504281895	-1.15575965918262
151500000	-2.6413347818274215	0.29169481749322596	-1.0677073380171183	0.0	1.0	1.0	-0.0	0.29169481749322596	-1.0677073380171183
151550000	1.0488682863717804	0.1918575808748965	-1.171816700671141	0.0	1.0	1.0	0.0	0.1918575808748965	-1.171816700671141
151600000	0.25136936228638207	0.6700900077918158	-1.0155900931709587	1.0	1.0	1.0	0.25136936228638207	0.6700900077918158	-1.0155900931709587
151650000	-1.7547009588737705	0.1975960094535423	-0.9600011131327428	0.0	1.0	1.0	-0.0	0.1975960094535423	-0.9600011131327428
151700000	0.4247620413365589	0.40052544990180333	-1.087758229857922	0.0	1.0	1.0	0.0	0.40052544990180333	-1.087758229857922
151750000	-2.510890480418336	0.4979002147314127	-1.2612801695747844	0.0	0.0	1.0	-0.0	0.0	-1.2612801695747844
151800000	-1.9189812531476753	0.3518947306848478	-1.04898087152901	0.0	1.0	1.0	-0.0	0.3518947306848478	-1.04898087152901
151850000	-1.4833736027553668	0.31738416180428797	-1.1537375442239597	0.0	1.0	1.0	-0.0	0.31738416180428797	-1.1537375442239597
151900000	1.9006007006247194	0.3144837240389431	-1.1464284745194786	0.0	1.0	1.0	0.0	0.3144837240389431	-1.1464284745194786
151950000	2.557010419303864	0.2743076850085738	-1.1629851086154408	0.0	1.0	1.0	0.0	0.2743076850085738	-1.1629851086154408
152000000	-0.030239588336518568	0.41116685683526116	-1.0985833912892218	0.0	1.0	1.0	-0.0	0.41116685683526116	-1.0985833912892218
152050000	0.9588258358639551	0.4680770402353311	-1.0720878294946317	0.0	1.0	1.0	0.0	0.4680770402353311	-1.0720878294946317
152100000	-1.065400508414433	0.4526082291646154	-1.1641558386756161	0.0	1.0	1.0	-0.0	0.4526082291646154	-1.1641558386756161
152150000	3.7529756999510244	0.27539157377471973	-1.0652555149728544	0.0	1.0	1.0	0.0	0.27539157377471973	-1.0652555149728544
152200000	-0.3068761417195427	0.25750070972578226	-1.1047018043783239	0.0	1.0	1.0	-0.0	0.25750070972578226	-1.1047018043783239
152250000	3.652871802911444	0.40832464520346734	-0.9466017894691497	0.0	1.0	1.0	0.0	0.40832464520346734	-0.9466017894691497
152300000	3.822227671214652	0.4235537466964557	-1.129892016456376	0.0	1.0	1.0	0.0	0.4235537466964557	-1.129892016456376
152350000	0.6092742177754762	0.3019869297206698	-1.1519590724745785	0.0	1.0	1.0	0.0	0.3019869297206698	-1.1519590724745785
152400000	3.5479182017780384	0.2809163962633095	-1.090214453950371	0.0	1.0	1.0	0.0	0.2809163962633095	-1.090214453950371
152450000	4.0221505842874254	0.5641404054637935	-1.1274959237710505	0.0	1.0	1.0	0.0	0.5641404054637935	-1.1274959237710505
152500000	0.8854379136264714	0.2610529589000652	-1.069342983696219	0.0	1.0	1.0	0.0	0.2610529589000652	-1.069342983696219
152550000	-0.9803543597107071	0.4719604663872102	-0.9928144524976225	0.0	1.0	1.0	-0.0	0.4719604663872102	-0.9928144524976225
152600000	-2.8739757251321754	0.38384046916166725	-1.1631784756453472	0.0	1.0	1.0	-0.0	0.38384046916166725	-1.1631784756453472
152650000	1.615236010431238	0.34241151125944747	-1.1528643446148525	0.0	1.0	1.0	0.0	0.34241151125944747	-1.1528643446148525
152700000	0.21848680279306454	0.5966751786238216	-1.0827891488769206	0.0	1.0	1.0	0.0	0.5966751786238216	-1.0827891488769206
152750000	1.2916486914736345	0.4442184413191452	-1.0303714966748818	0.0	1.0	1.0	0.0	0.4442184413191452	-1.0303714966748818
152800000	1.3581940519068836	0.3414511072623047	-1.1168432661122774	0.0	1.0	1.0	0.0	0.3414511072623047	-1.1168432661122774
152850000	-2.71042397434131	0.2913895801772606	-1.0293617077270114	0.0	1.0	1.0	-0.0	0.2913895801772606	-1.0293617077270114
152900000	0.6016304762403962	0.5670510840608215	-1.2096128583989842	0.0	1.0	1.0	0.0	0.5670510840608215	-1.2096128583989842
152950000	-0.8576468343610456	0.41962079611527964	-1.1262964678874665	0.0	1.0	1.0	-0.0	0.41962079611527964	-1.1262964678874665
153000000	0.0928023760538516	0.5124945979843865	-1.0781201674789875	1.0	1.0	1.0	0.0928023760538516	0.5124945979843865	-1.0781201674789875
153050000	0.3202163280238619	4.088892035855777	-1.360921182568091	0.0	0.0	1.0	0.0	0.0	-1.360921182568091
153100000	2.7386565589434317	0.5034559711276972	-1.1309394395815375	0.0	1.0	1.0	0.0	0.5034559711276972	-1.1309394395815375
153150000	-0.19842887610499255	0.3241145934893039	-1.2242026402750423	0.0	1.0	1.0	-0.0	0.3241145934893039	-1.2242026402750423
153200000	-2.055075036932824	0.4143561183086236	-1.0423401511830321	0.0	1.0	1.0	-0.0	0.4143561183086236	-1.0423401511830321
153250000	-1.316977426192766	0.34531934578935225	-1.0744115682281858	0.0	1.0	1.0	-0.0	0.34531934578935225	-1.0744115682281858
153300000	-1.2289673007831614	0.49337881286846375	-0.9705317215619897	0.0	1.0	1.0	-0.0	0.49337881286846375	-0.9705317215619897
153350000	-2.194014445822979	0.43201987201845804	-0.9603524551414653	0.0	1.0	1.0	-0.0	0.43201987201845804	-0.9603524551414653
153400000	0.8361298308155141	0.3770633574222493	-1.1744142093941043	0.0	1.0	1.0	0.0	0.3770633574222493	-1.1744142093941043
153450000	-0.658222102150341	0.2580043315074452	-1.0781467444106934	0.0	1.0	1.0	-0.0	0.2580043315074452	-1.0781467444106934
153500000	-3.2794096345384007	0.3922783797653964	-1.062357822605075	0.0	1.0	1.0	-0.0	0.3922783797653964	-1.062357822605075
153550000	-5.294803085234659	0.3808975326144956	-1.1257242359241582	0.0	1.0	1.0	-0.0	0.3808975326144956	-1.1257242359241582
153600000	-1.0287363824174602	0.4143624736748859	-1.167882512946349	0.0	1.0	1.0	-0.0	0.4143624736748859	-1.167882512946349
153650000	-3.201827450146363	0.29947129074040507	-1.009877439216871	0.0	1.0	1.0	-0.0	0.29947129074040507	-1.009877439216871
153700000	-0.24568597351746596	0.38510953791252667	-1.0512559993011692	0.0	1.0	1.0	-0.0	0.38510953791252667	-1.0512559993011692
153750000	-4.044779901355569	0.6200748294401282	-0.9078290263756442	0.0	1.0	1.0	-0.0	0.6200748294401282	-0.9078290263756442
153800000	-0.307551621588152	0.3208712311922713	-0.9888543693490497	0.0	1.0	1.0	-0.0	0.3208712311922713	-0.9888543693490497
153850000	-1.9387815535604616	0.4277059764500059	-1.1363489797499438	0.0	1.0	1.0	-0.0	0.4277059764500059	-1.1363489797499438
153900000	-1.0629053393486552	0.48285975302328416	-1.0508400112019696	0.0	1.0	1.0	-0.0	0.48285975302328416	-1.0508400112019696
153950000	0.7921030560944459	0.2801377898691512	-1.2053910325877701	0.0	1.0	1.0	0.0	0.2801377898691512	-1.2053910325877701
154000000	-0.9351240122912317	0.4649833487067916	-1.1150216271733249	0.0	0.0	1.0	-0.0	0.0	-1.1150216271733249
154050000	-1.6538267530273583	0.44337017349593033	-1.077741882018926	0.0	1.0	1.0	-0.0	0.44337017349593033	-1.077741882018926
154100000	-0.3915155928769579	0.26217536916357753	-0.9760835001119365	0.0	1.0	1.0	-0.0	0.26217536916357753	-0.9760835001119365
154150000	3.8942567540937474	0.4511288045765238	-1.0170699987864265	0.0	1.0	1.0	0.0	0.4511288045765238	-1.0170699987864265
154200000	2.981376548591538	0.28631388948662645	-1.0590669169371012	0.0	1.0	1.0	0.0	0.28631388948662645	-1.0590669169371012
154250000	-1.2883265383695368	-4.127885238203145	-1.238524937362161	0.0	0.0	1.0	-0.0	-0.0	-1.238524937362161
154300000	0.3476395519802341	0.4320827668324145	-1.2066291574230472	0.0	1.0	1.0	0.0	0.4320827668324145	-1.2066291574230472
154350000	0.8808056933376167	0.15922838992219027	-1.0394295529312674	0.0	1.0	1.0	0.0	0.15922838992219027	-1.0394295529312674
154400000	0.5091054906584009	0.5387085081703893	-1.1366386583020336	0.0	1.0	1.0	0.0	0.5387085081703893	-1.1366386583020336
154450000	-1.1163221310964793	0.35809636534396827	-1.1867966928800697	0.0	1.0	1.0	-0.0	0.35809636534396827	-1.1867966928800697
154500000	-1.0397055058200912	1.3183234656795868	-1.110637671593179	0.0	0.0	1.0	-0.0	0.0	-1.110637671593179
154550000	1.397133888926503	0.44767162092152135	-1.0520752091949148	0.0	1.0	1.0	0.0	0.44767162092152135	-1.0520752091949148
154600000	-3.1936926516479005	3.068837247217557	-1.1525375099089876	0.0	0.0	1.0	-0.0	0.0	-1.1525375099089876
154650000	0.004289062010861385	0.3804965128974571	-1.2447332822774897	1.0	1.0	1.0	0.004289062010861385	0.3804965128974571	-1.2447332822774897
154700000	-1.7479953459723254	0.32103062827992873	-1.0314780588378882	0.0	1.0	1.0	-0.0	0.32103062827992873	-1.0314780588378882
154750000	-3.698292230928205	0.4002781867947941	-1.0397537238587005	0.0	1.0	1.0	-0.0	0.4002781867947941	-1.0397537238587005
154800000	1.215161548421166	2.520461087562096	-1.1956876851547489	0.0	0.0	1.0	0.0	0.0	-1.1956876851547489
154850000	-0.5577053597979607	-1.3398552516903877	-1.1835304522627659	0.0	0.0	1.0	-0.0	-0.0	-1.1835304522627659
154900000	-1.7521631358328478	0.3833725445563278	-0.9289895088942245	0.0	1.0	1.0	-0.0	0.3833725445563278	-0.9289895088942245
154950000	1.9941991023123364	0.4808281063799878	-1.1370610411292077	0.0	1.0	1.0	0.0	0.4808281063799878	-1.1370610411292077
155000000	2.1315238104718266	0.44641658299339565	-1.1163161460502222	0.0	1.0	1.0	0.0	0.44641658299339565	-1.1163161460502222
155050000	-0.3746350155373106	1.5074099969382775	-1.2081842762926303	0.0	0.0	1.0	-0.0	0.0	-1.2081842762926303
155100000	-1.6454419179996664	0.4051007725085967	-0.9898170370213681	0.0	1.0	1.0	-0.0	0.4051007725085967	-0.9898170370213681
155150000	-1.856255585230864	0.6519434207696052	-1.1016130964084465	0.0	1.0	1.0	-0.0	0.6519434207696052	-1.1016130964084465
155200000	4.180703951107572	0.35467975956175907	-1.0345528414590643	0.0	1.0	1.0	0.0	0.35467975956175907	-1.0345528414590643
155250000	-1.831929071926569	0.538649064964098	-1.0811730143644962	0.0	1.0	1.0	-0.0	0.538649064964098	-1.0811730143644962
155300000	1.729931895827912	0.4283355529474388	-1.172778620889509	0.0	1.0	1.0	0.0	0.4283355529474388	-1.172778620889509
155350000	0.6898530009607332	3.2622056518088645	-1.082423412874797	0.0	0.0	1.0	0.0	0.0	-1.082423412874797
155400000	0.07192182591026364	0.36274335048551737	-1.1082556696391401	0.0	1.0	1.0	0.0	0.36274335048551737	-1.1082556696391401
155450000	0.0929054311435497	0.2944361630080378	-0.9718658499319227	1.0	1.0	1.0	0.0929054311435497	0.2944361630080378	-0.9718658499319227
155500000	0.25467417661577374	0.5641336437404264	-0.9897616041105285	0.0	1.0	1.0	0.0	0.5641336437404264	-0.9897616041105285
155550000	-0.619531068265177	0.33529980287206707	-0.9771572831581804	0.0	1.0	1.0	-0.0	0.33529980287206707	-0.9771572831581804
155600000	1.4701869444491287	0.41637185515967123	-1.0997051897913954	0.0	1.0	1.0	0.0	0.41637185515967123	-1.0997051897913954
155650000	0.4409968419661024	0.5227736893526682	-1.0811038845933807	0.0	1.0	1.0	0.0	0.5227736893526682	-1.0811038845933807
155700000	-3.3652517673670634	0.5018110883718133	-1.0540890408521792	0.0	1.0	1.0	-0.0	0.5018110883718133	-1.0540890408521792
155750000	-0.9434379191526034	0.29970834956732884	-1.170156533983084	0.0	1.0	1.0	-0.0	0.29970834956732884	-1.170156533983084
155800000	-2.5729214993115224	0.41736098501132246	-1.0690049183682482	0.0	1.0	1.0	-0.0	0.41736098501132246	-1.0690049183682482
155850000	3.57841690637204	0.2891103378960437	-1.0701687402930506	0.0	1.0	1.0	0.0	0.2891103378960437	-1.0701687402930506
155900000	-0.8461465022472334	0.4689275276600334	-1.0328382512921268	0.0	1.0	1.0	-0.0	0.4689275276600334	-1.0328382512921268
155950000	0.6601817863532917	0.3687231336610294	-1.1987201351483692	0.0	1.0	1.0	0.0	0.3687231336610294	-1.1987201351483692
156000000	0.4688544042820124	0.41595028954201335	-1.080372693668195	0.0	1.0	1.0	0.0	0.41595028954201335	-1.080372693668195
156050000	1.5121199892808865	0.5244942639613569	-0.9268368730630956	0.0	1.0	1.0	0.0	0.5244942639613569	-0.9268368730630956
156100000	2.5014774476097763	0.4885667164603103	-0.8349476963767276	0.0	1.0	1.0	0.0	0.4885667164603103	-0.8349476963767276
156150000	-1.241411787652336	0.5458613152132628	-1.0809616688559567	0.0	1.0	1.0	-0.0	0.5458613152132628	-1.0809616688559567
156200000	-1.2378749215837264	0.3675387224846433	-1.0807738248743692	0.0	1.0	1.0	-0.0	0.3675387224846433	-1.0807738248743692
156250000	-0.3993382032003864	0.40086133031554777	-1.0746075241572026	0.0	1.0	1.0	-0.0	0.40086133031554777	-1.0746075241572026
156300000	1.3520772555157252	0.29054080466392324	-1.0247920752006787	0.0	1.0	1.0	0.0	0.29054080466392324	-1.0247920752006787
156350000	2.329059911428461	0.3330865005259064	-1.1102518918042188	0.0	1.0	1.0	0.0	0.3330865005259064	-1.1102518918042188
156400000	-2.7201589984793744	0.35573340600149744	-0.988775398677345	0.0	1.0	1.0	-0.0	0.35573340600149744	-0.988775398677345
156450000	1.711451344695761	0.2611488503168505	-1.0201486455159587	0.0	1.0	1.0	0.0	0.2611488503168505	-1.0201486455159587
156500000	-0.23274847368949692	0.5171531072672574	-1.1045252588622467	0.0	1.0	1.0	-0.0	0.5171531072672574	-1.1045252588622467
156550000	0.21223220573366502	0.300401682734069	-1.0939981819710216	0.0	1.0	1.0	0.0	0.300401682734069	-1.0939981819710216
156600000	0.7666044845740796	-2.4882912567150517	-1.2070135302883953	0.0	0.0	1.0	0.0	-0.0	-1.2070135302883953
156650000	1.6930341271355545	0.4167934190849772	-1.0238455532395563	0.0	1.0	1.0	0.0	0.4167934190849772	-1.0238455532395563
156700000	0.8187919952538381	0.23282061710518218	-1.0312765242718809	0.0	1.0	1.0	0.0	0.23282061710518218	-1.0312765242718809
156750000	1.3856000263082058	0.31394183116792285	-1.133827954417982	0.0	1.0	1.0	0.0	0.31394183116792285	-1.133827954417982
156800000	0.5163421370254571	0.31462073791486267	-1.1873338859933311	0.0	1.0	1.0	0.0	0.31462073791486267	-1.1873338859933311
156850000	0.3509410701100763	0.44093194097603333	-1.107268810785563	0.0	1.0	1.0	0.0	0.44093194097603333	-1.107268810785563
156900000	0.8563714119534283	0.30148837937748524	-1.115113277214235	0.0	1.0	1.0	0.0	0.30148837937748524	-1.115113277214235
156950000	-0.3940466832813073	0.34311793509682803	-1.1652988326476994	0.0	1.0	1.0	-0.0	0.34311793509682803	-1.1652988326476994
157000000	0.15266648590330004	0.3375315213379535	-0.9883842969752551	1.0	1.0	1.0	0.15266648590330004	0.3375315213379535	-0.9883842969752551
157050000	-0.31567678891988304	0.13321067633108832	-1.198337482544009	0.0	1.0	1.0	-0.0	0.13321067633108832	-1.198337482544009
157100000	3.4608919905712	-2.3712584140287287	-1.1461845868000136	0.0	0.0	1.0	0.0	-0.0	-1.1461845868000136
157150000	-1.514475142058238	0.2838819984582219	-1.121351259310329	0.0	1.0	1.0	-0.0	0.2838819984582219	-1.121351259310329
157200000	1.7827277770255472	0.2772142982949252	-1.1594586216204512	0.0	1.0	1.0	0.0	0.2772142982949252	-1.1594586216204512
157250000	1.096693373833166	0.40865232350889963	-1.0804933141157622	0.0	1.0	1.0	0.0	0.40865232350889963	-1.0804933141157622
157300000	3.1948984631603046	0.4776479601483159	-1.0121222309375273	0.0	1.0	1.0	0.0	0.4776479601483159	-1.0121222309375273
157350000	-0.3910277748821822	0.3555831370338702	-1.089569123253483	0.0	1.0	1.0	-0.0	0.3555831370338702	-1.089569123253483
157400000	0.2555492547491791	0.3865674329587559	-1.0278280199426988	0.0	1.0	1.0	0.0	0.3865674329587559	-1.0278280199426988
157450000	2.610015677448108	0.28217507925631036	-1.196522901174598	0.0	1.0	1.0	0.0	0.28217507925631036	-1.196522901174598
157500000	2.6219748605294546	0.6878945951515892	-1.086803154190046	0.0	0.0	1.0	0.0	0.0	-1.086803154190046
157550000	-1.0289270344981678	0.29561288358799964	-1.1768926756225033	0.0	1.0	1.0	-0.0	0.29561288358799964	-1.1768926756225033
157600000	1.2416040370211014	0.39455799840568695	-1.0696409751602656	0.0	1.0	1.0	0.0	0.39455799840568695	-1.0696409751602656
157650000	1.643902268104003	0.36918763096645657	-0.8429562909741966	0.0	1.0	1.0	0.0	0.36918763096645657	-0.8429562909741966
157700000	1.5604014927746437	0.509599999623387	-1.0487357866810405	0.0	1.0	1.0	0.0	0.509599999623387	-1.0487357866810405
157750000	0.3839696633542785	0.5111996958114212	-1.0862778221670075	0.0	1.0	1.0	0.0	0.5111996958114212	-1.0862778221670075
157800000	0.08408624290672728	0.33925491611352143	-1.1425708347527146	0.0	1.0	1.0	0.0	0.33925491611352143	-1.1425708347527146
157850000	2.970470989287918	0.5017705780676927	-1.138735986055091	0.0	1.0	1.0	0.0	0.5017705780676927	-1.138735986055091
157900000	2.9702115936445694	0.4143646106251569	-1.0772520628075535	0.0	1.0	1.0	0.0	0.4143646106251569	-1.0772520628075535
157950000	0.06545041445047557	-2.703935941668202	-1.2276116025938952	0.0	0.0	1.0	0.0	-0.0	-1.2276116025938952
158000000	-2.0429534126411997	0.4898987603245214	-1.0849252571135035	0.0	1.0	1.0	-0.0	0.4898987603245214	-1.0849252571135035
158050000	-0.5802455971694432	0.48986248548726774	-1.1628761640020242	0.0	1.0	1.0	-0.0	0.48986248548726774	-1.1628761640020242
158100000	-1.3148487371243647	0.45057279963986885	-1.144357579200414	0.0	1.0	1.0	-0.0	0.45057279963986885	-1.144357579200414
158150000	-1.35961979617523	0.3777880446251998	-1.1116223190694858	0.0	1.0	1.0	-0.0	0.3777880446251998	-1.1116223190694858
158200000	-2.2875732303086944	0.3529965932985067	-1.1386311395813238	0.0	1.0	1.0	-0.0	0.3529965932985067	-1.1386311395813238
158250000	-0.3609962465545333	0.3403736150557851	-1.157760171045881	0.0	1.0	1.0	-0.0	0.3403736150557851	-1.157760171045881
158300000	1.5774287247256011	0.21615925473169698	-1.2128290108144097	0.0	1.0	1.0	0.0	0.21615925473169698	-1.2128290108144097
158350000	-1.9506821125540112	0.26879351578522953	-1.1308070536660473	0.0	1.0	1.0	-0.0	0.26879351578522953	-1.1308070536660473
158400000	-0.1728605520668638	0.26275215328851936	-1.06772656117285	0.0	1.0	1.0	-0.0	0.26275215328851936	-1.06772656117285
158450000	0.21691776445871808	0.3960544602010347	-1.0038234276022293	1.0	1.0	1.0	0.21691776445871808	0.3960544602010347	-1.0038234276022293
158500000	-2.4772037963103566	0.36793944915444654	-1.0742490103745908	0.0	1.0	1.0	-0.0	0.36793944915444654	-1.0742490103745908
158550000	-1.4181153872572774	0.21542780828965544	-1.1136742712279881	0.0	1.0	1.0	-0.0	0.21542780828965544	-1.1136742712279881
158600000	3.696049348873139	0.2218320504565018	-1.1466670461973756	0.0	1.0	1.0	0.0	0.2218320504565018	-1.1466670461973756
158650000	-2.200060987679224	0.4675819091920338	-1.246114324400956	0.0	1.0	1.0	-0.0	0.4675819091920338	-1.246114324400956
158700000	0.005451970755625535	0.14358210838837127	-1.1488411268532035	0.0	1.0	1.0	0.0	0.14358210838837127	-1.1488411268532035
158750000	-2.017507979294047	0.23928694616911442	-1.089072756453894	0.0	1.0	1.0	-0.0	0.23928694616911442	-1.089072756453894
158800000	4.151174707925838	0.3418665215275013	-0.9948882174999947	0.0	1.0	1.0	0.0	0.3418665215275013	-0.9948882174999947
158850000	-1.0326670926904578	0.4333580310784497	-0.9325782776822164	0.0	1.0	1.0	-0.0	0.4333580310784497	-0.9325782776822164
158900000	-1.4963647622654144	-2.946028112261652	-1.1005790871396526	0.0	0.0	1.0	-0.0	-0.0	-1.1005790871396526
158950000	0.04559401374695243	0.49237502275314304	-1.0449912184700054	0.0	1.0	1.0	0.0	0.49237502275314304	-1.0449912184700054
159000000	-0.7968245501128506	0.34465574669489174	-1.0961644756389732	0.0	1.0	1.0	-0.0	0.34465574669489174	-1.0961644756389732
159050000	-0.20763894408032843	0.6682598977425862	-1.0213521008561557	0.0	1.0	1.0	-0.0	0.6682598977425862	-1.0213521008561557
159100000	-1.8578190050675891	0.12558350571574273	-1.0357821856535834	0.0	1.0	1.0	-0.0	0.12558350571574273	-1.0357821856535834
159150000	-0.10039820907438125	0.44439851058597923	-1.1082624189116428	0.0	1.0	1.0	-0.0	0.44439851058597923	-1.1082624189116428
159200000	4.887240772401629	2.723267302987989	-1.2578940152657045	0.0	0.0	1.0	0.0	0.0	-1.2578940152657045
159250000	1.2132336634378957	0.424283295263183	-1.190183931966736	0.0	1.0	1.0	0.0	0.424283295263183	-1.190183931966736
159300000	2.510956276029158	0.43475392291359327	-0.9813060761033464	0.0	1.0	1.0	0.0	0.43475392291359327	-0.9813060761033464
159350000	2.9652637699832027	0.3829630465089262	-0.9259154076967574	0.0	1.0	1.0	0.0	0.3829630465089262	-0.9259154076967574
159400000	-0.9191321351078482	0.3179797430941439	-1.0491561021998517	0.0	1.0	1.0	-0.0	0.3179797430941439	-1.0491561021998517
159450000	2.0196830806417045	0.20632528523544966	-1.0433646506652385	0.0	1.0	1.0	0.0	0.20632528523544966	-1.0433646506652385
159500000	2.499121266870207	0.362245541297591	-1.053678251744934	0.0	1.0	1.0	0.0	0.362245541297591	-1.053678251744934
159550000	-1.4041836329967166	0.39951347934524645	-1.1637349323668067	0.0	1.0	1.0	-0.0	0.39951347934524645	-1.1637349323668067
159600000	-0.16591434130877003	0.3515804867651592	-1.0584289038230577	0.0	1.0	1.0	-0.0	0.3515804867651592	-1.0584289038230577
159650000	-4.810548749757665	0.5016761268599439	-1.1401357958862732	0.0	1.0	1.0	-0.0	0.5016761268599439	-1.1401357958862732
159700000	0.33775214276031734	0.27829946891337987	-1.018687849060471	0.0	1.0	1.0	0.0	0.27829946891337987	-1.018687849060471
159750000	-6.144837598976325	0.2852136175758559	-1.0185788380429215	0.0	1.0	1.0	-0.0	0.2852136175758559	-1.0185788380429215
159800000	-0.09088215519813969	0.5352538930095414	-0.9428912585127724	0.0	1.0	1.0	-0.0	0.5352538930095414	-0.9428912585127724
159850000	2.4307483957270803	0.2534969561614016	-1.1591924743590236	0.0	1.0	1.0	0.0	0.2534969561614016	-1.1591924743590236
159900000	-0.15926773802483568	-1.2736202012638056	-1.2071920699962795	0.0	0.0	1.0	-0.0	-0.0	-1.2071920699962795
159950000	0.5968311646145047	0.4475476293786384	-1.12461646940079	0.0	1.0	1.0	0.0	0.4475476293786384	-1.12461646940079
160000000	3.6411683641854053	0.28495090393400463	-0.9485483956919112	0.0	1.0	1.0	0.0	0.28495090393400463	-0.9485483956919112
160050000	-1.1507774992387034	0.28479729676008114	-1.0255957240571574	0.0	1.0	1.0	-0.0	0.28479729676008114	-1.0255957240571574
160100000	2.21351185354635	0.42620447022419994	-1.0592158770933282	0.0	1.0	1.0	0.0	0.42620447022419994	-1.0592158770933282
160150000	0.912157617721174	0.4781018870532074	-1.1424845842200306	0.0	1.0	1.0	0.0	0.4781018870532074	-1.1424845842200306
160200000	-0.5986350177587395	0.3923312073488121	-1.123279166149308	0.0	1.0	1.0	-0.0	0.3923312073488121	-1.123279166149308
160250000	-1.3185457919132249	0.3876431483221142	-1.0093427135256559	0.0	1.0	1.0	-0.0	0.3876431483221142	-1.0093427135256559
160300000	-3.0157775328330376	0.2956853858919376	-1.0833969552965421	0.0	1.0	1.0	-0.0	0.2956853858919376	-1.0833969552965421
160350000	2.355479517754369	0.2880784679906289	-1.0202606964130614	0.0	1.0	1.0	0.0	0.2880784679906289	-1.0202606964130614
160400000	1.7503925444375432	0.49958631959969596	-1.1072558086557958	0.0	1.0	1.0	0.0	0.49958631959969596	-1.1072558086557958
160450000	0.18916071317424837	0.3853231489949074	-1.1272325324676469	0.0	1.0	1.0	0.0	0.3853231489949074	-1.1272325324676469
160500000	0.7095155800528048	0.28808086718328535	-1.084603936366517	0.0	1.0	1.0	0.0	0.28808086718328535	-1.084603936366517
160550000	0.10202326649157399	0.5252932191354635	-1.0603710604224943	1.0	1.0	1.0	0.10202326649157399	0.5252932191354635	-1.0603710604224943
160600000	0.07620761984502551	0.33945789815331484	-1.1017891975064316	1.0	1.0	1.0	0.07620761984502551	0.33945789815331484	-1.1017891975064316
160650000	1.5575968849210229	0.4793930128107946	-1.2275595572109355	0.0	1.0	1.0	0.0	0.4793930128107946	-1.2275595572109355
160700000	2.4672537681859574	0.14344160343514892	-1.1869065573648452	0.0	1.0	1.0	0.0	0.14344160343514892	-1.1869065573648452
160750000	0.7565595196365187	0.562026962517455	-1.129816281933919	0.0	1.0	1.0	0.0	0.562026962517455	-1.129816281933919
160800000	1.1501409991962273	1.7448514603030219	-1.316631784677006	0.0	0.0	1.0	0.0	0.0	-1.316631784677006
160850000	0.09838442769837398	0.3753950607452829	-1.1339214955965424	1.0	1.0	1.0	0.09838442769837398	0.3753950607452829	-1.1339214955965424
160900000	0.35406139721391905	0.4462491037598764	-1.0326353617905142	0.0	1.0	1.0	0.0	0.4462491037598764	-1.0326353617905142
160950000	2.794853107130351	0.34969381439325814	-1.006527542318669	0.0	1.0	1.0	0.0	0.34969381439325814	-1.006527542318669
161000000	-0.21622281520193523	0.33475667745726184	-1.1979417762496036	0.0	1.0	1.0	-0.0	0.33475667745726184	-1.1979417762496036
161050000	0.31412597338276604	0.37289026986760426	-0.9449401046533057	0.0	1.0	1.0	0.0	0.37289026986760426	-0.9449401046533057
161100000	-0.7511193899399249	0.23794555085017588	-1.1778505394593402	0.0	1.0	1.0	-0.0	0.23794555085017588	-1.1778505394593402
161150000	1.0706962713388877	0.34990083232161284	-1.2172928883911778	0.0	1.0	1.0	0.0	0.34990083232161284	-1.2172928883911778
161200000	-0.05247063392699689	0.45111055255785704	-0.9700558885129055	0.0	1.0	1.0	-0.0	0.45111055255785704	-0.9700558885129055
161250000	-2.449071898948736	0.5426468515965059	-1.0679031201308797	0.0	1.0	1.0	-0.0	0.5426468515965059	-1.0679031201308797
161300000	-0.7238060108802302	0.32100089158438444	-1.0245632078998483	0.0	1.0	1.0	-0.0	0.32100089158438444	-1.0245632078998483
161350000	0.6716787503424042	0.275314102329119	-1.0541035596439816	0.0	1.0	1.0	0.0	0.275314102329119	-1.0541035596439816
161400000	-1.8470577236320629	0.4791156750583106	-1.1739061088401588	0.0	1.0	1.0	-0.0	0.4791156750583106	-1.1739061088401588
161450000	-0.3442275884031908	0.21928488461718668	-0.9612699543510905	0.0	1.0	1.0	-0.0	0.21928488461718668	-0.9612699543510905
161500000	-0.8972344288888592	0.3427978119605753	-1.164971267685783	0.0	1.0	1.0	-0.0	0.3427978119605753	-1.164971267685783
161550000	-0.5576110372207036	0.4374597634724291	-1.1462223263659144	0.0	1.0	1.0	-0.0	0.4374597634724291	-1.1462223263659144
161600000	-1.3636465271897305	0.42307116268234163	-1.1639190608799366	0.0	1.0	1.0	-0.0	0.42307116268234163	-1.1639190608799366
161650000	-0.4538451385870299	0.4345804779237627	-1.1775993969639178	0.0	1.0	1.0	-0.0	0.4345804779237627	-1.1775993969639178
161700000	3.210648991591407	0.22587771065858786	-1.146617203331818	0.0	1.0	1.0	0.0	0.22587771065858786	-1.146617203331818
161750000	-2.4377577583490875	0.2577528221719817	-1.203657074326145	0.0	1.0	1.0	-0.0	0.2577528221719817	-1.203657074326145
161800000	-2.083281366331987	0.600655840947095	-1.108776404210318	0.0	1.0	1.0	-0.0	0.600655840947095	-1.108776404210318
161850000	-2.591613019263235	0.6717498979844945	-1.0409629320757479	0.0	1.0	1.0	-0.0	0.6717498979844945	-1.0409629320757479
161900000	0.6754126519777192	0.6333728436743067	-0.9736823850391015	0.0	1.0	1.0	0.0	0.6333728436743067	-0.9736823850391015
161950000	1.381153233869331	0.3242562732378892	-1.2070823327814857	0.0	1.0	1.0	0.0	0.3242562732378892	-1.2070823327814857
162000000	1.3481684301407721	0.28405528105468414	-1.0738529678089301	0.0	1.0	1.0	0.0	0.28405528105468414	-1.0738529678089301
162050000	-0.058911328412385104	0.5236480330572667	-1.1621341213568874	0.0	1.0	1.0	-0.0	0.5236480330572667	-1.1621341213568874
162100000	-1.7628239791129448	0.5676157586036634	-1.2925320063530317	0.0	0.0	1.0	-0.0	0.0	-1.2925320063530317
162150000	-0.5649172254144947	0.2963402778642146	-1.0521984185083442	0.0	1.0	1.0	-0.0	0.2963402778642146	-1.0521984185083442
162200000	0.954724217202267	0.40609537663149875	-1.1002089667443178	0.0	1.0	1.0	0.0	0.40609537663149875	-1.1002089667443178
162250000	-0.5080604654560293	0.3508972756195807	-1.0610145038335814	0.0	1.0	1.0	-0.0	0.3508972756195807	-1.0610145038335814
162300000	0.31538987842315225	1.3640009926046037	-1.1999492405251544	0.0	0.0	1.0	0.0	0.0	-1.1999492405251544
162350000	5.310357338713513	0.3223696674005072	-1.1500082372209501	0.0	1.0	1.0	0.0	0.3223696674005072	-1.1500082372209501
162400000	3.0701521476558016	0.42531562410627344	-1.0798259396295147	0.0	1.0	1.0	0.0	0.42531562410627344	-1.0798259396295147
162450000	1.6245612091580546	0.19599484564782133	-1.0500537720580898	0.0	1.0	1.0	0.0	0.19599484564782133	-1.0500537720580898
162500000	1.806957501733264	-1.5979582117502245	-1.2473007361208128	0.0	0.0	1.0	0.0	-0.0	-1.2473007361208128
162550000	1.6002695019575273	0.2764877687767453	-0.9188466496717974	0.0	1.0	1.0	0.0	0.2764877687767453	-0.9188466496717974
162600000	2.6211674536015486	0.47678335039271325	-0.9465320341535575	0.0	1.0	1.0	0.0	0.47678335039271325	-0.9465320341535575
162650000	1.0110844232378489	0.36722301996658824	-0.9815681708297185	0.0	1.0	1.0	0.0	0.36722301996658824	-0.9815681708297185
162700000	-1.7834610780007263	0.33954843675309004	-1.1075208876171676	0.0	1.0	1.0	-0.0	0.33954843675309004	-1.1075208876171676
162750000	3.8245946309383054	0.526753160282102	-1.1195927462133033	0.0	1.0	1.0	0.0	0.526753160282102	-1.1195927462133033
162800000	0.2707321411425253	0.37367319441958097	-1.200946862270689	0.0	1.0	1.0	0.0	0.37367319441958097	-1.200946862270689
162850000	-1.7453128074413191	0.37262720927098103	-1.1095002423257319	0.0	1.0	1.0	-0.0	0.37262720927098103	-1.1095002423257319
162900000	0.2873849086296598	0.5706752508541578	-0.9876644473980407	1.0	1.0	1.0	0.2873849086296598	0.5706752508541578	-0.9876644473980407
162950000	-0.0726685958147033	0.6075572696182163	-1.0299419143176325	0.0	1.0	1.0	-0.0	0.6075572696182163	-1.0299419143176325
163000000	-1.6490440817702714	0.37058927094057315	-1.0004458487935661	0.0	1.0	1.0	-0.0	0.37058927094057315	-1.0004458487935661
163050000	0.1417945223233245	0.47911481254001764	-1.0132796190417688	0.0	1.0	1.0	0.0	0.47911481254001764	-1.0132796190417688
163100000	-2.641613792263372	0.27093459183208257	-1.0242697326634744	0.0	1.0	1.0	-0.0	0.27093459183208257	-1.0242697326634744
163150000	2.395864993197526	0.36491570773832177	-1.0274534438028082	0.0	1.0	1.0	0.0	0.36491570773832177	-1.0274534438028082
163200000	-0.6405156615560637	0.3076279380999664	-1.1804110837700832	0.0	1.0	1.0	-0.0	0.3076279380999664	-1.1804110837700832
163250000	1.3755331136902067	0.6065269447480992	-1.228583229737673	0.0	1.0	1.0	0.0	0.6065269447480992	-1.228583229737673
163300000	2.174269294850572	0.33609533467509456	-1.1159225009396252	0.0	1.0	1.0	0.0	0.33609533467509456	-1.1159225009396252
163350000	-4.8229697093566495	0.39546888226729865	-1.2243727421841135	0.0	1.0	1.0	-0.0	0.39546888226729865	-1.2243727421841135
163400000	-0.47599125394039343	0.3801562157047688	-1.0656182502892337	0.0	1.0	1.0	-0.0	0.3801562157047688	-1.0656182502892337
163450000	-0.3656720377338882	0.2165515207417199	-1.0872886406556705	0.0	1.0	1.0	-0.0	0.2165515207417199	-1.0872886406556705
163500000	0.3474544559440938	0.4461755599509485	-1.0107949052412883	0.0	1.0	1.0	0.0	0.4461755599509485	-1.0107949052412883
163550000	-1.5363320639154094	0.4164012906078086	-1.0594302246659157	0.0	1.0	1.0	-0.0	0.4164012906078086	-1.0594302246659157
163600000	-1.897666312839631	0.15075744505891797	-1.255130764083918	0.0	0.0	1.0	-0.0	0.0	-1.255130764083918
163650000	0.17322749925224112	0.4282163769836569	-1.0949375131205457	0.0	1.0	1.0	0.0	0.4282163769836569	-1.0949375131205457
163700000	1.311923067009582	0.4855632458171769	-1.1874366199025876	0.0	1.0	1.0	0.0	0.4855632458171769	-1.1874366199025876
163750000	0.14935014323726595	0.46378185049299897	-0.8701131359957351	1.0	1.0	1.0	0.14935014323726595	0.46378185049299897	-0.8701131359957351
163800000	0.7173966298774963	0.40117533197595945	-1.1225605155074427	0.0	1.0	1.0	0.0	0.40117533197595945	-1.1225605155074427
163850000	-0.5957204363894127	2.3320726283914746	-1.1077885319768084	0.0	0.0	1.0	-0.0	0.0	-1.1077885319768084
163900000	1.3348378326205006	0.00957448490876166	-1.0748472328942131	0.0	1.0	1.0	0.0	0.00957448490876166	-1.0748472328942131
163950000	0.8496995522969969	0.3852594468268099	-1.0988790749397055	0.0	1.0	1.0	0.0	0.3852594468268099	-1.0988790749397055
164000000	-1.2395058562844834	0.5307856135340481	-0.9478242193555597	0.0	1.0	1.0	-0.0	0.5307856135340481	-0.9478242193555597
164050000	2.3005017594659947	0.4705452256511257	-0.9378045044135104	0.0	1.0	1.0	0.0	0.4705452256511257	-0.9378045044135104
164100000	-1.6875786538098287	0.3463020303794025	-1.2374428462298555	0.0	1.0	1.0	-0.0	0.3463020303794025	-1.2374428462298555
164150000	-1.219017144008869	0.4236527512741559	-1.0448878739882514	0.0	1.0	1.0	-0.0	0.4236527512741559	-1.0448878739882514
164200000	1.1672378748504548	0.4300923775415032	-1.0779389852989114	0.0	1.0	1.0	0.0	0.4300923775415032	-1.0779389852989114
164250000	0.39328450809332904	0.4761529003171006	-1.0369913497519843	0.0	1.0	1.0	0.0	0.4761529003171006	-1.0369913497519843
164300000	-1.1337151312757996	0.6116356719794663	-1.0021464185319762	0.0	1.0	1.0	-0.0	0.6116356719794663	-1.0021464185319762
164350000	-1.1109055085587345	0.0912172850623324	-1.1140937281866239	0.0	1.0	1.0	-0.0	0.0912172850623324	-1.1140937281866239
164400000	0.24688763455738472	0.29309199316360535	-1.0530244929885983	0.0	1.0	1.0	0.0	0.29309199316360535	-1.0530244929885983
164450000	-0.08490818715873297	0.41899877416486225	-1.1207244695496619	0.0	1.0	1.0	-0.0	0.41899877416486225	-1.1207244695496619
164500000	0.7515949419722364	0.5128225247070657	-1.1314531560200567	0.0	1.0	1.0	0.0	0.5128225247070657	-1.1314531560200567
164550000	-4.700538746073944	0.4102664674578495	-1.0767254435243854	0.0	1.0	1.0	-0.0	0.4102664674578495	-1.0767254435243854
164600000	-1.9339543912295125	0.45474219242730873	-1.067740602751902	0.0	1.0	1.0	-0.0	0.45474219242730873	-1.067740602751902
164650000	-1.2905491296801632	0.3888910061547757	-1.0431334788116713	0.0	1.0	1.0	-0.0	0.3888910061547757	-1.0431334788116713
164700000	3.6566400605482325	0.39105151458459136	-1.1255228847332497	0.0	1.0	1.0	0.0	0.39105151458459136	-1.1255228847332497
164750000	-2.357437860470552	0.31014967704740165	-0.9378040052147053	0.0	1.0	1.0	-0.0	0.31014967704740165	-0.9378040052147053
164800000	-1.7678791348752094	0.5463882630510094	-1.1257480658305183	0.0	1.0	1.0	-0.0	0.5463882630510094	-1.1257480658305183
164850000	-3.4742682977799832	0.44730266776052113	-0.9993645732944474	0.0	1.0	1.0	-0.0	0.44730266776052113	-0.9993645732944474
164900000	3.1714138796918645	0.4237193664842997	-0.899875624996348	0.0	1.0	1.0	0.0	0.4237193664842997	-0.899875624996348
164950000	0.5520541516172217	0.28544315767758166	-1.0839268623856662	0.0	1.0	1.0	0.0	0.28544315767758166	-1.0839268623856662
165000000	-1.8091585886952835	0.4920204218981063	-1.193960244247203	0.0	1.0	1.0	-0.0	0.4920204218981063	-1.193960244247203
165050000	2.554287327401688	0.4315570361890061	-0.9312698767043439	0.0	1.0	1.0	0.0	0.4315570361890061	-0.9312698767043439
165100000	-0.9696090956748266	0.48968878273805644	-1.0589020825957356	0.0	1.0	1.0	-0.0	0.48968878273805644	-1.0589020825957356
165150000	-1.1569457704154709	0.4869473029592201	-1.1219943931369292	0.0	1.0	1.0	-0.0	0.4869473029592201	-1.1219943931369292
165200000	1.0096996220808252	0.42013973498747853	-1.1657634790581652	0.0	1.0	1.0	0.0	0.42013973498747853	-1.1657634790581652
165250000	2.1209493749464876	0.36837895764926576	-0.9782970491681104	0.0	1.0	1.0	0.0	0.36837895764926576	-0.9782970491681104
165300000	1.0737906862313722	0.46174736619167356	-1.057247769432827	0.0	1.0	1.0	0.0	0.46174736619167356	-1.057247769432827
165350000	0.005157624694782016	0.32967593410712637	-0.9222476172221593	0.0	1.0	1.0	0.0	0.32967593410712637	-0.9222476172221593
165400000	1.7420668019441243	0.199405930315306	-1.1311701479429765	0.0	1.0	1.0	0.0	0.199405930315306	-1.1311701479429765
165450000	1.1630926131923702	0.30634228133396385	-1.067627424774476	0.0	1.0	1.0	0.0	0.30634228133396385	-1.067627424774476
165500000	0.7410775788467971	0.5185313310628356	-0.8789126772725168	0.0	1.0	1.0	0.0	0.5185313310628356	-0.8789126772725168
165550000	-5.40104494149465	0.32104985411298664	-0.875145999518565	0.0	1.0	1.0	-0.0	0.32104985411298664	-0.875145999518565
165600000	1.8302752032467444	0.4090931876706068	-1.0472072609830052	0.0	1.0	1.0	0.0	0.4090931876706068	-1.0472072609830052
165650000	-1.3937135561533427	0.46649184591146764	-1.1444295597665584	0.0	1.0	1.0	-0.0	0.46649184591146764	-1.1444295597665584
165700000	-3.8801676962482774	0.38388763165423934	-1.05188831776167	0.0	1.0	1.0	-0.0	0.38388763165423934	-1.05188831776167
165750000	-0.4326189694752284	0.5387694258926572	-1.1587782774235105	0.0	1.0	1.0	-0.0	0.5387694258926572	-1.1587782774235105
165800000	-0.5632285769031309	0.2545546477125273	-0.9486575067320595	0.0	1.0	1.0	-0.0	0.2545546477125273	-0.9486575067320595
165850000	-1.3352008360999936	-2.193818737015578	-1.0842530382781659	0.0	0.0	1.0	-0.0	-0.0	-1.0842530382781659
165900000	-0.9432179302524746	0.3914260673127045	-1.1553044207227745	0.0	1.0	1.0	-0.0	0.3914260673127045	-1.1553044207227745
165950000	-0.6734580033073722	0.3530966723830899	-0.9714638797108006	0.0	1.0	1.0	-0.0	0.3530966723830899	-0.9714638797108006
166000000	-0.5830270197813696	0.42777813790748076	-1.0116002851043737	0.0	1.0	1.0	-0.0	0.42777813790748076	-1.0116002851043737
166050000	3.588949591351139	0.41530252573014337	-1.0857684885464072	0.0	1.0	1.0	0.0	0.41530252573014337	-1.0857684885464072
166100000	0.24000460669248508	0.31626161108515316	-1.0788236840617396	0.0	1.0	1.0	0.0	0.31626161108515316	-1.0788236840617396
166150000	0.7693656771260864	0.3453638351204006	-1.1461564538422284	0.0	1.0	1.0	0.0	0.3453638351204006	-1.1461564538422284
166200000	1.5557324836624293	0.5360008869055752	-0.9754437665346927	0.0	1.0	1.0	0.0	0.5360008869055752	-0.9754437665346927
166250000	-1.9721145725955669	-0.7462426592185308	-1.2023322100883995	0.0	0.0	1.0	-0.0	-0.0	-1.2023322100883995
166300000	0.4713854494488445	0.47749629228358803	-0.9525720001720668	0.0	1.0	1.0	0.0	0.47749629228358803	-0.9525720001720668
166350000	0.7322136447890292	0.32588501627207095	-1.0809345469013336	0.0	1.0	1.0	0.0	0.32588501627207095	-1.0809345469013336
166400000	2.088375327423446	0.4871951899504763	-1.071999146830121	0.0	1.0	1.0	0.0	0.4871951899504763	-1.071999146830121
166450000	-0.4135087348606178	0.2527226810329519	-1.061032053109063	0.0	1.0	1.0	-0.0	0.2527226810329519	-1.061032053109063
166500000	1.0104556761725623	0.32523129806901935	-1.1534201093178758	0.0	1.0	1.0	0.0	0.32523129806901935	-1.1534201093178758
166550000	0.10935324023858803	0.28592112498548455	-0.9683059601406022	1.0	1.0	1.0	0.10935324023858803	0.28592112498548455	-0.9683059601406022
166600000	-2.0800828315243125	-1.6007998373101746	-1.1878320008020016	0.0	0.0	1.0	-0.0	-0.0	-1.1878320008020016
166650000	0.45746642917171454	0.4864977606892412	-1.0566498684688521	0.0	1.0	1.0	0.0	0.4864977606892412	-1.0566498684688521
166700000	2.6617501535763615	0.28434394369938826	-1.0885173103437922	0.0	1.0	1.0	0.0	0.28434394369938826	-1.0885173103437922
166750000	-3.6273550506713956	0.3309644866542181	-1.1224971335088811	0.0	1.0	1.0	-0.0	0.3309644866542181	-1.1224971335088811
166800000	-3.8458797729863092	0.27656931841050575	-1.0823768612346527	0.0	1.0	1.0	-0.0	0.27656931841050575	-1.0823768612346527
166850000	-0.3707183042106863	0.3829018472436243	-0.9987564595689374	0.0	1.0	1.0	-0.0	0.3829018472436243	-0.9987564595689374
166900000	0.9139652781776462	0.3020026979445124	-1.0472714531093568	0.0	1.0	1.0	0.0	0.3020026979445124	-1.0472714531093568
166950000	0.9688845668098621	0.33604934188245106	-0.9495060234732515	0.0	1.0	1.0	0.0	0.33604934188245106	-0.9495060234732515
167000000	-1.3044824338746557	0.5660766531046453	-0.9102750618702362	0.0	1.0	1.0	-0.0	0.5660766531046453	-0.9102750618702362
167050000	1.5796244285518923	0.3325731210769329	-1.0852402738020828	0.0	1.0	1.0	0.0	0.3325731210769329	-1.0852402738020828
167100000	1.5084716223169787	0.284043128617861	-1.005643479888067	0.0	1.0	1.0	0.0	0.284043128617861	-1.005643479888067
167150000	-0.7049878706874342	0.36033463135145716	-1.0534893882447707	0.0	1.0	1.0	-0.0	0.36033463135145716	-1.0534893882447707
167200000	3.3337213689671064	0.47590191884473637	-1.064216274657368	0.0	1.0	1.0	0.0	0.47590191884473637	-1.064216274657368
167250000	-3.528343159699681	0.2673207391788664	-1.1290150366380014	0.0	1.0	1.0	-0.0	0.2673207391788664	-1.1290150366380014
167300000	0.09230390759633955	0.5800642964018342	-1.0723043049349288	0.0	1.0	1.0	0.0	0.5800642964018342	-1.0723043049349288
167350000	1.498937793555734	0.3577401924480803	-1.0815126745055517	0.0	1.0	1.0	0.0	0.3577401924480803	-1.0815126745055517
167400000	-3.512785888865033	0.265891895605029	-1.0861853355470152	0.0	1.0	1.0	-0.0	0.265891895605029	-1.0861853355470152
167450000	-1.0672938525425704	0.32630019170819713	-1.0147527132789265	0.0	1.0	1.0	-0.0	0.32630019170819713	-1.0147527132789265
167500000	-1.0300543734127172	0.4211706003764335	-1.079636160133039	0.0	1.0	1.0	-0.0	0.4211706003764335	-1.079636160133039
167550000	0.18642841197069532	0.32667442787502116	-1.2525526477694606	1.0	1.0	1.0	0.18642841197069532	0.32667442787502116	-1.2525526477694606
167600000	1.0843541462142707	0.24960854728057486	-1.2314285384909958	0.0	1.0	1.0	0.0	0.24960854728057486	-1.2314285384909958
167650000	-1.4669687643739713	0.40391907574249775	-1.057089514267353	0.0	1.0	1.0	-0.0	0.40391907574249775	-1.057089514267353
167700000	-0.3336522663642424	0.31674346767497535	-1.204873106234139	0.0	1.0	1.0	-0.0	0.31674346767497535	-1.204873106234139
167750000	0.05265564626842753	0.3966068508224057	-1.0544267562052043	1.0	1.0	1.0	0.05265564626842753	0.3966068508224057	-1.0544267562052043
167800000	3.364193183124508	-2.301679526542452	-1.2827168557418396	0.0	0.0	1.0	0.0	-0.0	-1.2827168557418396
167850000	-0.6926254993488696	-0.794508767108775	-1.1818665360533354	0.0	0.0	1.0	-0.0	-0.0	-1.1818665360533354
167900000	-1.4994278101278518	0.40972238180271586	-1.146796340493352	0.0	1.0	1.0	-0.0	0.40972238180271586	-1.146796340493352
167950000	4.666336485917696	0.3744337882561862	-1.1527112367653496	0.0	1.0	1.0	0.0	0.3744337882561862	-1.1527112367653496
168000000	0.930857922128844	0.3165748429616113	-1.126230592627256	0.0	1.0	1.0	0.0	0.3165748429616113	-1.126230592627256
168050000	2.2042066676872607	0.31808307234964556	-1.0727084138815894	0.0	1.0	1.0	0.0	0.31808307234964556	-1.0727084138815894
168100000	-0.534811515581391	0.5437921542506977	-1.0803030163903247	0.0	1.0	1.0	-0.0	0.5437921542506977	-1.0803030163903247
168150000	0.6014258019422797	0.38614866740997783	-1.1627018944620169	0.0	1.0	1.0	0.0	0.38614866740997783	-1.1627018944620169
168200000	0.3255110543572719	0.2825083085205797	-1.1919545731837637	0.0	1.0	1.0	0.0	0.2825083085205797	-1.1919545731837637
168250000	0.48941841115396745	0.3908667166788933	-1.0870748190515287	0.0	1.0	1.0	0.0	0.3908667166788933	-1.0870748190515287
168300000	-0.982490216158814	0.405337750946066	-1.156727220075782	0.0	1.0	1.0	-0.0	0.405337750946066	-1.156727220075782
168350000	-4.921862174644716	0.43380041616854936	-0.9687944787463203	0.0	1.0	1.0	-0.0	0.43380041616854936	-0.9687944787463203
168400000	0.022822190719089433	0.3610885556870594	-1.0360761117155637	0.0	1.0	1.0	0.0	0.3610885556870594	-1.0360761117155637
168450000	0.9836068976270538	0.4549788918807096	-1.0665860220366987	0.0	1.0	1.0	0.0	0.4549788918807096	-1.0665860220366987
168500000	0.571463257103417	0.35377464822372756	-0.9094409805580616	0.0	1.0	1.0	0.0	0.35377464822372756	-0.9094409805580616
168550000	0.5002621424061453	0.21397578917784332	-1.1692514260066713	0.0	1.0	1.0	0.0	0.21397578917784332	-1.1692514260066713
168600000	-0.4550850840944033	0.5223396948624671	-1.034600210263612	0.0	1.0	1.0	-0.0	0.5223396948624671	-1.034600210263612
168650000	1.32346635492806	0.3974535165626524	-1.0938420307512393	0.0	1.0	1.0	0.0	0.3974535165626524	-1.0938420307512393
168700000	-0.073964513326285	0.4449928968093213	-1.1681678725353386	1.0	1.0	1.0	-0.073964513326285	0.4449928968093213	-1.1681678725353386
168750000	-1.207785968399952	0.2552499952723813	-1.1914292849458445	0.0	1.0	1.0	-0.0	0.2552499952723813	-1.1914292849458445
168800000	0.15338887919501168	0.30237741630719545	-1.0894598627334977	1.0	1.0	1.0	0.15338887919501168	0.30237741630719545	-1.0894598627334977
168850000	-1.8246096833897398	0.6106279319572425	-1.020347155315871	0.0	1.0	1.0	-0.0	0.6106279319572425	-1.020347155315871
168900000	0.8222670001630717	0.34641326713567033	-1.1546620151957836	0.0	1.0	1.0	0.0	0.34641326713567033	-1.1546620151957836
168950000	1.9579298071563342	0.4949724483186535	-1.1481362851289436	0.0	1.0	1.0	0.0	0.4949724483186535	-1.1481362851289436
169000000	-2.837183682350725	0.3067438810125473	-1.1029875761280787	0.0	1.0	1.0	-0.0	0.3067438810125473	-1.1029875761280787
169050000	2.96779326912754	0.35189339298080313	-0.9810250990631219	0.0	1.0	1.0	0.0	0.35189339298080313	-0.9810250990631219
169100000	0.3157932244729476	-1.3460300612655858	-1.232290018605897	0.0	0.0	1.0	0.0	-0.0	-1.232290018605897
169150000	0.6974439012685596	0.45450257785633147	-1.0227111441864238	0.0	1.0	1.0	0.0	0.45450257785633147	-1.0227111441864238
169200000	1.4156117098687644	0.42332046838067366	-1.0831444005286501	0.0	1.0	1.0	0.0	0.42332046838067366	-1.0831444005286501
169250000	-2.0163464463607346	0.41198441598779156	-1.104475837917321	0.0	1.0	1.0	-0.0	0.41198441598779156	-1.104475837917321
169300000	-2.108736640099799	0.22504300261530913	-1.1139056006258192	0.0	1.0	1.0	-0.0	0.22504300261530913	-1.1139056006258192
169350000	-3.866332488100296	0.24034260614882513	-1.346362592849834	0.0	1.0	1.0	-0.0	0.24034260614882513	-1.346362592849834
169400000	-1.2028295540357803	0.2555449039703777	-0.9654442318746679	0.0	1.0	1.0	-0.0	0.2555449039703777	-0.9654442318746679
169450000	-0.15288478725998322	0.28972478396188345	-1.015283224305911	0.0	1.0	1.0	-0.0	0.28972478396188345	-1.015283224305911
169500000	1.9775355026357062	0.2705176892875163	-1.1317758701707497	0.0	1.0	1.0	0.0	0.2705176892875163	-1.1317758701707497
169550000	0.24122155565863584	0.45593612762880964	-0.9290094734883111	1.0	1.0	1.0	0.24122155565863584	0.45593612762880964	-0.9290094734883111
169600000	0.6009984947452023	0.4945753769318185	-1.0559014882237692	0.0	1.0	1.0	0.0	0.4945753769318185	-1.0559014882237692
169650000	-2.9780045639086605	0.3084937984322148	-1.1354285893957288	0.0	1.0	1.0	-0.0	0.3084937984322148	-1.1354285893957288
169700000	-1.6030088464328012	0.3279099649715123	-1.2344321866349994	0.0	1.0	1.0	-0.0	0.3279099649715123	-1.2344321866349994
169750000	-2.6879480568569885	0.4550448112172408	-1.2048063159951274	0.0	1.0	1.0	-0.0	0.4550448112172408	-1.2048063159951274
169800000	-2.4398479986309307	0.36401849660480257	-1.1961012854502289	0.0	1.0	1.0	-0.0	0.36401849660480257	-1.1961012854502289
169850000	2.6691068798426807	0.41526575603594906	-1.0495161973865588	0.0	1.0	1.0	0.0	0.41526575603594906	-1.0495161973865588
169900000	0.22053750433734876	0.45175659688068126	-1.1170303968540811	0.0	1.0	1.0	0.0	0.45175659688068126	-1.1170303968540811
169950000	4.635842774890978	0.3304378592016349	-1.1903101081870726	0.0	1.0	1.0	0.0	0.3304378592016349	-1.1903101081870726
170000000	0.03123413961758577	0.41082820831267797	-1.075353290928792	1.0	1.0	1.0	0.03123413961758577	0.41082820831267797	-1.075353290928792
170050000	-2.5112485758285814	0.4688309612442795	-1.0895560793349284	0.0	1.0	1.0	-0.0	0.4688309612442795	-1.0895560793349284
170100000	-0.6910477391462817	0.23683221281187572	-1.0863799521486321	0.0	1.0	1.0	-0.0	0.23683221281187572	-1.0863799521486321
170150000	-1.284805230142419	0.3819349474747211	-1.152044326847789	0.0	1.0	1.0	-0.0	0.3819349474747211	-1.152044326847789
170200000	-2.6861190165232296	0.5241739154221553	-1.0677755224156769	0.0	1.0	1.0	-0.0	0.5241739154221553	-1.0677755224156769
170250000	0.2100630195747173	0.35343212707534977	-1.13425035098089	0.0	1.0	1.0	0.0	0.35343212707534977	-1.13425035098089
170300000	-4.626700595141918	0.6352351783104547	-0.9976506998561078	0.0	1.0	1.0	-0.0	0.6352351783104547	-0.9976506998561078
170350000	-0.09525422869102468	0.39722036517931764	-1.161356597677573	1.0	1.0	1.0	-0.09525422869102468	0.39722036517931764	-1.161356597677573
170400000	-2.2399473769691944	0.17287827209293102	-1.1803355609544712	0.0	1.0	1.0	-0.0	0.17287827209293102	-1.1803355609544712
170450000	2.247473261144713	0.2880693205668006	-1.143192533395555	0.0	1.0	1.0	0.0	0.2880693205668006	-1.143192533395555
170500000	2.5456629670440516	0.5224926868414168	-1.0576752792611401	0.0	1.0	1.0	0.0	0.5224926868414168	-1.0576752792611401
170550000	4.982377207208507	0.3271757753957724	-0.9594619049727473	0.0	1.0	1.0	0.0	0.3271757753957724	-0.9594619049727473
170600000	-4.0452605378489555	-1.5140118102863998	-1.1055782667588936	0.0	0.0	1.0	-0.0	-0.0	-1.1055782667588936
170650000	-0.8444962853412951	0.5400955678614834	-1.1202686306999288	0.0	1.0	1.0	-0.0	0.5400955678614834	-1.1202686306999288
170700000	-0.19718889602538492	0.18504203563541768	-1.1091129166961182	0.0	1.0	1.0	-0.0	0.18504203563541768	-1.1091129166961182
170750000	1.6002619726894238	0.5754597323075927	-0.9944967191002406	0.0	1.0	1.0	0.0	0.5754597323075927	-0.9944967191002406
170800000	-1.1226062416793647	0.2849599758285916	-1.1470144236751767	0.0	1.0	1.0	-0.0	0.2849599758285916	-1.1470144236751767
170850000	-1.860204404342456	0.17751678407538846	-1.2091900605383823	0.0	1.0	1.0	-0.0	0.17751678407538846	-1.2091900605383823
170900000	-1.3301887403568247	0.32931707007076944	-1.0930523774019199	0.0	1.0	1.0	-0.0	0.32931707007076944	-1.0930523774019199
170950000	-0.2900491090941997	0.5483225552730243	-1.169642967782537	0.0	1.0	1.0	-0.0	0.5483225552730243	-1.169642967782537
171000000	2.2803378832910384	0.3772408660288156	-1.1780042625123048	0.0	1.0	1.0	0.0	0.3772408660288156	-1.1780042625123048
171050000	-1.5862057077933156	0.4490111446545822	-1.1468535021816193	0.0	1.0	1.0	-0.0	0.4490111446545822	-1.1468535021816193
171100000	-0.21649274135082142	0.3414826563661413	-1.0255794724721188	0.0	1.0	1.0	-0.0	0.3414826563661413	-1.0255794724721188
171150000	1.404577023036887	-4.165704846635299	-1.083622689057513	0.0	0.0	1.0	0.0	-0.0	-1.083622689057513
171200000	1.2512390291664315	0.5193772701127847	-1.0596183139113293	0.0	1.0	1.0	0.0	0.5193772701127847	-1.0596183139113293
171250000	3.296529234808522	0.4261141794894582	-1.0275597672228218	0.0	1.0	1.0	0.0	0.4261141794894582	-1.0275597672228218
171300000	-0.6681312781883291	0.22125959000117607	-1.088071239989656	0.0	1.0	1.0	-0.0	0.22125959000117607	-1.088071239989656
171350000	1.4533207376192945	0.3805838606081047	-1.3356300349774743	0.0	1.0	1.0	0.0	0.3805838606081047	-1.3356300349774743
171400000	1.2255328068373592	0.29752246580267266	-1.0924353413102519	0.0	1.0	1.0	0.0	0.29752246580267266	-1.0924353413102519
171450000	-0.6634749671043474	0.5676196261960818	-1.0522325286174121	0.0	1.0	1.0	-0.0	0.5676196261960818	-1.0522325286174121
171500000	-0.8524810429214175	0.4410373178089248	-0.9727335479770999	0.0	1.0	1.0	-0.0	0.4410373178089248	-0.9727335479770999
171550000	-1.0959384935277645	0.2970540828091597	-1.1754759241089587	0.0	1.0	1.0	-0.0	0.2970540828091597	-1.1754759241089587
171600000	1.0659685790017348	0.3951908857104382	-1.185358041178748	0.0	1.0	1.0	0.0	0.3951908857104382	-1.185358041178748
171650000	-4.35944968566819	0.42227287247045875	-0.963308058351505	0.0	1.0	1.0	-0.0	0.42227287247045875	-0.963308058351505
171700000	-1.2800639588704903	0.35984603162027945	-1.1640198617625033	0.0	1.0	1.0	-0.0	0.35984603162027945	-1.1640198617625033
171750000	3.6008304996723357	0.477146179749935	-1.009110257758428	0.0	1.0	1.0	0.0	0.477146179749935	-1.009110257758428
171800000	-0.8711299292583722	0.482289968490881	-1.1215584756037325	0.0	1.0	1.0	-0.0	0.482289968490881	-1.1215584756037325
171850000	-2.1792940226487443	0.5609902870373141	-0.9558276884409216	0.0	1.0	1.0	-0.0	0.5609902870373141	-0.9558276884409216
171900000	0.2297331756860761	0.46751038174601034	-1.0392979597774408	1.0	1.0	1.0	0.2297331756860761	0.46751038174601034	-1.0392979597774408
171950000	-1.4873525290558727	0.5091529505700002	-1.062492993201209	0.0	1.0	1.0	-0.0	0.5091529505700002	-1.062492993201209
172000000	-0.2010544314482292	0.37245234499256263	-1.1201354581110685	0.0	1.0	1.0	-0.0	0.37245234499256263	-1.1201354581110685
172050000	0.9338123636576889	0.5117536351438194	-1.140468615145884	0.0	1.0	1.0	0.0	0.5117536351438194	-1.140468615145884
172100000	4.075117213786692	0.46897175289834303	-1.127719123038726	0.0	1.0	1.0	0.0	0.46897175289834303	-1.127719123038726
172150000	0.21885417874390217	0.4144916126338955	-1.1087094466639382	0.0	1.0	1.0	0.0	0.4144916126338955	-1.1087094466639382
172200000	-0.6482657544088122	0.3799822411609818	-1.2351064151344355	0.0	1.0	1.0	-0.0	0.3799822411609818	-1.2351064151344355
172250000	1.040985993265606	0.440710709622729	-1.1986145855007784	0.0	1.0	1.0	0.0	0.440710709622729	-1.1986145855007784
172300000	0.5614637342012873	-0.34213223005065246	-1.1615281098125598	0.0	0.0	1.0	0.0	-0.0	-1.1615281098125598
172350000	-0.8710947536944663	1.8477152171938407	-1.0750624940198124	0.0	0.0	1.0	-0.0	0.0	-1.0750624940198124
172400000	2.820479678343638	0.3515694981704968	-1.1564025432624419	0.0	1.0	1.0	0.0	0.3515694981704968	-1.1564025432624419
172450000	-0.770472667850808	0.33801152445084015	-1.0706766620108417	0.0	1.0	1.0	-0.0	0.33801152445084015	-1.0706766620108417
172500000	0.8580065576740077	0.3963557955097507	-1.1353286498835147	0.0	1.0	1.0	0.0	0.3963557955097507	-1.1353286498835147
172550000	-0.27744128732183354	-0.11149208087249071	-1.0711737395396734	0.0	0.0	1.0	-0.0	-0.0	-1.0711737395396734
172600000	-1.3638192502724216	0.33941951507356966	-1.0742325630094511	0.0	1.0	1.0	-0.0	0.33941951507356966	-1.0742325630094511
172650000	-1.9802373624579033	0.406413294391224	-1.0043291847608813	0.0	1.0	1.0	-0.0	0.406413294391224	-1.0043291847608813
172700000	0.49451839186172986	0.4275125410854241	-0.969659759486507	0.0	1.0	1.0	0.0	0.4275125410854241	-0.969659759486507
172750000	-0.1291252180527681	0.4272304531402197	-1.0316920142583705	0.0	1.0	1.0	-0.0	0.4272304531402197	-1.0316920142583705
172800000	-3.167145247331483	0.5583784424911342	-1.0665639849448165	0.0	1.0	1.0	-0.0	0.5583784424911342	-1.0665639849448165
172850000	-5.059453427845176	-1.7051801326963294	-1.1846563849245269	0.0	0.0	1.0	-0.0	-0.0	-1.1846563849245269
172900000	-0.24312074189461544	0.32872266023190755	-1.021678692600861	0.0	1.0	1.0	-0.0	0.32872266023190755	-1.021678692600861
172950000	-3.1373162960483083	0.2099882325367197	-1.1059259430423345	0.0	1.0	1.0	-0.0	0.2099882325367197	-1.1059259430423345
173000000	2.8372197560291164	0.3021068896433079	-1.1354331835456093	0.0	1.0	1.0	0.0	0.3021068896433079	-1.1354331835456093
173050000	0.1858941602960993	0.39102542466291	-1.0960105454378357	0.0	1.0	1.0	0.0	0.39102542466291	-1.0960105454378357
173100000	-2.820851593064287	0.41173477288785265	-1.0736959155718293	0.0	1.0	1.0	-0.0	0.41173477288785265	-1.0736959155718293
173150000	0.09028179968722201	2.431766261455092	-1.251698566257686	0.0	0.0	1.0	0.0	0.0	-1.251698566257686
173200000	1.5632888377997762	0.37798049063035755	-1.0692738373701887	0.0	1.0	1.0	0.0	0.37798049063035755	-1.0692738373701887
173250000	3.443884316617799	0.6288501904521508	-1.1161596557410292	0.0	1.0	1.0	0.0	0.6288501904521508	-1.1161596557410292
173300000	0.0719509429123621	0.17396177821429193	-1.1021273190814953	1.0	1.0	1.0	0.0719509429123621	0.17396177821429193	-1.1021273190814953
173350000	-2.1897733040854366	0.39036365029416115	-1.1120615980961521	0.0	1.0	1.0	-0.0	0.39036365029416115	-1.1120615980961521
173400000	2.239179328373905	0.18852511414801512	-1.1857423478555673	0.0	1.0	1.0	0.0	0.18852511414801512	-1.1857423478555673
173450000	1.8551073321874416	0.23627258405897555	-1.0058544449202866	0.0	1.0	1.0	0.0	0.23627258405897555	-1.0058544449202866
173500000	-3.1956404769391433	0.30508363782238246	-1.0208853769013	0.0	1.0	1.0	-0.0	0.30508363782238246	-1.0208853769013
173550000	1.8748429540636742	0.309524532772107	-1.0223783022347797	0.0	1.0	1.0	0.0	0.309524532772107	-1.0223783022347797
173600000	-1.252190420399477	0.4951611464269958	-1.2061764804635433	0.0	1.0	1.0	-0.0	0.4951611464269958	-1.2061764804635433
173650000	0.5237179430073347	0.4025059723024117	-1.0620862025635174	0.0	1.0	1.0	0.0	0.4025059723024117	-1.0620862025635174
173700000	-1.5286781796773117	0.6910017870887976	-1.048580068756514	0.0	1.0	1.0	-0.0	0.6910017870887976	-1.048580068756514
173750000	-2.603920910216525	0.5069084448187411	-1.0946083485695148	0.0	1.0	1.0	-0.0	0.5069084448187411	-1.0946083485695148
173800000	3.503930020758856	0.6131860377906966	-1.0252083032000432	0.0	1.0	1.0	0.0	0.6131860377906966	-1.0252083032000432
173850000	-0.05101411743700024	0.2514423325406766	-1.146578923390806	0.0	1.0	1.0	-0.0	0.2514423325406766	-1.146578923390806
173900000	-0.5644463412297973	0.5622679691526498	-1.074733679045771	0.0	1.0	1.0	-0.0	0.5622679691526498	-1.074733679045771
173950000	-2.2245058135317364	0.5485203913379472	-1.0949170034377131	0.0	1.0	1.0	-0.0	0.5485203913379472	-1.0949170034377131
174000000	0.21389406505815178	0.4815692864383175	-1.1088789568619555	0.0	1.0	1.0	0.0	0.4815692864383175	-1.1088789568619555
174050000	1.1474366055944274	0.5274055475060104	-1.1465183059103745	0.0	1.0	1.0	0.0	0.5274055475060104	-1.1465183059103745
174100000	1.270863689836098	0.4936868438893936	-0.9429284934017262	0.0	1.0	1.0	0.0	0.4936868438893936	-0.9429284934017262
174150000	0.15013792194052536	0.38606249013184174	-0.9885058361170809	0.0	1.0	1.0	0.0	0.38606249013184174	-0.9885058361170809
174200000	1.0645685639613225	0.30982858528088636	-0.9647461628932668	0.0	1.0	1.0	0.0	0.30982858528088636	-0.9647461628932668
174250000	2.7555560152749203	0.3911012624335202	-1.090510110529579	0.0	1.0	1.0	0.0	0.3911012624335202	-1.090510110529579
174300000	2.1387603112190896	0.2500678824074535	-1.2159415239386735	0.0	1.0	1.0	0.0	0.2500678824074535	-1.2159415239386735
174350000	-1.3463255451322367	0.49672903768287024	-0.9852192741507598	0.0	1.0	1.0	-0.0	0.49672903768287024	-0.9852192741507598
174400000	-0.24180078625642482	0.35123453326221254	-1.1669193542405503	0.0	1.0	1.0	-0.0	0.35123453326221254	-1.1669193542405503
174450000	-1.1640289180323897	-2.732287231082957	-1.0797414260048295	0.0	0.0	1.0	-0.0	-0.0	-1.0797414260048295
174500000	-2.245298271596588	0.40190871855161303	-1.1934894179455486	0.0	1.0	1.0	-0.0	0.40190871855161303	-1.1934894179455486
174550000	-0.33584530196049955	0.11088980388432768	-1.2172970704427208	0.0	0.0	1.0	-0.0	0.0	-1.2172970704427208
174600000	2.6951932464710384	2.035137223049861	-1.1964330396480771	0.0	0.0	1.0	0.0	0.0	-1.1964330396480771
174650000	2.4127268250594445	0.42257217517369394	-1.0799529868202897	0.0	1.0	1.0	0.0	0.42257217517369394	-1.0799529868202897
174700000	1.1576780579232238	0.35365491575255886	-1.129200948006959	0.0	1.0	1.0	0.0	0.35365491575255886	-1.129200948006959
174750000	-0.02729220601854171	0.12712607061094175	-1.1040603840037349	1.0	0.0	1.0	-0.02729220601854171	0.0	-1.1040603840037349
174800000	-1.6267587463596807	0.2863287269102579	-1.0480165799653909	0.0	1.0	1.0	-0.0	0.2863287269102579	-1.0480165799653909
174850000	1.0404112657680276	0.3486593833353887	-1.1455505213227881	0.0	1.0	1.0	0.0	0.3486593833353887	-1.1455505213227881
174900000	1.2640216421722015	0.3760851449516996	-1.0096602582489405	0.0	1.0	1.0	0.0	0.3760851449516996	-1.0096602582489405
174950000	3.1850866451700917	0.5202137470850675	-1.054291583283284	0.0	1.0	1.0	0.0	0.5202137470850675	-1.054291583283284
175000000	-0.5651324186453293	1.008253619253787	-1.2791610075826747	0.0	0.0	1.0	-0.0	0.0	-1.2791610075826747
175050000	-0.191149895444703	2.0578519194173452	-1.2397145422374216	0.0	0.0	1.0	-0.0	0.0	-1.2397145422374216
175100000	-1.0502925144739619	0.37289053934649413	-1.0571627579852994	0.0	1.0	1.0	-0.0	0.37289053934649413	-1.0571627579852994
175150000	-0.6496599089603274	0.35586259751242955	-1.1359693170712089	0.0	1.0	1.0	-0.0	0.35586259751242955	-1.1359693170712089
175200000	0.9103149238154292	0.3870120963689082	-1.0602320015758515	0.0	1.0	1.0	0.0	0.3870120963689082	-1.0602320015758515
175250000	-0.012719102324347697	0.44523889454193954	-1.2078486547345564	1.0	1.0	1.0	-0.012719102324347697	0.44523889454193954	-1.2078486547345564
175300000	-0.2232943686059196	0.17526875288005997	-1.1882775718257725	0.0	1.0	1.0	-0.0	0.17526875288005997	-1.1882775718257725
175350000	1.061729509481373	0.3691701126236114	-1.0835077664916117	0.0	1.0	1.0	0.0	0.3691701126236114	-1.0835077664916117
175400000	0.3901211510473728	0.5560506580363356	-1.1054256668378735	0.0	1.0	1.0	0.0	0.5560506580363356	-1.1054256668378735
175450000	3.1367482932509447	0.19560588121852782	-1.1914425468002943	0.0	1.0	1.0	0.0	0.19560588121852782	-1.1914425468002943
175500000	-0.8314910201370534	0.25219089924441956	-1.1661901412484725	0.0	1.0	1.0	-0.0	0.25219089924441956	-1.1661901412484725
175550000	0.3214401158417637	0.35068268765358823	-1.1351262262352266	0.0	1.0	1.0	0.0	0.35068268765358823	-1.1351262262352266
175600000	0.5792698533104694	0.29466097500139943	-1.068146833336863	0.0	1.0	1.0	0.0	0.29466097500139943	-1.068146833336863
175650000	-1.057651604599568	0.48887142238073034	-1.0708820944968995	0.0	1.0	1.0	-0.0	0.48887142238073034	-1.0708820944968995
175700000	2.347728151227292	2.0395531338122046	-1.162068305408075	0.0	0.0	1.0	0.0	0.0	-1.162068305408075
175750000	0.0044701794633209835	0.38804821126277755	-1.1270120537568689	0.0	1.0	1.0	0.0	0.38804821126277755	-1.1270120537568689
175800000	-0.03180391046720482	0.4743865837117943	-1.0917249374421276	1.0	1.0	1.0	-0.03180391046720482	0.4743865837117943	-1.0917249374421276
175850000	-4.08161544007252	0.4706434255743978	-1.2776877578915646	0.0	1.0	1.0	-0.0	0.4706434255743978	-1.2776877578915646
175900000	1.2557414756998722	0.5107676837801052	-1.1956490670264908	0.0	1.0	1.0	0.0	0.5107676837801052	-1.1956490670264908
175950000	-3.2681086740318412	-1.492248422787455	-1.1316896415106505	0.0	0.0	1.0	-0.0	-0.0	-1.1316896415106505
176000000	1.7262558859414658	0.3425803125617421	-1.0530549217478855	0.0	1.0	1.0	0.0	0.3425803125617421	-1.0530549217478855
176050000	0.42861915226840624	0.5052912495134388	-1.0479647455116892	0.0	1.0	1.0	0.0	0.5052912495134388	-1.0479647455116892
176100000	-1.369808309549373	-1.143203221920408	-1.081088437121554	0.0	0.0	1.0	-0.0	-0.0	-1.081088437121554
176150000	2.747326933533641	0.3379235982460779	-1.1713507884550944	0.0	1.0	1.0	0.0	0.3379235982460779	-1.1713507884550944
176200000	0.2959804486260068	0.42124988372439637	-1.1591571502096012	0.0	1.0	1.0	0.0	0.42124988372439637	-1.1591571502096012
176250000	-1.0633550296776768	0.30343871430325164	-1.0080185926572378	0.0	1.0	1.0	-0.0	0.30343871430325164	-1.0080185926572378
176300000	0.1446359547988521	0.5645561843584732	-1.1751370740660803	0.0	1.0	1.0	0.0	0.5645561843584732	-1.1751370740660803
176350000	0.6612904089393101	0.5290687741366524	-1.1158836372021126	0.0	1.0	1.0	0.0	0.5290687741366524	-1.1158836372021126
176400000	-0.39823366735714966	0.4123571413805209	-1.0693124616057745	0.0	1.0	1.0	-0.0	0.4123571413805209	-1.0693124616057745
176450000	-1.6071231307180938	0.3906060087744487	-1.056328398259634	0.0	1.0	1.0	-0.0	0.3906060087744487	-1.056328398259634
176500000	0.35885865909191095	0.3060133469864341	-1.0210227699070773	0.0	1.0	1.0	0.0	0.3060133469864341	-1.0210227699070773
176550000	0.6533103689345972	0.403019074986975	-1.025251764362473	0.0	1.0	1.0	0.0	0.403019074986975	-1.025251764362473
176600000	-1.8658430638216936	0.365196498025772	-1.1208645139486582	0.0	1.0	1.0	-0.0	0.365196498025772	-1.1208645139486582
176650000	-5.3220295665580615	0.4358677755782421	-1.1035488242222002	0.0	1.0	1.0	-0.0	0.4358677755782421	-1.1035488242222002
176700000	0.8114046311150886	0.38477600901152187	-1.2128921196288085	0.0	1.0	1.0	0.0	0.38477600901152187	-1.2128921196288085
176750000	-0.14226104605574275	0.4486321733224137	-1.2367118833124278	0.0	1.0	1.0	-0.0	0.4486321733224137	-1.2367118833124278
176800000	0.7884621388361898	0.4936163426058041	-0.925207967945736	0.0	1.0	1.0	0.0	0.4936163426058041	-0.925207967945736
176850000	-2.6657182056363773	-2.955898276392383	-1.1142259190768424	0.0	0.0	1.0	-0.0	-0.0	-1.1142259190768424
176900000	1.806184941773912	0.38539929333113554	-1.0538995574680405	0.0	1.0	1.0	0.0	0.38539929333113554	-1.0538995574680405
176950000	-0.06913709872090523	0.2391630473924807	-0.9907509594202983	0.0	1.0	1.0	-0.0	0.2391630473924807	-0.9907509594202983
177000000	-0.17392539222813724	0.2968248176442053	-1.0464089285648077	0.0	1.0	1.0	-0.0	0.2968248176442053	-1.0464089285648077
177050000	-0.7017624890728963	0.5351794963480881	-0.9125409599202039	0.0	1.0	1.0	-0.0	0.5351794963480881	-0.9125409599202039
177100000	2.983839103293454	1.7493116344881836	-1.1299220041627398	0.0	0.0	1.0	0.0	0.0	-1.1299220041627398
177150000	-4.2708069257777215	0.4054540885763878	-1.0933823132600762	0.0	1.0	1.0	-0.0	0.4054540885763878	-1.0933823132600762
177200000	2.707723110254409	0.3211160562994549	-1.0908027561236668	0.0	1.0	1.0	0.0	0.3211160562994549	-1.0908027561236668
177250000	0.4938788994191845	0.5094879393773554	-1.0454302331526546	0.0	1.0	1.0	0.0	0.5094879393773554	-1.0454302331526546
177300000	-1.8921802244305792	0.3197003948149918	-1.1648805718563584	0.0	1.0	1.0	-0.0	0.3197003948149918	-1.1648805718563584
177350000	1.5859089048044488	0.276884954342905	-1.0712589153219714	0.0	1.0	1.0	0.0	0.276884954342905	-1.0712589153219714
177400000	0.28367721418254427	0.16663398865225684	-1.1856836136444326	0.0	0.0	1.0	0.0	0.0	-1.1856836136444326
177450000	1.220812134693578	0.45686650924796757	-1.0907012132985585	0.0	1.0	1.0	0.0	0.45686650924796757	-1.0907012132985585
177500000	1.9633335517459112	-0.664825879445429	-1.2416624011135933	0.0	0.0	1.0	0.0	-0.0	-1.2416624011135933
177550000	-1.386750292356075	0.5925533194866428	-1.0996973337512679	0.0	1.0	1.0	-0.0	0.5925533194866428	-1.0996973337512679
177600000	3.1291326007387203	0.47519603523654286	-1.1093984771911387	0.0	1.0	1.0	0.0	0.47519603523654286	-1.1093984771911387
177650000	-0.09915075432807363	0.2767471900658594	-1.1401393431799134	1.0	1.0	1.0	-0.09915075432807363	0.2767471900658594	-1.1401393431799134
177700000	-0.3722971922462536	0.5768227536704339	-1.05354242100926	0.0	1.0	1.0	-0.0	0.5768227536704339	-1.05354242100926
177750000	0.017471922343575107	0.4909647755053605	-1.034224327634064	1.0	1.0	1.0	0.017471922343575107	0.4909647755053605	-1.034224327634064
177800000	0.8792831990835343	0.20045929062848103	-1.227750588074169	0.0	1.0	1.0	0.0	0.20045929062848103	-1.227750588074169
177850000	-0.4454960459806796	0.5129197811134278	-1.0247780376793307	0.0	1.0	1.0	-0.0	0.5129197811134278	-1.0247780376793307
177900000	-0.9613905953524756	0.4275633850178415	-1.1001671027577895	0.0	1.0	1.0	-0.0	0.4275633850178415	-1.1001671027577895
177950000	2.598246081207505	0.41297326462232764	-0.9417232817898907	0.0	1.0	1.0	0.0	0.41297326462232764	-0.9417232817898907
178000000	-4.982315554895619	0.3075219174359733	-1.1823911249236014	0.0	1.0	1.0	-0.0	0.3075219174359733	-1.1823911249236014
178050000	0.08492792966970392	0.38533713178187684	-1.10015055875919	1.0	1.0	1.0	0.08492792966970392	0.38533713178187684	-1.10015055875919
178100000	0.3083071243036471	0.3396053101214238	-1.1935637252908013	0.0	1.0	1.0	0.0	0.3396053101214238	-1.1935637252908013
178150000	-2.3940040201047372	0.6309854981273054	-1.0139098889461584	0.0	1.0	1.0	-0.0	0.6309854981273054	-1.0139098889461584
178200000	-3.092876625309508	0.4604568646298366	-1.0817846698705766	0.0	1.0	1.0	-0.0	0.4604568646298366	-1.0817846698705766
178250000	-2.6877964046410825	0.5635522584979196	-0.988093842660641	0.0	1.0	1.0	-0.0	0.5635522584979196	-0.988093842660641
178300000	7.753207063143641E-4	0.288972478089454	-1.036702237608493	0.0	1.0	1.0	0.0	0.288972478089454	-1.036702237608493
178350000	0.7969307916756225	0.40400472183235775	-1.1775784604439532	0.0	1.0	1.0	0.0	0.40400472183235775	-1.1775784604439532
178400000	-0.78188526153604	0.4155925037184368	-0.9895545252232575	0.0	1.0	1.0	-0.0	0.4155925037184368	-0.9895545252232575
178450000	-3.784218991210105	0.4342903411698094	-0.9701783894775098	0.0	1.0	1.0	-0.0	0.4342903411698094	-0.9701783894775098
178500000	0.23374274960070288	0.40188633712587596	-1.0217940572334732	0.0	1.0	1.0	0.0	0.40188633712587596	-1.0217940572334732
178550000	-0.0195240999101034	0.4561099853701924	-1.075805309068138	1.0	1.0	1.0	-0.0195240999101034	0.4561099853701924	-1.075805309068138
178600000	3.0434914869039495	0.2846877539877982	-1.0767352268998747	0.0	1.0	1.0	0.0	0.2846877539877982	-1.0767352268998747
178650000	0.8083080759885012	0.256911201671462	-1.0580711129573452	0.0	1.0	1.0	0.0	0.256911201671462	-1.0580711129573452
178700000	-2.997695250664262	0.2186325844332028	-0.9803447615760996	0.0	1.0	1.0	-0.0	0.2186325844332028	-0.9803447615760996
178750000	2.137873721846712	0.5205193784459543	-1.0248709988537863	0.0	1.0	1.0	0.0	0.5205193784459543	-1.0248709988537863
178800000	-1.5932437661186727	0.4749109971801138	-1.0231860861589968	0.0	1.0	1.0	-0.0	0.4749109971801138	-1.0231860861589968
178850000	1.5265121532574335	0.20508376111248547	-0.9784641900022715	0.0	1.0	1.0	0.0	0.20508376111248547	-0.9784641900022715
178900000	1.1696291471107378	0.35092484468370994	-1.0562967920511734	0.0	1.0	1.0	0.0	0.35092484468370994	-1.0562967920511734
178950000	2.373691198358021	0.4168796402647393	-1.1246843134884612	0.0	1.0	1.0	0.0	0.4168796402647393	-1.1246843134884612
179000000	-0.9260126451889074	0.2784751465622601	-1.108198069539962	0.0	1.0	1.0	-0.0	0.2784751465622601	-1.108198069539962
179050000	-0.9092153214768606	0.5825333105086423	-0.9382799431201398	0.0	1.0	1.0	-0.0	0.5825333105086423	-0.9382799431201398
179100000	-3.633108262026539	0.3041183036690261	-1.095014564365085	0.0	1.0	1.0	-0.0	0.3041183036690261	-1.095014564365085
179150000	1.6142437591072403	0.28898291966164436	-1.085175012313331	0.0	1.0	1.0	0.0	0.28898291966164436	-1.085175012313331
179200000	-3.5076571032038215	0.5452192389325268	-1.0710649549289428	0.0	1.0	1.0	-0.0	0.5452192389325268	-1.0710649549289428
179250000	-1.0984605512904977	0.34351684261160825	-1.1016212260271527	0.0	1.0	1.0	-0.0	0.34351684261160825	-1.1016212260271527
179300000	1.9905270184574544	0.4193492155540217	-1.0879750459364195	0.0	1.0	1.0	0.0	0.4193492155540217	-1.0879750459364195
179350000	0.03404740593799753	0.49850175907361177	-1.0755092113026712	0.0	1.0	1.0	0.0	0.49850175907361177	-1.0755092113026712
179400000	0.4028766225464113	0.17478815031486522	-1.0594932527672738	0.0	1.0	1.0	0.0	0.17478815031486522	-1.0594932527672738
179450000	-1.5628016542329164	0.40670466145068856	-1.0193136610671734	0.0	1.0	1.0	-0.0	0.40670466145068856	-1.0193136610671734
179500000	-0.7714086859213596	0.40832429973261397	-1.1230363059162718	0.0	1.0	1.0	-0.0	0.40832429973261397	-1.1230363059162718
179550000	0.4250321183591122	-1.8630407784053054	-1.084828759799407	0.0	0.0	1.0	0.0	-0.0	-1.084828759799407
179600000	2.6270827738279445	0.34451253714570645	-1.0242909378868068	0.0	1.0	1.0	0.0	0.34451253714570645	-1.0242909378868068
179650000	-0.016237564648062558	0.37071353921463923	-1.2724178790502356	0.0	1.0	1.0	-0.0	0.37071353921463923	-1.2724178790502356
179700000	1.5890390685370244	0.3532229550048606	-1.0938955256354455	0.0	1.0	1.0	0.0	0.3532229550048606	-1.0938955256354455
179750000	1.3489834923969015	0.38240725557931277	-1.0719620732882513	0.0	1.0	1.0	0.0	0.38240725557931277	-1.0719620732882513
179800000	-0.9972135593884601	0.43755875663531624	-1.1503189265405636	0.0	1.0	1.0	-0.0	0.43755875663531624	-1.1503189265405636
179850000	-2.5761948194157602	0.3685630744572827	-1.1461115955560432	0.0	1.0	1.0	-0.0	0.3685630744572827	-1.1461115955560432
179900000	-0.9916637851466722	0.3677422201520691	-1.0187301252105538	0.0	1.0	1.0	-0.0	0.3677422201520691	-1.0187301252105538
179950000	1.202399165875345	0.41726325178445367	-1.0419218568107163	0.0	1.0	1.0	0.0	0.41726325178445367	-1.0419218568107163
180000000	-1.0597868045274188	0.3324849210184825	-1.2393459299862966	0.0	1.0	1.0	-0.0	0.3324849210184825	-1.2393459299862966
180050000	-3.056781298119298	0.5486304600043997	-1.106232795052569	0.0	1.0	1.0	-0.0	0.5486304600043997	-1.106232795052569
180100000	-0.9695857915784519	0.6032981309849504	-1.0420270913849017	0.0	1.0	1.0	-0.0	0.6032981309849504	-1.0420270913849017
180150000	-0.7131802853152608	0.46303645020536877	-1.2426533814176408	0.0	1.0	1.0	-0.0	0.46303645020536877	-1.2426533814176408
180200000	2.1985724363073373	0.38722524797380364	-1.1255948975806482	0.0	1.0	1.0	0.0	0.38722524797380364	-1.1255948975806482
180250000	1.9988821865583888	0.5766390626052912	-1.0052148182961413	0.0	1.0	1.0	0.0	0.5766390626052912	-1.0052148182961413
180300000	-1.3347403509254905	0.4333118506449214	-1.0135452219706038	0.0	1.0	1.0	-0.0	0.4333118506449214	-1.0135452219706038
180350000	2.3728864832285668	0.35199043864325175	-0.9404422842191933	0.0	1.0	1.0	0.0	0.35199043864325175	-0.9404422842191933
180400000	-2.013404546264797	0.4471585545160028	-0.8282174983846897	0.0	1.0	1.0	-0.0	0.4471585545160028	-0.8282174983846897
180450000	-2.2760446515056936	0.2917665011807793	-1.0479802150308113	0.0	1.0	1.0	-0.0	0.2917665011807793	-1.0479802150308113
180500000	-0.585004028849409	0.36616079191790096	-1.1635803712456199	0.0	1.0	1.0	-0.0	0.36616079191790096	-1.1635803712456199
180550000	-0.1054432245500383	0.45459116755249573	-1.0607841520097758	0.0	1.0	1.0	-0.0	0.45459116755249573	-1.0607841520097758
180600000	-0.39540789907283	0.48670316734487756	-0.9129607442593115	0.0	1.0	1.0	-0.0	0.48670316734487756	-0.9129607442593115
180650000	1.3527567284436102	0.19728755376631388	-1.1207435175062443	0.0	1.0	1.0	0.0	0.19728755376631388	-1.1207435175062443
180700000	-1.6713858555288437	-0.11463112879600647	-1.0798803453038806	0.0	0.0	1.0	-0.0	-0.0	-1.0798803453038806
180750000	2.776733113085302	0.517090089810258	-1.027068994222271	0.0	1.0	1.0	0.0	0.517090089810258	-1.027068994222271
180800000	1.0814072931019274	0.521952705683829	-1.033466996716974	0.0	1.0	1.0	0.0	0.521952705683829	-1.033466996716974
180850000	-0.25841180977875766	0.25061910843268276	-0.9327704570877198	0.0	1.0	1.0	-0.0	0.25061910843268276	-0.9327704570877198
180900000	1.013141095443113	0.3623934158952061	-1.1159337123426067	0.0	1.0	1.0	0.0	0.3623934158952061	-1.1159337123426067
180950000	-2.709160886522162	0.2747490511903464	-0.9800890285245267	0.0	1.0	1.0	-0.0	0.2747490511903464	-0.9800890285245267
181000000	-2.171516316063026	0.4122411508576135	-1.083987133059825	0.0	1.0	1.0	-0.0	0.4122411508576135	-1.083987133059825
181050000	1.1087264916392698	0.4225695069778212	-1.0252716871129042	0.0	1.0	1.0	0.0	0.4225695069778212	-1.0252716871129042
181100000	0.627366378767807	0.3906930342779735	-0.984283751147872	0.0	1.0	1.0	0.0	0.3906930342779735	-0.984283751147872
181150000	-1.5601686823824676	0.33034612793583934	-1.0955803041341274	0.0	1.0	1.0	-0.0	0.33034612793583934	-1.0955803041341274
181200000	-3.79114933581036	0.39099301989298624	-1.1889395941508787	0.0	1.0	1.0	-0.0	0.39099301989298624	-1.1889395941508787
181250000	-2.171747991332746	0.25042517188660646	-1.1721590816280658	0.0	1.0	1.0	-0.0	0.25042517188660646	-1.1721590816280658
181300000	2.9573891607705463	0.5901338730062429	-1.280000302053494	0.0	0.0	1.0	0.0	0.0	-1.280000302053494
181350000	1.4071059040166713	0.4062684963542611	-1.0322442466291994	0.0	1.0	1.0	0.0	0.4062684963542611	-1.0322442466291994
181400000	-0.07615681652746997	0.45460915158751086	-1.1021468010588067	0.0	1.0	1.0	-0.0	0.45460915158751086	-1.1021468010588067
181450000	0.12988787079198497	0.5964524594153815	-1.002050936396647	1.0	1.0	1.0	0.12988787079198497	0.5964524594153815	-1.002050936396647
181500000	-0.5776916539763383	0.4977881999968164	-1.1935381890536318	0.0	1.0	1.0	-0.0	0.4977881999968164	-1.1935381890536318
181550000	1.3023711658620518	0.43645249780537376	-0.9636265195861754	0.0	1.0	1.0	0.0	0.43645249780537376	-0.9636265195861754
181600000	-4.598803453948767	0.31425337528842917	-1.1529225466878714	0.0	1.0	1.0	-0.0	0.31425337528842917	-1.1529225466878714
181650000	-1.7647773289654256	0.40514733237888906	-0.9966128582683492	0.0	1.0	1.0	-0.0	0.40514733237888906	-0.9966128582683492
181700000	-0.4158793304596266	0.6358935635703905	-1.1032928701835696	0.0	0.0	1.0	-0.0	0.0	-1.1032928701835696
181750000	1.5967716547755666	0.40875968324051287	-0.9011709746231922	0.0	1.0	1.0	0.0	0.40875968324051287	-0.9011709746231922
181800000	0.0729175283037994	0.2582051222640774	-1.1002849688163419	1.0	1.0	1.0	0.0729175283037994	0.2582051222640774	-1.1002849688163419
181850000	0.3576434941503906	0.5047088403309241	-0.9945099149156198	1.0	1.0	1.0	0.3576434941503906	0.5047088403309241	-0.9945099149156198
181900000	0.29196181781232283	0.61526960273892	-1.1144257290017967	0.0	1.0	1.0	0.0	0.61526960273892	-1.1144257290017967
181950000	-2.149328735378485	0.45935325927601517	-1.0325242176655274	0.0	1.0	1.0	-0.0	0.45935325927601517	-1.0325242176655274
182000000	-2.7421805358916616	0.5581854457180766	-0.9718716424495413	0.0	1.0	1.0	-0.0	0.5581854457180766	-0.9718716424495413
182050000	-1.7009637604627326	0.26753552209913534	-1.0473045028201826	0.0	1.0	1.0	-0.0	0.26753552209913534	-1.0473045028201826
182100000	0.12353117024623436	0.4244933213454819	-1.2564247337984455	0.0	1.0	1.0	0.0	0.4244933213454819	-1.2564247337984455
182150000	1.1986657596247638	0.3371818714083603	-1.1587894245508572	0.0	1.0	1.0	0.0	0.3371818714083603	-1.1587894245508572
182200000	0.6469766761262765	0.5296078765922405	-1.0662295390690206	0.0	1.0	1.0	0.0	0.5296078765922405	-1.0662295390690206
182250000	2.6288308352932717	0.314102662933939	-1.1130662502018018	0.0	1.0	1.0	0.0	0.314102662933939	-1.1130662502018018
182300000	-2.6236243888970803	0.4317020802802889	-1.1595469416534179	0.0	1.0	1.0	-0.0	0.4317020802802889	-1.1595469416534179
182350000	-1.7989403337516898	0.34113285023682305	-1.2056876747021663	0.0	1.0	1.0	-0.0	0.34113285023682305	-1.2056876747021663
182400000	0.36414855280945496	0.12206265920471765	-1.224905843566852	0.0	1.0	1.0	0.0	0.12206265920471765	-1.224905843566852
182450000	2.7391624290577425	0.6413435305622834	-1.0956419368417472	0.0	0.0	1.0	0.0	0.0	-1.0956419368417472
182500000	0.5368141037539345	0.38912752160558217	-1.1910829197400763	0.0	1.0	1.0	0.0	0.38912752160558217	-1.1910829197400763
182550000	-4.322138440917576	0.4129122239058395	-1.0525299503895167	0.0	1.0	1.0	-0.0	0.4129122239058395	-1.0525299503895167
182600000	-0.6793606912295792	0.03267576581720658	-1.0966412664874952	0.0	0.0	1.0	-0.0	0.0	-1.0966412664874952
182650000	1.693358670547556	0.35307009201506717	-1.2062232984821768	0.0	1.0	1.0	0.0	0.35307009201506717	-1.2062232984821768
182700000	-0.5570300507407444	0.43247120466686734	-1.1107847509026596	0.0	1.0	1.0	-0.0	0.43247120466686734	-1.1107847509026596
182750000	0.5147007760779363	0.4347231372462404	-0.9898815196307194	0.0	1.0	1.0	0.0	0.4347231372462404	-0.9898815196307194
182800000	-2.508466818950229	0.5458096505789265	-1.0391860388425942	0.0	1.0	1.0	-0.0	0.5458096505789265	-1.0391860388425942
182850000	1.7444837765232208	0.3637451076567748	-1.242397788361387	0.0	1.0	1.0	0.0	0.3637451076567748	-1.242397788361387
182900000	-0.7737662248789752	0.32397150967725924	-1.1070590376127556	0.0	1.0	1.0	-0.0	0.32397150967725924	-1.1070590376127556
182950000	4.03868090674839	0.2527283611381582	-1.1459645642165082	0.0	1.0	1.0	0.0	0.2527283611381582	-1.1459645642165082
183000000	0.3335838408221776	0.4963271230792626	-1.1745475748326581	0.0	1.0	1.0	0.0	0.4963271230792626	-1.1745475748326581
183050000	2.291591019596777	0.5992078294568487	-1.0490391209831502	0.0	1.0	1.0	0.0	0.5992078294568487	-1.0490391209831502
183100000	-1.6070043114225891	0.2596207960603216	-1.11032660598304	0.0	1.0	1.0	-0.0	0.2596207960603216	-1.11032660598304
183150000	2.2683375009836686	0.4119670630250146	-1.1304842470880987	0.0	1.0	1.0	0.0	0.4119670630250146	-1.1304842470880987
183200000	0.1900439591795853	0.5055336742645312	-0.9782806052385332	0.0	1.0	1.0	0.0	0.5055336742645312	-0.9782806052385332
183250000	1.8643569885622346	0.38342048944920654	-1.040610749687244	0.0	1.0	1.0	0.0	0.38342048944920654	-1.040610749687244
183300000	1.4187057500614015	0.4266761029410191	-1.0690605186556117	0.0	1.0	1.0	0.0	0.4266761029410191	-1.0690605186556117
183350000	-0.9272990425829117	0.513324683561376	-1.02748685625334	0.0	1.0	1.0	-0.0	0.513324683561376	-1.02748685625334
183400000	3.4681451779860595	0.528000525057791	-1.011098297550222	0.0	1.0	1.0	0.0	0.528000525057791	-1.011098297550222
183450000	3.4310158985966486	0.3725432422848334	-1.0150149302292049	0.0	1.0	1.0	0.0	0.3725432422848334	-1.0150149302292049
183500000	-0.5545248206611647	0.4434139706690291	-1.1017495567722444	0.0	1.0	1.0	-0.0	0.4434139706690291	-1.1017495567722444
183550000	-0.4182782267245028	0.3627748716316143	-1.0186979715007711	0.0	1.0	1.0	-0.0	0.3627748716316143	-1.0186979715007711
183600000	-0.1401229560374766	0.41311633553361304	-1.1369499625943755	0.0	1.0	1.0	-0.0	0.41311633553361304	-1.1369499625943755
183650000	0.16773967677738622	0.5867724632802903	-0.933857679799713	0.0	1.0	1.0	0.0	0.5867724632802903	-0.933857679799713
183700000	0.49903708303064453	0.40053270327740054	-1.0268027672709905	0.0	1.0	1.0	0.0	0.40053270327740054	-1.0268027672709905
183750000	-1.2362197798807077	0.5029272543389688	-1.0488837111834681	0.0	1.0	1.0	-0.0	0.5029272543389688	-1.0488837111834681
183800000	-1.7643637057184711	-2.533359650028129	-1.1338771875025535	0.0	0.0	1.0	-0.0	-0.0	-1.1338771875025535
183850000	3.2309255085737267	0.3692587829174339	-1.038368705490547	0.0	1.0	1.0	0.0	0.3692587829174339	-1.038368705490547
183900000	-0.7603337629662117	0.5016356647243418	-0.9865477734344259	0.0	1.0	1.0	-0.0	0.5016356647243418	-0.9865477734344259
183950000	-0.900957429989051	0.5008645284291162	-1.027658109722039	0.0	1.0	1.0	-0.0	0.5008645284291162	-1.027658109722039
184000000	0.3225293150955486	0.27865637927020653	-1.090697335642206	0.0	1.0	1.0	0.0	0.27865637927020653	-1.090697335642206
184050000	0.4944642523002656	0.40608230140643736	-1.161332584796845	0.0	1.0	1.0	0.0	0.40608230140643736	-1.161332584796845
184100000	-1.1434145933908244	0.5515047836233321	-0.945885527089069	0.0	1.0	1.0	-0.0	0.5515047836233321	-0.945885527089069
184150000	-0.9557871797913513	0.45284659488169265	-1.1201270359102315	0.0	1.0	1.0	-0.0	0.45284659488169265	-1.1201270359102315
184200000	-1.385611553194468	0.4342326110976665	-1.178373456079579	0.0	1.0	1.0	-0.0	0.4342326110976665	-1.178373456079579
184250000	-1.4228373376711259	0.30421047370409826	-1.1401220000452925	0.0	1.0	1.0	-0.0	0.30421047370409826	-1.1401220000452925
184300000	-1.9881483715535762	0.38390966460592696	-1.1042930537195783	0.0	1.0	1.0	-0.0	0.38390966460592696	-1.1042930537195783
184350000	0.09805855982368869	0.26617610516114637	-1.0663276325025608	0.0	1.0	1.0	0.0	0.26617610516114637	-1.0663276325025608
184400000	-1.8849296333199812	0.34097643258758165	-1.060729546635082	0.0	1.0	1.0	-0.0	0.34097643258758165	-1.060729546635082
184450000	-0.660099882375171	0.4990654135323899	-0.9984209068856228	0.0	1.0	1.0	-0.0	0.4990654135323899	-0.9984209068856228
184500000	-0.5342712210274081	0.34958664893183233	-1.1413728065366324	0.0	1.0	1.0	-0.0	0.34958664893183233	-1.1413728065366324
184550000	-1.0583702674787263	0.47338020370767897	-1.2468628856750983	0.0	1.0	1.0	-0.0	0.47338020370767897	-1.2468628856750983
184600000	-0.6428356510403785	0.5360271976287362	-1.0310167322053967	0.0	1.0	1.0	-0.0	0.5360271976287362	-1.0310167322053967
184650000	0.8951955399482359	0.4524967120969093	-1.0522184981531215	0.0	1.0	1.0	0.0	0.4524967120969093	-1.0522184981531215
184700000	-2.229130583680261	0.5036295769283462	-1.082407672194487	0.0	1.0	1.0	-0.0	0.5036295769283462	-1.082407672194487
184750000	-1.837215440703165	0.34199630679242776	-1.0799523110168419	0.0	1.0	1.0	-0.0	0.34199630679242776	-1.0799523110168419
184800000	-0.947894476612819	0.47560518095648824	-1.223611293015267	0.0	1.0	1.0	-0.0	0.47560518095648824	-1.223611293015267
184850000	-0.09437961247244217	0.39171875565613123	-1.1197159728542705	0.0	0.0	1.0	-0.0	0.0	-1.1197159728542705
184900000	1.8848270127278623	0.4298487380147755	-1.235276528301227	0.0	1.0	1.0	0.0	0.4298487380147755	-1.235276528301227
184950000	-2.0919889317048703	0.19818355099201346	-1.219909123302871	0.0	1.0	1.0	-0.0	0.19818355099201346	-1.219909123302871
185000000	0.19058067159417097	0.5727863500079535	-0.8486666056323168	1.0	1.0	1.0	0.19058067159417097	0.5727863500079535	-0.8486666056323168
185050000	-0.7552743404723221	0.5793036108302225	-0.9816812980060375	0.0	1.0	1.0	-0.0	0.5793036108302225	-0.9816812980060375
185100000	0.6582830690699648	0.2543444433938	-1.060359190073544	0.0	1.0	1.0	0.0	0.2543444433938	-1.060359190073544
185150000	-0.04047809741241975	0.2775050807849315	-1.1426189966087033	0.0	1.0	1.0	-0.0	0.2775050807849315	-1.1426189966087033
185200000	-1.4109055907853008	-2.008297952356738	-1.0696178246184664	0.0	0.0	1.0	-0.0	-0.0	-1.0696178246184664
185250000	2.1853619625322627	1.5494540378562067	-1.1403933560569266	0.0	0.0	1.0	0.0	0.0	-1.1403933560569266
185300000	2.1507196435712554	0.3358275363832047	-1.03848412280714	0.0	1.0	1.0	0.0	0.3358275363832047	-1.03848412280714
185350000	-2.380813241888474	2.693319122051828	-1.1315451843123663	0.0	0.0	1.0	-0.0	0.0	-1.1315451843123663
185400000	0.5608299708906814	0.40414415044113516	-1.2022546899980566	0.0	1.0	1.0	0.0	0.40414415044113516	-1.2022546899980566
185450000	1.4498441170343774	0.5106850539470524	-1.056767516741782	0.0	1.0	1.0	0.0	0.5106850539470524	-1.056767516741782
185500000	0.3046953496339487	0.42068911696298245	-1.141337008653152	0.0	1.0	1.0	0.0	0.42068911696298245	-1.141337008653152
185550000	1.2600937584480243	0.27751142786968896	-1.243887409309743	0.0	1.0	1.0	0.0	0.27751142786968896	-1.243887409309743
185600000	0.13949657897729484	0.5345138068688646	-1.0616626369589655	0.0	1.0	1.0	0.0	0.5345138068688646	-1.0616626369589655
185650000	-0.6273591670112837	0.227239495266431	-1.0951163235480563	0.0	1.0	1.0	-0.0	0.227239495266431	-1.0951163235480563
185700000	-2.6527516388425636	0.5479639012472041	-1.2108606082352364	0.0	1.0	1.0	-0.0	0.5479639012472041	-1.2108606082352364
185750000	1.947969816737857	0.47384697048233343	-1.1153059329811934	0.0	1.0	1.0	0.0	0.47384697048233343	-1.1153059329811934
185800000	1.0981125585204288	0.6543311776292383	-1.175931973485923	0.0	1.0	1.0	0.0	0.6543311776292383	-1.175931973485923
185850000	1.1497354876603525	0.4535688007292219	-1.0712370314292852	0.0	1.0	1.0	0.0	0.4535688007292219	-1.0712370314292852
185900000	-1.367807999537442	0.5755211868962871	-1.1626154711028631	0.0	1.0	1.0	-0.0	0.5755211868962871	-1.1626154711028631
185950000	0.1516215390753025	0.5533212495686212	-0.9150824180058755	0.0	1.0	1.0	0.0	0.5533212495686212	-0.9150824180058755
186000000	0.47697930973353364	0.2900803497870122	-1.039197929422655	0.0	1.0	1.0	0.0	0.2900803497870122	-1.039197929422655
186050000	2.458298416195643	0.39102641307110814	-1.045942536943214	0.0	1.0	1.0	0.0	0.39102641307110814	-1.045942536943214
186100000	3.803072770013585	0.43896179638604865	-1.223783825044263	0.0	1.0	1.0	0.0	0.43896179638604865	-1.223783825044263
186150000	-1.9338407485767297	0.35008077169570123	-1.1290821311005474	0.0	1.0	1.0	-0.0	0.35008077169570123	-1.1290821311005474
186200000	3.7816876451425663	0.5931317463806193	-1.0699669331017998	0.0	1.0	1.0	0.0	0.5931317463806193	-1.0699669331017998
186250000	1.7160483863224003	0.41067688387364654	-1.2058236107885492	0.0	1.0	1.0	0.0	0.41067688387364654	-1.2058236107885492
186300000	-2.8813498799364616	0.2986299058903344	-1.020314109133415	0.0	1.0	1.0	-0.0	0.2986299058903344	-1.020314109133415
186350000	1.1165043055508532	0.41459668948151934	-1.0534207399676774	0.0	1.0	1.0	0.0	0.41459668948151934	-1.0534207399676774
186400000	0.3578663384509252	0.4139590692345998	-1.218584153983426	0.0	1.0	1.0	0.0	0.4139590692345998	-1.218584153983426
186450000	-3.0664277316337594	0.3014591223900831	-1.2138909889898326	0.0	1.0	1.0	-0.0	0.3014591223900831	-1.2138909889898326
186500000	1.501906704374548	0.414962009899875	-1.0224639860937121	0.0	1.0	1.0	0.0	0.414962009899875	-1.0224639860937121
186550000	2.5431141362623797	0.2906352611367423	-1.2871235876366556	0.0	1.0	1.0	0.0	0.2906352611367423	-1.2871235876366556
186600000	-0.7401907647078447	0.4411373617614802	-1.0237690888076363	0.0	1.0	1.0	-0.0	0.4411373617614802	-1.0237690888076363
186650000	2.0164116223796293	0.16724577084672484	-1.1562739366922261	0.0	1.0	1.0	0.0	0.16724577084672484	-1.1562739366922261
186700000	-2.143784251310262	0.4099177588955039	-0.9995633518549242	0.0	1.0	1.0	-0.0	0.4099177588955039	-0.9995633518549242
186750000	0.6822949372387339	0.5405413854768408	-1.024253444978051	0.0	1.0	1.0	0.0	0.5405413854768408	-1.024253444978051
186800000	-1.7271411008970452	-1.5476706444182167	-1.1123532231094624	0.0	0.0	1.0	-0.0	-0.0	-1.1123532231094624
186850000	0.1637494019882089	0.3263817467485395	-1.1348842524840475	0.0	1.0	1.0	0.0	0.3263817467485395	-1.1348842524840475
186900000	2.0561323991387352	0.37812425055483984	-1.3042802870540695	0.0	1.0	1.0	0.0	0.37812425055483984	-1.3042802870540695
186950000	-1.2575346089331247	0.5136351955059425	-0.9428802152352748	0.0	1.0	1.0	-0.0	0.5136351955059425	-0.9428802152352748
187000000	0.9668690275198315	0.42439552166334743	-1.1345766846622598	0.0	1.0	1.0	0.0	0.42439552166334743	-1.1345766846622598
187050000	-0.29601604654646796	0.4813104958764269	-0.9711932617553691	0.0	1.0	1.0	-0.0	0.4813104958764269	-0.9711932617553691
187100000	3.4912805081590292	0.44303407934587014	-0.9396498633204693	0.0	1.0	1.0	0.0	0.44303407934587014	-0.9396498633204693
187150000	0.059103234770194725	0.38720503371318876	-1.0176643272985915	1.0	1.0	1.0	0.059103234770194725	0.38720503371318876	-1.0176643272985915
187200000	6.400389720645294	0.45333096278108403	-1.0730840659907075	0.0	1.0	1.0	0.0	0.45333096278108403	-1.0730840659907075
187250000	2.9797152163758214	0.2864117071742745	-0.9043769181518758	0.0	1.0	1.0	0.0	0.2864117071742745	-0.9043769181518758
187300000	-1.5124556226081225	0.41807303851865757	-1.0664585989766393	0.0	1.0	1.0	-0.0	0.41807303851865757	-1.0664585989766393
187350000	4.30208479651473	0.43146340420704166	-0.9581571346401997	0.0	1.0	1.0	0.0	0.43146340420704166	-0.9581571346401997
187400000	1.3786000816232589	0.46999706820681103	-1.0351309648163656	0.0	1.0	1.0	0.0	0.46999706820681103	-1.0351309648163656
187450000	1.008329831767444	0.4853156603222572	-1.1110726524484822	0.0	1.0	1.0	0.0	0.4853156603222572	-1.1110726524484822
187500000	-3.550753407939488	0.24095786708679834	-1.082652108864282	0.0	1.0	1.0	-0.0	0.24095786708679834	-1.082652108864282
187550000	0.056814730986607234	0.4433668382300198	-1.1942367119039956	0.0	1.0	1.0	0.0	0.4433668382300198	-1.1942367119039956
187600000	1.340236322760796	-1.9002986525117038	-0.9600203469562486	0.0	0.0	1.0	0.0	-0.0	-0.9600203469562486
187650000	0.8016943185650616	0.31413121259559584	-1.1089504908618344	0.0	1.0	1.0	0.0	0.31413121259559584	-1.1089504908618344
187700000	0.2957031007972981	0.16037804065685546	-1.068274698619552	0.0	1.0	1.0	0.0	0.16037804065685546	-1.068274698619552
187750000	-2.3677782884742244	-3.731938141372967	-1.21556522214406	0.0	0.0	1.0	-0.0	-0.0	-1.21556522214406
187800000	-0.4861258699502551	0.26355813237586395	-1.196576423051604	0.0	1.0	1.0	-0.0	0.26355813237586395	-1.196576423051604
187850000	3.345911409243237	3.5085275284501654	-1.3279362070539733	0.0	0.0	1.0	0.0	0.0	-1.3279362070539733
187900000	-0.005623842891594613	-1.0056926992721857	-1.2108449073407246	0.0	0.0	1.0	-0.0	-0.0	-1.2108449073407246
187950000	-1.044562697265821	-1.8649031015781496	-1.367804802729704	0.0	0.0	1.0	-0.0	-0.0	-1.367804802729704
188000000	-4.049382192296779	0.5298215824217632	-0.9423297960798116	0.0	1.0	1.0	-0.0	0.5298215824217632	-0.9423297960798116
188050000	-2.6440537762888465	0.49173181241624037	-1.1449396397661558	0.0	1.0	1.0	-0.0	0.49173181241624037	-1.1449396397661558
188100000	-0.8270077583358602	-0.4721012953162189	-1.3102548863226933	0.0	0.0	1.0	-0.0	-0.0	-1.3102548863226933
188150000	-5.160470366836909	0.45205396386093927	-1.0536803131530847	0.0	1.0	1.0	-0.0	0.45205396386093927	-1.0536803131530847
188200000	-2.6566985424270975	-0.6850423613121353	-1.2923532185260551	0.0	0.0	1.0	-0.0	-0.0	-1.2923532185260551
188250000	-3.756072737976748	1.5993672890463615	-0.9859434051473734	0.0	0.0	1.0	-0.0	0.0	-0.9859434051473734
188300000	-2.5184002616270407	0.5117651497763909	-1.013200989515168	0.0	1.0	1.0	-0.0	0.5117651497763909	-1.013200989515168
188350000	-0.16551633311784242	0.4844058695080893	-0.9731835492275549	0.0	1.0	1.0	-0.0	0.4844058695080893	-0.9731835492275549
188400000	0.23714177630103883	0.3008511198779939	-1.0783333912507933	0.0	1.0	1.0	0.0	0.3008511198779939	-1.0783333912507933
188450000	0.6846742233955834	0.5713385391396607	-0.9805561452129503	0.0	1.0	1.0	0.0	0.5713385391396607	-0.9805561452129503
188500000	-0.026605128156839034	0.44595585850533925	-1.0933881761848652	1.0	1.0	1.0	-0.026605128156839034	0.44595585850533925	-1.0933881761848652
188550000	-0.6326584424531059	0.5544171378927891	-1.2769659153427517	0.0	0.0	1.0	-0.0	0.0	-1.2769659153427517
188600000	3.604002815494383	0.3219683885873199	-1.0578220787828352	0.0	1.0	1.0	0.0	0.3219683885873199	-1.0578220787828352
188650000	3.5087460740094967	0.32749701809836845	-1.0961081322497832	0.0	1.0	1.0	0.0	0.32749701809836845	-1.0961081322497832
188700000	3.8383792718852043	0.31792862013215994	-1.0015455775305777	0.0	1.0	1.0	0.0	0.31792862013215994	-1.0015455775305777
188750000	1.2580840870594745	0.5213917392456106	-0.9912109957745361	0.0	1.0	1.0	0.0	0.5213917392456106	-0.9912109957745361
188800000	5.6084045286588875	0.3439491011782684	-0.9565604634427867	0.0	1.0	1.0	0.0	0.3439491011782684	-0.9565604634427867
188850000	-1.10929364438242	0.4194891049038863	-1.0181321020272738	0.0	1.0	1.0	-0.0	0.4194891049038863	-1.0181321020272738
188900000	2.868334417005179	0.2831842160767486	-0.9143531416608084	0.0	1.0	1.0	0.0	0.2831842160767486	-0.9143531416608084
188950000	0.9159787890687523	0.5054277066016221	-1.118574387587672	0.0	1.0	1.0	0.0	0.5054277066016221	-1.118574387587672
189000000	-0.6552849859999885	0.08949369494009568	-1.1483324110805349	0.0	1.0	1.0	-0.0	0.08949369494009568	-1.1483324110805349
189050000	3.3240794713673623	0.4942630636564828	-1.011836580198238	0.0	1.0	1.0	0.0	0.4942630636564828	-1.011836580198238
189100000	-2.9138088964416746	0.10588575875525486	-1.0903180697362094	0.0	1.0	1.0	-0.0	0.10588575875525486	-1.0903180697362094
189150000	-0.39215107599953436	0.3572960191890495	-1.2016427094336488	0.0	1.0	1.0	-0.0	0.3572960191890495	-1.2016427094336488
189200000	-0.07806093771864417	1.498313130185514	-1.0398989674924572	1.0	0.0	1.0	-0.07806093771864417	0.0	-1.0398989674924572
189250000	-1.9513467459373117	0.3895840433264496	-1.1348875417307858	0.0	1.0	1.0	-0.0	0.3895840433264496	-1.1348875417307858
189300000	0.7945401273564084	0.31749613981110575	-0.973590657800033	0.0	1.0	1.0	0.0	0.31749613981110575	-0.973590657800033
189350000	1.5463622047379966	0.45208943834519333	-1.0259529017084612	0.0	1.0	1.0	0.0	0.45208943834519333	-1.0259529017084612
189400000	1.8779874003031696	0.3819922791581992	-0.9629835173589161	0.0	1.0	1.0	0.0	0.3819922791581992	-0.9629835173589161
189450000	0.289779868165321	0.3457615563814648	-0.9329133660116293	0.0	1.0	1.0	0.0	0.3457615563814648	-0.9329133660116293
189500000	-0.7629608681216437	0.2874753434603206	-1.1320553382814205	0.0	1.0	1.0	-0.0	0.2874753434603206	-1.1320553382814205
189550000	-1.2043756970935702	0.2310153850926532	-0.9810927579830581	0.0	1.0	1.0	-0.0	0.2310153850926532	-0.9810927579830581
189600000	-1.74000320120127	1.4619123593783672	-1.1942390740591475	0.0	0.0	1.0	-0.0	0.0	-1.1942390740591475
189650000	1.464374213764344	0.2761089540700399	-1.0818445602016487	0.0	1.0	1.0	0.0	0.2761089540700399	-1.0818445602016487
189700000	1.850753085209007	0.4198489380598921	-1.0533750127869648	0.0	1.0	1.0	0.0	0.4198489380598921	-1.0533750127869648
189750000	-0.8197095629847683	0.363422996188552	-1.0603189675042035	0.0	1.0	1.0	-0.0	0.363422996188552	-1.0603189675042035
189800000	0.019609914785268703	0.3382840518414565	-1.1222480431491124	1.0	1.0	1.0	0.019609914785268703	0.3382840518414565	-1.1222480431491124
189850000	0.2900340044408566	0.4617409500536504	-1.117619222257623	1.0	1.0	1.0	0.2900340044408566	0.4617409500536504	-1.117619222257623
189900000	-1.158465646084284	0.27666795576545916	-1.043317891286722	0.0	1.0	1.0	-0.0	0.27666795576545916	-1.043317891286722
189950000	4.488848660098869	0.36463578290162985	-1.1402352117027093	0.0	1.0	1.0	0.0	0.36463578290162985	-1.1402352117027093
190000000	0.5361353141412826	2.364516425090435	-1.1396461915849927	0.0	0.0	1.0	0.0	0.0	-1.1396461915849927
190050000	-0.02733217888005264	0.40037376745204817	-1.090791334498847	1.0	1.0	1.0	-0.02733217888005264	0.40037376745204817	-1.090791334498847
190100000	-0.6008906157486293	0.36275288343816775	-1.1444748233323137	0.0	1.0	1.0	-0.0	0.36275288343816775	-1.1444748233323137
190150000	0.016561500487985548	0.3312122431558291	-1.0549488427527751	0.0	1.0	1.0	0.0	0.3312122431558291	-1.0549488427527751
190200000	-0.7124882593350257	0.49569981719743667	-1.1765855694832472	0.0	1.0	1.0	-0.0	0.49569981719743667	-1.1765855694832472
190250000	-1.2751906769404693	0.27668119607750685	-1.0460786287081296	0.0	1.0	1.0	-0.0	0.27668119607750685	-1.0460786287081296
190300000	-0.03416675002212388	0.4796559830954596	-0.9060572938155305	0.0	1.0	1.0	-0.0	0.4796559830954596	-0.9060572938155305
190350000	-0.7651111520968108	0.41540422432004914	-0.906236358710707	0.0	1.0	1.0	-0.0	0.41540422432004914	-0.906236358710707
190400000	-1.2111368393292992	0.29354770027260335	-1.1406116294019053	0.0	1.0	1.0	-0.0	0.29354770027260335	-1.1406116294019053
190450000	-1.4749759168572818	0.32174301500734614	-1.0803426645308907	0.0	1.0	1.0	-0.0	0.32174301500734614	-1.0803426645308907
190500000	-4.165255249247889	0.1978868337065469	-1.2192064922418844	0.0	1.0	1.0	-0.0	0.1978868337065469	-1.2192064922418844
190550000	1.9701975274363666	-3.637629278370152	-1.257303786809375	0.0	0.0	1.0	0.0	-0.0	-1.257303786809375
190600000	-2.6527929333102653	0.28054701586112146	-1.1113515947364796	0.0	1.0	1.0	-0.0	0.28054701586112146	-1.1113515947364796
190650000	-1.8776968357825978	1.2452942817445396	-1.2952613530477475	0.0	0.0	1.0	-0.0	0.0	-1.2952613530477475
190700000	0.30630742847521203	0.2428820865449295	-1.0674267140496305	0.0	1.0	1.0	0.0	0.2428820865449295	-1.0674267140496305
190750000	-1.2132335847079427	0.22208557543737184	-1.1734694984835219	0.0	1.0	1.0	-0.0	0.22208557543737184	-1.1734694984835219
190800000	-0.7667449984151182	0.3749152848786319	-1.147608868708633	0.0	1.0	1.0	-0.0	0.3749152848786319	-1.147608868708633
190850000	-2.4541177880181864	0.48612882048286815	-0.9421840977482182	0.0	1.0	1.0	-0.0	0.48612882048286815	-0.9421840977482182
190900000	-2.8200048527119366	0.417347746696805	-0.9618822212478405	0.0	1.0	1.0	-0.0	0.417347746696805	-0.9618822212478405
190950000	0.31562637488214845	0.48670009287079735	-1.1240430640876367	0.0	1.0	1.0	0.0	0.48670009287079735	-1.1240430640876367
191000000	-3.338069600576585	0.321203073352929	-1.0685195068913036	0.0	1.0	1.0	-0.0	0.321203073352929	-1.0685195068913036
191050000	1.6936893274611922	0.3741820963833289	-1.03711832394914	0.0	1.0	1.0	0.0	0.3741820963833289	-1.03711832394914
191100000	-1.6169097697612782	0.41970104948410625	-1.1444902234975876	0.0	1.0	1.0	-0.0	0.41970104948410625	-1.1444902234975876
191150000	2.038955694436512	0.4549588451481274	-1.052053553140975	0.0	1.0	1.0	0.0	0.4549588451481274	-1.052053553140975
191200000	0.24218931697556856	0.3890234616971858	-0.9317194892568649	0.0	1.0	1.0	0.0	0.3890234616971858	-0.9317194892568649
191250000	0.6387529035168396	0.3701198097304621	-1.1444973950370916	0.0	1.0	1.0	0.0	0.3701198097304621	-1.1444973950370916
191300000	3.738573521821157	0.44998319928653124	-1.1894319687500416	0.0	1.0	1.0	0.0	0.44998319928653124	-1.1894319687500416
191350000	-0.180205159905544	0.4278575305725189	-1.0165173592587584	0.0	1.0	1.0	-0.0	0.4278575305725189	-1.0165173592587584
191400000	-0.15888561979155025	0.45535649576512505	-1.0115522508888093	0.0	1.0	1.0	-0.0	0.45535649576512505	-1.0115522508888093
191450000	2.375157326947265	0.3555753233361129	-1.004931661637138	0.0	1.0	1.0	0.0	0.3555753233361129	-1.004931661637138
191500000	-2.093749339409832	0.35280019249966643	-1.0655987182875009	0.0	1.0	1.0	-0.0	0.35280019249966643	-1.0655987182875009
191550000	-0.06361043305266798	0.2993324828714699	-1.1645291896440844	0.0	1.0	1.0	-0.0	0.2993324828714699	-1.1645291896440844
191600000	4.231928644931513	0.3474555040366114	-0.8877093102586088	0.0	1.0	1.0	0.0	0.3474555040366114	-0.8877093102586088
191650000	-2.5200772823140016	0.3986373592062929	-1.1034362601036327	0.0	1.0	1.0	-0.0	0.3986373592062929	-1.1034362601036327
191700000	-3.521561892418527	0.44403846841702477	-1.061861426124343	0.0	1.0	1.0	-0.0	0.44403846841702477	-1.061861426124343
191750000	-2.9440143244021413	0.30833797373320604	-1.0526474222270432	0.0	1.0	1.0	-0.0	0.30833797373320604	-1.0526474222270432
191800000	1.698392370423408	0.34223128983857015	-1.218196168177872	0.0	1.0	1.0	0.0	0.34223128983857015	-1.218196168177872
191850000	0.585815420238301	0.2916085271795269	-1.1454009981414974	0.0	1.0	1.0	0.0	0.2916085271795269	-1.1454009981414974
191900000	1.1198485392402397	0.4364217511681987	-1.1871536622527379	0.0	1.0	1.0	0.0	0.4364217511681987	-1.1871536622527379
191950000	0.22445256935572888	0.3709958068786691	-1.186772375081729	0.0	1.0	1.0	0.0	0.3709958068786691	-1.186772375081729
192000000	-1.4667233976421918	0.3693358997236087	-1.1385079831635365	0.0	1.0	1.0	-0.0	0.3693358997236087	-1.1385079831635365
192050000	-1.6536931204657104	0.4347054180665238	-1.031557140590242	0.0	1.0	1.0	-0.0	0.4347054180665238	-1.031557140590242
192100000	-0.03629460700339848	0.164865086784457	-1.2711449540726059	0.0	1.0	1.0	-0.0	0.164865086784457	-1.2711449540726059
192150000	2.442220206940407	0.418377618066895	-1.2065644311157582	0.0	1.0	1.0	0.0	0.418377618066895	-1.2065644311157582
192200000	1.1419240126534496	-1.243651321411556	-1.1927817719800837	0.0	0.0	1.0	0.0	-0.0	-1.1927817719800837
192250000	-0.33835062329915755	0.426566853721383	-0.9903717637020657	0.0	1.0	1.0	-0.0	0.426566853721383	-0.9903717637020657
192300000	-3.114529420369731	0.4950335976457914	-1.0347558955629503	0.0	1.0	1.0	-0.0	0.4950335976457914	-1.0347558955629503
192350000	3.164988149476356	0.3484033885853961	-1.0826610677006545	0.0	1.0	1.0	0.0	0.3484033885853961	-1.0826610677006545
192400000	0.38714029931825555	0.5677216927281549	-1.1358699461113566	0.0	1.0	1.0	0.0	0.5677216927281549	-1.1358699461113566
192450000	-0.03652924191833895	0.3170196280652301	-1.1289548204588815	0.0	1.0	1.0	-0.0	0.3170196280652301	-1.1289548204588815
192500000	-1.2833021059567613	0.4300068630833852	-1.06614875231194	0.0	1.0	1.0	-0.0	0.4300068630833852	-1.06614875231194
192550000	-0.9634815106498963	0.2767099885268726	-1.1329885431488242	0.0	1.0	1.0	-0.0	0.2767099885268726	-1.1329885431488242
192600000	2.864244805283925	0.5056295023669666	-0.8598090026398406	0.0	1.0	1.0	0.0	0.5056295023669666	-0.8598090026398406
192650000	3.1851932115159034	0.49088623185966773	-1.141878891638745	0.0	1.0	1.0	0.0	0.49088623185966773	-1.141878891638745
192700000	0.08740655873940684	0.43996261330559017	-1.0538950371085472	0.0	1.0	1.0	0.0	0.43996261330559017	-1.0538950371085472
192750000	1.2850441993014503	-3.061284396354694	-1.2300493706440083	0.0	0.0	1.0	0.0	-0.0	-1.2300493706440083
192800000	1.7604734386594616	0.46327705328763424	-0.9858271268207363	0.0	1.0	1.0	0.0	0.46327705328763424	-0.9858271268207363
192850000	0.1165205195882052	0.3849738492042463	-1.1066714711129981	1.0	1.0	1.0	0.1165205195882052	0.3849738492042463	-1.1066714711129981
192900000	0.061962363019015386	0.42437593369332527	-0.9660998869172644	0.0	1.0	1.0	0.0	0.42437593369332527	-0.9660998869172644
192950000	-1.0913102811118205	0.339875569015717	-1.1855748706385933	0.0	1.0	1.0	-0.0	0.339875569015717	-1.1855748706385933
193000000	1.3624647153710656	0.22464176295196517	-1.1638244553551722	0.0	1.0	1.0	0.0	0.22464176295196517	-1.1638244553551722
193050000	-0.2551292843095434	0.2412576183764042	-1.010145556327368	0.0	1.0	1.0	-0.0	0.2412576183764042	-1.010145556327368
193100000	-4.615071897572861	0.33625967263222134	-0.9617768688801897	0.0	1.0	1.0	-0.0	0.33625967263222134	-0.9617768688801897
193150000	0.21196471985130438	0.38547644858815716	-1.0784115320370224	0.0	1.0	1.0	0.0	0.38547644858815716	-1.0784115320370224
193200000	1.3120051276013527	0.5193193387783362	-1.1227614672450748	0.0	1.0	1.0	0.0	0.5193193387783362	-1.1227614672450748
193250000	-0.8199151889219969	0.4944883084811456	-1.0269341380046084	0.0	1.0	1.0	-0.0	0.4944883084811456	-1.0269341380046084
193300000	-1.0298634700554636	-3.1939279382962806	-1.2534186359311654	0.0	0.0	1.0	-0.0	-0.0	-1.2534186359311654
193350000	2.831929361333118	0.4086412869062178	-1.0663444658466086	0.0	1.0	1.0	0.0	0.4086412869062178	-1.0663444658466086
193400000	0.09378518261131036	0.2948906650832344	-0.9708550947057237	1.0	1.0	1.0	0.09378518261131036	0.2948906650832344	-0.9708550947057237
193450000	-2.9884312509072064	0.1921577289653661	-1.1774003787462481	0.0	1.0	1.0	-0.0	0.1921577289653661	-1.1774003787462481
193500000	-1.7310819928375294	0.3244156063359434	-1.0134241531755346	0.0	1.0	1.0	-0.0	0.3244156063359434	-1.0134241531755346
193550000	-3.2722229070197226	0.37801439291943434	-0.9836618475719199	0.0	1.0	1.0	-0.0	0.37801439291943434	-0.9836618475719199
193600000	0.17881556649597466	0.3881886221730624	-1.0520924198046093	0.0	1.0	1.0	0.0	0.3881886221730624	-1.0520924198046093
193650000	1.2547619655981597	0.308251362572428	-1.140498674574562	0.0	1.0	1.0	0.0	0.308251362572428	-1.140498674574562
193700000	-0.04628262320324039	0.5599384817321954	-1.1411891276748602	0.0	1.0	1.0	-0.0	0.5599384817321954	-1.1411891276748602
193750000	0.02483298410552518	0.45120530824824007	-1.1889317161668054	0.0	1.0	1.0	0.0	0.45120530824824007	-1.1889317161668054
193800000	1.3462140634542885	0.39692039950108227	-1.1437155450304728	0.0	1.0	1.0	0.0	0.39692039950108227	-1.1437155450304728
193850000	-3.657813898279567	0.1815142351363996	-1.152119128535588	0.0	1.0	1.0	-0.0	0.1815142351363996	-1.152119128535588
193900000	-0.9620155352342751	0.33697008481272656	-1.144112952418498	0.0	1.0	1.0	-0.0	0.33697008481272656	-1.144112952418498
193950000	0.6420744741493007	0.30593125606491534	-0.9319837244765803	0.0	1.0	1.0	0.0	0.30593125606491534	-0.9319837244765803
194000000	3.7520646175540877	0.35294470959923785	-1.0752549087855123	0.0	0.0	1.0	0.0	0.0	-1.0752549087855123
194050000	-1.2836480593880895	0.2426200968747208	-1.1567238378300293	0.0	1.0	1.0	-0.0	0.2426200968747208	-1.1567238378300293
194100000	-0.9014145166144796	0.4272787385716406	-1.103376115694324	0.0	1.0	1.0	-0.0	0.4272787385716406	-1.103376115694324
194150000	1.4666247934035714	0.3919556910547868	-1.105968620849939	0.0	1.0	1.0	0.0	0.3919556910547868	-1.105968620849939
194200000	0.984896474453037	0.5276727223027348	-1.0014235156452131	0.0	1.0	1.0	0.0	0.5276727223027348	-1.0014235156452131
194250000	4.316676604970063	0.3710154539973826	-1.167641604296014	0.0	1.0	1.0	0.0	0.3710154539973826	-1.167641604296014
194300000	-0.311829704440291	-1.2193107684114073	-1.1499180062390097	0.0	0.0	1.0	-0.0	-0.0	-1.1499180062390097
194350000	0.8618449253453992	0.34983258366139414	-1.121572941636584	0.0	1.0	1.0	0.0	0.34983258366139414	-1.121572941636584
194400000	-1.363087104679988	-0.8849865509143573	-1.090542525944562	0.0	0.0	1.0	-0.0	-0.0	-1.090542525944562
194450000	-1.4161838206493036	0.3094142133524955	-1.0919184812961067	0.0	1.0	1.0	-0.0	0.3094142133524955	-1.0919184812961067
194500000	-0.33627663187337925	0.29485319624047557	-1.0827820168508178	0.0	1.0	1.0	-0.0	0.29485319624047557	-1.0827820168508178
194550000	-1.419368047462983	0.4266360078463546	-0.9812067110986683	0.0	1.0	1.0	-0.0	0.4266360078463546	-0.9812067110986683
194600000	0.17175763747704362	0.4338976137648101	-1.1980953322475851	0.0	1.0	1.0	0.0	0.4338976137648101	-1.1980953322475851
194650000	1.1438766080393836	0.5846687043292824	-0.9235060455506334	0.0	1.0	1.0	0.0	0.5846687043292824	-0.9235060455506334
194700000	-0.6025224548493415	0.4394537337662816	-0.9755701267022665	0.0	1.0	1.0	-0.0	0.4394537337662816	-0.9755701267022665
194750000	-3.4417627176645698	0.4743649745235629	-0.9669168144429703	0.0	1.0	1.0	-0.0	0.4743649745235629	-0.9669168144429703
194800000	0.6512729575690557	0.32353105892127204	-1.1352712203510376	0.0	1.0	1.0	0.0	0.32353105892127204	-1.1352712203510376
194850000	0.5331876740587551	0.591942499059709	-1.1325186454779614	0.0	1.0	1.0	0.0	0.591942499059709	-1.1325186454779614
194900000	-4.086318253864782	0.3821171835033694	-1.0330054426262334	0.0	1.0	1.0	-0.0	0.3821171835033694	-1.0330054426262334
194950000	-1.107139005996747	0.36492443133129704	-1.0015752757964567	0.0	1.0	1.0	-0.0	0.36492443133129704	-1.0015752757964567
195000000	-1.6445942335888883	0.3129382189131391	-1.016668072569934	0.0	1.0	1.0	-0.0	0.3129382189131391	-1.016668072569934
195050000	-1.089286674241159	0.47734324303006753	-1.0917086362527466	0.0	0.0	1.0	-0.0	0.0	-1.0917086362527466
195100000	-4.48745903886219	0.31684268670707083	-1.1246264718818657	0.0	1.0	1.0	-0.0	0.31684268670707083	-1.1246264718818657
195150000	0.07399961644697887	0.5959069478858868	-1.051409952178657	0.0	1.0	1.0	0.0	0.5959069478858868	-1.051409952178657
195200000	-2.287548720619355	0.734748402194829	-1.1994695346773183	0.0	0.0	1.0	-0.0	0.0	-1.1994695346773183
195250000	0.404422556486996	0.40048629480313286	-1.0953244271489393	0.0	1.0	1.0	0.0	0.40048629480313286	-1.0953244271489393
195300000	-0.7895326076968089	-1.3915602714026203	-1.2481401732748676	0.0	0.0	1.0	-0.0	-0.0	-1.2481401732748676
195350000	0.3717409813538666	0.4329067584265418	-0.9682836133621787	0.0	1.0	1.0	0.0	0.4329067584265418	-0.9682836133621787
195400000	2.7172496751597772	0.3793009309443457	-1.2327124809318852	0.0	1.0	1.0	0.0	0.3793009309443457	-1.2327124809318852
195450000	0.5251836817099547	0.33381980136607914	-1.0254414896960498	0.0	1.0	1.0	0.0	0.33381980136607914	-1.0254414896960498
195500000	-2.305731375391264	0.37371752567352406	-1.0276673125508464	0.0	1.0	1.0	-0.0	0.37371752567352406	-1.0276673125508464
195550000	-1.6480311804278105	0.30765835327754887	-1.033418608148732	0.0	1.0	1.0	-0.0	0.30765835327754887	-1.033418608148732
195600000	1.5988120216777495	0.4744622954422586	-1.084072150461045	0.0	1.0	1.0	0.0	0.4744622954422586	-1.084072150461045
195650000	-0.550302801724547	0.4244900843589364	-1.0985582431363652	0.0	1.0	1.0	-0.0	0.4244900843589364	-1.0985582431363652
195700000	-2.5352638311614255	-2.786191968339036	-1.0779023909660728	0.0	0.0	1.0	-0.0	-0.0	-1.0779023909660728
195750000	-1.5474609064726703	-0.6223644302335116	-1.1227094847456596	0.0	0.0	1.0	-0.0	-0.0	-1.1227094847456596
195800000	-2.248548216093412	0.47730972419687195	-1.0033066095447214	0.0	1.0	1.0	-0.0	0.47730972419687195	-1.0033066095447214
195850000	-1.9300901364828946	0.4993230881754279	-0.8959328413288897	0.0	1.0	1.0	-0.0	0.4993230881754279	-0.8959328413288897
195900000	3.3771381036524093	0.3330525241090063	-1.0759237908976331	0.0	1.0	1.0	0.0	0.3330525241090063	-1.0759237908976331
195950000	1.3601911968821798	0.3292509327228761	-1.0699851045567113	0.0	1.0	1.0	0.0	0.3292509327228761	-1.0699851045567113
196000000	0.44179588346266563	-1.0045361867107812	-1.1538793884974714	0.0	0.0	1.0	0.0	-0.0	-1.1538793884974714
196050000	-2.5520724850098517	0.388114898448113	-1.1906031096607044	0.0	1.0	1.0	-0.0	0.388114898448113	-1.1906031096607044
196100000	0.881719523274053	0.4298100019228166	-1.1984113333243889	0.0	1.0	1.0	0.0	0.4298100019228166	-1.1984113333243889
196150000	-1.5742863183234994	0.328777329685947	-1.1127554830774846	0.0	1.0	1.0	-0.0	0.328777329685947	-1.1127554830774846
196200000	0.24512489814343533	0.4943583247073493	-1.247933748616909	0.0	1.0	1.0	0.0	0.4943583247073493	-1.247933748616909
196250000	-2.5190182312700817	0.5329231357049071	-0.9935526124093206	0.0	1.0	1.0	-0.0	0.5329231357049071	-0.9935526124093206
196300000	1.985726627147153	0.2628313244391003	-1.170649305540388	0.0	1.0	1.0	0.0	0.2628313244391003	-1.170649305540388
196350000	0.35882829631800695	0.2369496591289925	-1.0226748542363078	0.0	1.0	1.0	0.0	0.2369496591289925	-1.0226748542363078
196400000	-0.04338607404026681	0.2982083492225708	-1.066995625506038	1.0	1.0	1.0	-0.04338607404026681	0.2982083492225708	-1.066995625506038
196450000	0.6426576593733729	0.3514299545787586	-1.067005039996459	0.0	1.0	1.0	0.0	0.3514299545787586	-1.067005039996459
196500000	-3.335618168472886	0.33413383431267496	-1.0364334853149597	0.0	1.0	1.0	-0.0	0.33413383431267496	-1.0364334853149597
196550000	2.0488210119656762	0.41289114063747545	-1.076357787834507	0.0	1.0	1.0	0.0	0.41289114063747545	-1.076357787834507
196600000	1.5176885393471002	0.09005776169229056	-1.1102272043310915	0.0	1.0	1.0	0.0	0.09005776169229056	-1.1102272043310915
196650000	3.0152286999002755	0.34792922319159847	-1.044727987681261	0.0	1.0	1.0	0.0	0.34792922319159847	-1.044727987681261
196700000	1.071659719624279	0.49359875839488665	-0.9940595852754898	0.0	1.0	1.0	0.0	0.49359875839488665	-0.9940595852754898
196750000	0.8455123199706363	0.4803142051201143	-1.0013040592252787	0.0	1.0	1.0	0.0	0.4803142051201143	-1.0013040592252787
196800000	1.967539951929078	0.5007266319733192	-1.1281923523537523	0.0	1.0	1.0	0.0	0.5007266319733192	-1.1281923523537523
196850000	-0.510674832763574	0.25923523416310024	-1.1501211741611956	0.0	1.0	1.0	-0.0	0.25923523416310024	-1.1501211741611956
196900000	4.685050553972317	0.42731192826847697	-1.0112738399690444	0.0	1.0	1.0	0.0	0.42731192826847697	-1.0112738399690444
196950000	-0.7697744365074456	0.46255138008122626	-0.9755225367241034	0.0	1.0	1.0	-0.0	0.46255138008122626	-0.9755225367241034
197000000	2.972035933242689	0.3894705317896525	-1.280663664390337	0.0	1.0	1.0	0.0	0.3894705317896525	-1.280663664390337
197050000	0.3560623567686676	0.3251832984252567	-1.215317283890629	0.0	1.0	1.0	0.0	0.3251832984252567	-1.215317283890629
197100000	0.8838477358593682	0.5280328187444446	-1.135238038800009	0.0	1.0	1.0	0.0	0.5280328187444446	-1.135238038800009
197150000	4.083051589640667	0.50538408080916	-1.1497141826400346	0.0	1.0	1.0	0.0	0.50538408080916	-1.1497141826400346
197200000	1.477000315490648	0.3441492010289383	-1.2430677268632175	0.0	1.0	1.0	0.0	0.3441492010289383	-1.2430677268632175
197250000	-4.293067709394197	2.409292353641072	-1.2399069546186101	0.0	0.0	1.0	-0.0	0.0	-1.2399069546186101
197300000	0.6313169630248684	0.46978989506232227	-1.1074356023610248	0.0	1.0	1.0	0.0	0.46978989506232227	-1.1074356023610248
197350000	2.5689021176937703	0.4322909466399133	-1.0659345551388302	0.0	1.0	1.0	0.0	0.4322909466399133	-1.0659345551388302
197400000	2.935867117341144	0.327230156868571	-1.0439801925645926	0.0	1.0	1.0	0.0	0.327230156868571	-1.0439801925645926
197450000	3.408964465994225	0.3771683511375652	-1.1645918681138225	0.0	1.0	1.0	0.0	0.3771683511375652	-1.1645918681138225
197500000	0.34499706629595145	0.2526418360669225	-1.1560552375499826	0.0	1.0	1.0	0.0	0.2526418360669225	-1.1560552375499826
197550000	-1.1811095192701193	0.4824004792065867	-1.1098231183270082	0.0	1.0	1.0	-0.0	0.4824004792065867	-1.1098231183270082
197600000	0.46812104866189946	0.2809421937867436	-1.1727470977175463	0.0	1.0	1.0	0.0	0.2809421937867436	-1.1727470977175463
197650000	-3.9192404731018997	0.5210064349249548	-0.8358061548458654	0.0	1.0	1.0	-0.0	0.5210064349249548	-0.8358061548458654
197700000	-4.152050449792395	0.4274168196460241	-1.1203258706409691	0.0	1.0	1.0	-0.0	0.4274168196460241	-1.1203258706409691
197750000	1.7005222504991384	0.3377063438266679	-1.0681949348369062	0.0	1.0	1.0	0.0	0.3377063438266679	-1.0681949348369062
197800000	-1.656788985285825	0.31638167618708063	-1.061064113434917	0.0	1.0	1.0	-0.0	0.31638167618708063	-1.061064113434917
197850000	1.2894493596365977	0.47285055110532015	-1.1708236207091518	0.0	1.0	1.0	0.0	0.47285055110532015	-1.1708236207091518
197900000	-0.5443569309640284	0.4391527986251045	-1.0550273114562847	0.0	1.0	1.0	-0.0	0.4391527986251045	-1.0550273114562847
197950000	1.8324233846616522	0.34913191327720805	-1.1805406275601684	0.0	1.0	1.0	0.0	0.34913191327720805	-1.1805406275601684
198000000	-2.9508460221315853	0.32073864011760733	-1.1334649655925113	0.0	0.0	1.0	-0.0	0.0	-1.1334649655925113
198050000	-0.863179258790546	0.3881687623559392	-1.0406600843496194	0.0	1.0	1.0	-0.0	0.3881687623559392	-1.0406600843496194
198100000	0.26941708527742025	0.30971961539425324	-1.1011782428710715	0.0	1.0	1.0	0.0	0.30971961539425324	-1.1011782428710715
198150000	0.8553699552744194	0.5249717266778607	-1.1357559804552406	0.0	1.0	1.0	0.0	0.5249717266778607	-1.1357559804552406
198200000	-1.0137702399718078	0.45671510453659403	-0.9465587949481893	0.0	1.0	1.0	-0.0	0.45671510453659403	-0.9465587949481893
198250000	-3.1379071659766677	-0.9237845379907103	-1.2343588508019654	0.0	0.0	1.0	-0.0	-0.0	-1.2343588508019654
198300000	1.4393962745434081	0.19490131966699267	-1.084341720439104	0.0	1.0	1.0	0.0	0.19490131966699267	-1.084341720439104
198350000	-4.007704909080708	-2.517964131656294	-1.154270615799188	0.0	0.0	1.0	-0.0	-0.0	-1.154270615799188
198400000	5.489526888953854	0.44131843062176207	-1.3139599976538026	0.0	1.0	1.0	0.0	0.44131843062176207	-1.3139599976538026
198450000	-0.5628635659081106	0.4078577683852659	-1.10770807859864	0.0	1.0	1.0	-0.0	0.4078577683852659	-1.10770807859864
198500000	-0.027289745959937682	0.45629104663705483	-1.1840341623610444	0.0	1.0	1.0	-0.0	0.45629104663705483	-1.1840341623610444
198550000	-1.0329329405287504	0.2976713411855738	-1.0479613877452685	0.0	1.0	1.0	-0.0	0.2976713411855738	-1.0479613877452685
198600000	1.8865629812083002	0.4373305706103545	-1.249860060688301	0.0	1.0	1.0	0.0	0.4373305706103545	-1.249860060688301
198650000	-2.228909396891641	0.35274459338727077	-0.9836652487171759	0.0	1.0	1.0	-0.0	0.35274459338727077	-0.9836652487171759
198700000	-1.1109904129083767	0.3768928380792153	-1.0848690208056284	0.0	1.0	1.0	-0.0	0.3768928380792153	-1.0848690208056284
198750000	-2.8681229521534726	0.29564725430873945	-1.1155986162421558	0.0	1.0	1.0	-0.0	0.29564725430873945	-1.1155986162421558
198800000	-1.306822489342916	0.28576028243943297	-1.2014258164237965	0.0	1.0	1.0	-0.0	0.28576028243943297	-1.2014258164237965
198850000	1.777432779560817	0.35845364662262963	-1.1990178707873793	0.0	1.0	1.0	0.0	0.35845364662262963	-1.1990178707873793
198900000	1.4659824252609581	0.30351846336496136	-1.2197970659437574	0.0	1.0	1.0	0.0	0.30351846336496136	-1.2197970659437574
198950000	3.280493472440347	0.31549442706276737	-1.1283368225267816	0.0	1.0	1.0	0.0	0.31549442706276737	-1.1283368225267816
199000000	-0.985605429852217	0.44519679562006664	-1.0416654026676035	0.0	1.0	1.0	-0.0	0.44519679562006664	-1.0416654026676035
199050000	-0.6097739412273006	0.5525523739770063	-1.0480371749573703	0.0	1.0	1.0	-0.0	0.5525523739770063	-1.0480371749573703
199100000	3.363761549152377	0.21258622458381565	-1.1226010701413596	0.0	1.0	1.0	0.0	0.21258622458381565	-1.1226010701413596
199150000	-0.006447752324500618	0.3059126581498209	-1.0476738366166134	0.0	1.0	1.0	-0.0	0.3059126581498209	-1.0476738366166134
199200000	2.6200321822153945	0.27032311431548467	-1.066301209112067	0.0	1.0	1.0	0.0	0.27032311431548467	-1.066301209112067
199250000	-0.07239037607052243	0.5051302892086496	-1.079953728713036	1.0	1.0	1.0	-0.07239037607052243	0.5051302892086496	-1.079953728713036
199300000	-2.220898530840964	0.22636413245764847	-1.1318249231692432	0.0	1.0	1.0	-0.0	0.22636413245764847	-1.1318249231692432
199350000	1.9156561647529626	0.37637096781372187	-1.0147969257817508	0.0	1.0	1.0	0.0	0.37637096781372187	-1.0147969257817508
199400000	3.4264088019201893	0.6599244921507549	-1.0296224377613434	0.0	1.0	1.0	0.0	0.6599244921507549	-1.0296224377613434
199450000	-0.2638800951067575	0.45361717021186165	-1.1716318958356764	0.0	1.0	1.0	-0.0	0.45361717021186165	-1.1716318958356764
199500000	1.424295391978952	0.19185200237973543	-1.1481194865972193	0.0	1.0	1.0	0.0	0.19185200237973543	-1.1481194865972193
199550000	0.10509529696683421	-0.19381029803052052	-1.0603548558686406	0.0	0.0	1.0	0.0	-0.0	-1.0603548558686406
199600000	-1.2398681316676097	0.38374062595366576	-1.074480898460531	0.0	1.0	1.0	-0.0	0.38374062595366576	-1.074480898460531
199650000	-1.764714346407656	0.4073637044296144	-1.2456808881665784	0.0	1.0	1.0	-0.0	0.4073637044296144	-1.2456808881665784
199700000	-0.48149889475278856	1.0000930042472458	-1.1514072201617842	0.0	0.0	1.0	-0.0	0.0	-1.1514072201617842
199750000	2.9162342144843034	0.4076063952243723	-1.100227613335288	0.0	1.0	1.0	0.0	0.4076063952243723	-1.100227613335288
199800000	-1.2031810438341353	0.494121486895318	-1.0979151620135452	0.0	1.0	1.0	-0.0	0.494121486895318	-1.0979151620135452
199850000	0.11081074708721506	-4.380825198273812	-1.1931064525159785	0.0	0.0	1.0	0.0	-0.0	-1.1931064525159785
199900000	-1.4886261736501225	3.9433603555390575	-1.3187385024837424	0.0	0.0	1.0	-0.0	0.0	-1.3187385024837424
199950000	1.4557246066419494	0.3553375814373677	-1.193025047229517	0.0	1.0	1.0	0.0	0.3553375814373677	-1.193025047229517
200000000	0.6624795194305407	0.2761863467321927	-1.1038937683209247	0.0	1.0	1.0	0.0	0.2761863467321927	-1.1038937683209247
200050000	-2.2488035279961642	0.3956443182382145	-0.9047342673572603	0.0	1.0	1.0	-0.0	0.3956443182382145	-0.9047342673572603
200100000	-2.666576051187657	0.35998918327721435	-0.943931665740853	0.0	1.0	1.0	-0.0	0.35998918327721435	-0.943931665740853
200150000	0.1741187208162529	0.42665645084460624	-1.0973536127714274	0.0	1.0	1.0	0.0	0.42665645084460624	-1.0973536127714274
200200000	0.34073480226275976	0.3906966925061453	-0.9805967917281937	0.0	1.0	1.0	0.0	0.3906966925061453	-0.9805967917281937
200250000	0.704100340382777	0.3647420982340447	-1.0796807295349273	0.0	1.0	1.0	0.0	0.3647420982340447	-1.0796807295349273
200300000	0.5148163315055614	0.30113175929784747	-1.1162686048204082	0.0	1.0	1.0	0.0	0.30113175929784747	-1.1162686048204082
200350000	2.5511088386534273	0.44162564704760005	-1.0346928809693243	0.0	1.0	1.0	0.0	0.44162564704760005	-1.0346928809693243
200400000	0.1034409450430509	-1.4762771019356544	-1.0697946951788353	0.0	0.0	1.0	0.0	-0.0	-1.0697946951788353
200450000	0.462573095050795	0.27561522610196726	-1.028315693542085	0.0	1.0	1.0	0.0	0.27561522610196726	-1.028315693542085
200500000	-1.8117593415918334	0.32190616622724955	-1.0793131713619697	0.0	1.0	1.0	-0.0	0.32190616622724955	-1.0793131713619697
200550000	0.1103005716053157	0.33257688234879457	-1.1191610738750934	0.0	1.0	1.0	0.0	0.33257688234879457	-1.1191610738750934
200600000	-1.6243848902955094	-1.9165756746612101	-1.2028438851795973	0.0	0.0	1.0	-0.0	-0.0	-1.2028438851795973
200650000	2.5184075181783587	0.5396639143715062	-0.9406550415352408	0.0	1.0	1.0	0.0	0.5396639143715062	-0.9406550415352408
200700000	2.028456911830724	0.26888608050449225	-1.0530871031777034	0.0	1.0	1.0	0.0	0.26888608050449225	-1.0530871031777034
200750000	-2.1638307338134757	0.27623755703388214	-1.216258258576903	0.0	1.0	1.0	-0.0	0.27623755703388214	-1.216258258576903
200800000	0.7623897715426136	0.21726375897235906	-1.0937832857877348	0.0	1.0	1.0	0.0	0.21726375897235906	-1.0937832857877348
200850000	0.8377000158908088	0.35469674198466883	-1.0765199888874493	0.0	1.0	1.0	0.0	0.35469674198466883	-1.0765199888874493
200900000	3.0058986531405134	0.35543434444874505	-1.0871135950307163	0.0	1.0	1.0	0.0	0.35543434444874505	-1.0871135950307163
200950000	1.308134769423372	0.29189602414063937	-1.1166880963928272	0.0	1.0	1.0	0.0	0.29189602414063937	-1.1166880963928272
201000000	0.9195188427694283	0.35870646292948405	-1.2144227719717817	0.0	1.0	1.0	0.0	0.35870646292948405	-1.2144227719717817
201050000	0.6720704707498515	0.3695272134335876	-1.0777596663454951	0.0	1.0	1.0	0.0	0.3695272134335876	-1.0777596663454951
201100000	-0.5238552918546975	0.27794124756204214	-0.9112576378965471	0.0	1.0	1.0	-0.0	0.27794124756204214	-0.9112576378965471
201150000	-1.9447196884512128	0.23044927552561079	-1.0472122150225303	0.0	1.0	1.0	-0.0	0.23044927552561079	-1.0472122150225303
201200000	-0.4345415641216379	3.6664633391469916	-1.2475988804532805	0.0	0.0	1.0	-0.0	0.0	-1.2475988804532805
201250000	-0.7621373090306961	0.36194516421256256	-0.9460949507134598	0.0	1.0	1.0	-0.0	0.36194516421256256	-0.9460949507134598
201300000	2.276772906668416	0.3475149341071582	-1.2068875034733868	0.0	1.0	1.0	0.0	0.3475149341071582	-1.2068875034733868
201350000	1.200187910562545	0.30893847583500567	-1.144417894608798	0.0	1.0	1.0	0.0	0.30893847583500567	-1.144417894608798
201400000	-2.3752226458597665	0.38695900556172474	-1.057755882157856	0.0	1.0	1.0	-0.0	0.38695900556172474	-1.057755882157856
201450000	-0.6787441512655312	0.34765028555001853	-1.1726008939310613	0.0	1.0	1.0	-0.0	0.34765028555001853	-1.1726008939310613
201500000	0.7535284070081165	0.4777149361915484	-1.1539635037049265	0.0	1.0	1.0	0.0	0.4777149361915484	-1.1539635037049265
201550000	-0.01249207411788671	0.1984821239597503	-1.1370231689173753	0.0	1.0	1.0	-0.0	0.1984821239597503	-1.1370231689173753
201600000	0.10468452924130271	0.44009405069357416	-0.9170767020728396	1.0	1.0	1.0	0.10468452924130271	0.44009405069357416	-0.9170767020728396
201650000	-1.257371689082968	0.38596339321061923	-1.108150481412212	0.0	1.0	1.0	-0.0	0.38596339321061923	-1.108150481412212
201700000	2.52255627502764	0.40257589783844866	-1.0291237135579696	0.0	1.0	1.0	0.0	0.40257589783844866	-1.0291237135579696
201750000	-1.5490872911218982	0.5509182603595424	-1.0586919605138296	0.0	1.0	1.0	-0.0	0.5509182603595424	-1.0586919605138296
201800000	-0.11402208165406025	0.3363169200469328	-1.0383018449473351	0.0	1.0	1.0	-0.0	0.3363169200469328	-1.0383018449473351
201850000	0.8777982716593186	0.37780429360355006	-1.0877585263777136	0.0	1.0	1.0	0.0	0.37780429360355006	-1.0877585263777136
201900000	3.6046392968565226	0.4434890165866091	-1.2374924189559797	0.0	1.0	1.0	0.0	0.4434890165866091	-1.2374924189559797
201950000	-1.0285939288907187	0.261453901250509	-1.1642277269331223	0.0	1.0	1.0	-0.0	0.261453901250509	-1.1642277269331223
202000000	-0.9294452949226346	0.6019313117745896	-1.0899704522867157	0.0	1.0	1.0	-0.0	0.6019313117745896	-1.0899704522867157
202050000	0.124749484009552	0.13577362284364897	-1.2059718595306672	0.0	1.0	1.0	0.0	0.13577362284364897	-1.2059718595306672
202100000	-0.2271427295289217	0.42291707292921193	-0.9350603488764554	0.0	1.0	1.0	-0.0	0.42291707292921193	-0.9350603488764554
202150000	-0.8995370608179669	0.4689161302084683	-1.0880213445813933	0.0	1.0	1.0	-0.0	0.4689161302084683	-1.0880213445813933
202200000	-2.1841442678581577	0.2672861881101907	-1.17220968190263	0.0	1.0	1.0	-0.0	0.2672861881101907	-1.17220968190263
202250000	-1.1358434973428315	0.506621709410811	-1.0942237637629915	0.0	1.0	1.0	-0.0	0.506621709410811	-1.0942237637629915
202300000	0.8100060667234779	0.2959715965246985	-1.0722834590745751	0.0	1.0	1.0	0.0	0.2959715965246985	-1.0722834590745751
202350000	-1.3007352449156782	0.35101442229637925	-1.1809615318864473	0.0	1.0	1.0	-0.0	0.35101442229637925	-1.1809615318864473
202400000	1.4571942936075042	0.26489290205898897	-1.2135171398930307	0.0	1.0	1.0	0.0	0.26489290205898897	-1.2135171398930307
202450000	0.6896180804380472	-2.2017683896788083	-1.2400280880579975	0.0	0.0	1.0	0.0	-0.0	-1.2400280880579975
202500000	-0.2430215769515554	0.4548455754917964	-1.1194542938618763	0.0	1.0	1.0	-0.0	0.4548455754917964	-1.1194542938618763
202550000	1.895316131762632	0.38606823334954943	-1.1181648706202945	0.0	1.0	1.0	0.0	0.38606823334954943	-1.1181648706202945
202600000	1.158356677554825	2.0521161247927244	-1.1788264369400547	0.0	0.0	1.0	0.0	0.0	-1.1788264369400547
202650000	1.3038252329144682	-1.3196335052192871	-1.2804870116644813	0.0	0.0	1.0	0.0	-0.0	-1.2804870116644813
202700000	2.1682977763168765	0.9254211207867717	-1.1541605941122435	0.0	0.0	1.0	0.0	0.0	-1.1541605941122435
202750000	-0.7326286210926367	0.2137090050451451	-1.1973484611863494	0.0	1.0	1.0	-0.0	0.2137090050451451	-1.1973484611863494
202800000	0.20341270303527323	3.034374261005707	-1.0111442238459005	0.0	0.0	1.0	0.0	0.0	-1.0111442238459005
202850000	-1.7563574133423852	0.39686687608042	-0.9382486682636395	0.0	1.0	1.0	-0.0	0.39686687608042	-0.9382486682636395
202900000	-0.11051790009505459	2.2012039818613167	-1.0703299749687971	0.0	0.0	1.0	-0.0	0.0	-1.0703299749687971
202950000	-1.200861130913039	0.23323367077434642	-1.0016911999396025	0.0	1.0	1.0	-0.0	0.23323367077434642	-1.0016911999396025
203000000	-0.48279683913408417	0.26514812705977914	-1.11563518536092	0.0	1.0	1.0	-0.0	0.26514812705977914	-1.11563518536092
203050000	0.6203135899946106	0.3494606990175427	-1.0927605297365799	0.0	1.0	1.0	0.0	0.3494606990175427	-1.0927605297365799
203100000	-3.9934218453730312	0.17838979861432838	-1.1497460422227233	0.0	1.0	1.0	-0.0	0.17838979861432838	-1.1497460422227233
203150000	2.709327051386941	0.37820644462171177	-1.1828287278281737	0.0	1.0	1.0	0.0	0.37820644462171177	-1.1828287278281737
203200000	-2.5528708465412713	0.4364428551350066	-1.2091881334166068	0.0	1.0	1.0	-0.0	0.4364428551350066	-1.2091881334166068
203250000	-2.4072107260084756	0.14295139035109547	-1.1816450776850447	0.0	1.0	1.0	-0.0	0.14295139035109547	-1.1816450776850447
203300000	-0.6454934134170397	-2.138010498126351	-1.164388787647886	0.0	0.0	1.0	-0.0	-0.0	-1.164388787647886
203350000	-0.30312220146636076	0.2828402376829569	-1.2140248365289887	0.0	1.0	1.0	-0.0	0.2828402376829569	-1.2140248365289887
203400000	0.4878482739288068	0.11144331069779483	-1.0985219359867917	0.0	0.0	1.0	0.0	0.0	-1.0985219359867917
203450000	0.20147080247370425	0.47741853833827363	-0.9720797368749046	0.0	1.0	1.0	0.0	0.47741853833827363	-0.9720797368749046
203500000	1.046188886986077	0.383006048477498	-1.064946437146982	0.0	1.0	1.0	0.0	0.383006048477498	-1.064946437146982
203550000	-3.1439403533229084	0.3335739467516353	-1.1010345282610803	0.0	1.0	1.0	-0.0	0.3335739467516353	-1.1010345282610803
203600000	-1.4929147639527702	0.362184468834651	-1.0660534138901445	0.0	1.0	1.0	-0.0	0.362184468834651	-1.0660534138901445
203650000	0.811922198465425	0.46951544373150045	-1.1116901578623968	0.0	1.0	1.0	0.0	0.46951544373150045	-1.1116901578623968
203700000	0.35623390131373533	0.32565105452350585	-1.0366597342546866	0.0	1.0	1.0	0.0	0.32565105452350585	-1.0366597342546866
203750000	0.3131362044055817	0.19862022478046384	-0.973521554219728	0.0	1.0	1.0	0.0	0.19862022478046384	-0.973521554219728
203800000	1.2331377139456883	0.44218987305511565	-1.0698732784839857	0.0	1.0	1.0	0.0	0.44218987305511565	-1.0698732784839857
203850000	-1.2331262732722093	0.2982037107065945	-1.2014053018851758	0.0	1.0	1.0	-0.0	0.2982037107065945	-1.2014053018851758
203900000	5.057548785255204	0.26569867424243626	-0.9762904287577937	0.0	1.0	1.0	0.0	0.26569867424243626	-0.9762904287577937
203950000	1.665490504619038	0.37675443203095577	-1.0141507278648145	0.0	1.0	1.0	0.0	0.37675443203095577	-1.0141507278648145
204000000	0.8804062818212228	0.517314756866128	-1.0432623587885408	0.0	1.0	1.0	0.0	0.517314756866128	-1.0432623587885408
204050000	-4.094359927741054	0.3706460547138183	-1.0766722494794074	0.0	1.0	1.0	-0.0	0.3706460547138183	-1.0766722494794074
204100000	0.25608417973893843	0.4304781922430231	-1.0757787920419155	0.0	1.0	1.0	0.0	0.4304781922430231	-1.0757787920419155
204150000	0.5522458221128614	0.26351605760083147	-1.098124533064268	0.0	1.0	1.0	0.0	0.26351605760083147	-1.098124533064268
204200000	-0.7286282652261254	0.2766855782446166	-0.9842990130748029	0.0	1.0	1.0	-0.0	0.2766855782446166	-0.9842990130748029
204250000	-0.8448709111965239	0.282364024282496	-1.099924835552296	0.0	1.0	1.0	-0.0	0.282364024282496	-1.099924835552296
204300000	0.7371913063618307	0.429167422602794	-0.9930752352733454	0.0	1.0	1.0	0.0	0.429167422602794	-0.9930752352733454
204350000	-3.586720099192207	0.3958333546174458	-0.9543218457739555	0.0	1.0	1.0	-0.0	0.3958333546174458	-0.9543218457739555
204400000	1.2730050195226705	0.4028011832904171	-1.1079091106783605	0.0	1.0	1.0	0.0	0.4028011832904171	-1.1079091106783605
204450000	-0.7231064797806055	0.29047604429844875	-1.16184152905756	0.0	1.0	1.0	-0.0	0.29047604429844875	-1.16184152905756
204500000	5.534532222109368	0.33275759655442744	-1.1302433817992128	0.0	1.0	1.0	0.0	0.33275759655442744	-1.1302433817992128
204550000	-0.22768547860843671	0.29682300318040417	-1.0078712238029612	0.0	1.0	1.0	-0.0	0.29682300318040417	-1.0078712238029612
204600000	-0.4238720676651335	0.390975301230866	-0.8728622144988518	0.0	1.0	1.0	-0.0	0.390975301230866	-0.8728622144988518
204650000	-1.4101730541704125	0.37940674040312294	-1.1686226475423243	0.0	1.0	1.0	-0.0	0.37940674040312294	-1.1686226475423243
204700000	0.5306014623475812	0.39682532744868704	-1.050951151745923	0.0	1.0	1.0	0.0	0.39682532744868704	-1.050951151745923
204750000	0.1795471326044725	0.480899667380518	-1.0254709670236557	1.0	1.0	1.0	0.1795471326044725	0.480899667380518	-1.0254709670236557
204800000	-2.5268328060083594	0.4374835067031197	-1.0583240017460647	0.0	1.0	1.0	-0.0	0.4374835067031197	-1.0583240017460647
204850000	-2.0816287188347213	0.14621590327761172	-1.2350307842207997	0.0	1.0	1.0	-0.0	0.14621590327761172	-1.2350307842207997
204900000	-0.2413005519165452	0.41095580859160485	-0.9934327143121877	0.0	1.0	1.0	-0.0	0.41095580859160485	-0.9934327143121877
204950000	2.7204254355386364	0.3759446985079243	-1.0751669213769408	0.0	1.0	1.0	0.0	0.3759446985079243	-1.0751669213769408
205000000	-0.6478443191751418	0.5135806502183817	-1.073017180742363	0.0	1.0	1.0	-0.0	0.5135806502183817	-1.073017180742363
205050000	0.6269101024232994	0.3457912261634294	-1.114756167299504	0.0	1.0	1.0	0.0	0.3457912261634294	-1.114756167299504
205100000	0.34827671324956666	0.35239240068256195	-1.2166705934971802	0.0	1.0	1.0	0.0	0.35239240068256195	-1.2166705934971802
205150000	4.857404643500987	0.3312699103524918	-1.1479857470725783	0.0	1.0	1.0	0.0	0.3312699103524918	-1.1479857470725783
205200000	3.6095717330055184	0.39141642639836577	-1.0091057295756778	0.0	1.0	1.0	0.0	0.39141642639836577	-1.0091057295756778
205250000	-0.9901650623661781	0.3735997349757411	-1.1987074696361044	0.0	1.0	1.0	-0.0	0.3735997349757411	-1.1987074696361044
205300000	3.016607994573615	0.3735712142593219	-1.1897772069217083	0.0	1.0	1.0	0.0	0.3735712142593219	-1.1897772069217083
205350000	-0.019489294073712804	0.303877088687401	-1.0138030912517586	0.0	1.0	1.0	-0.0	0.303877088687401	-1.0138030912517586
205400000	1.456442204840208	0.38896152672738077	-1.122928715188797	0.0	1.0	1.0	0.0	0.38896152672738077	-1.122928715188797
205450000	1.372596145859543	0.5410515399883906	-1.1463415603570855	0.0	1.0	1.0	0.0	0.5410515399883906	-1.1463415603570855
205500000	0.06491816242833227	-0.8344211181407534	-1.0622067645421822	0.0	0.0	1.0	0.0	-0.0	-1.0622067645421822
205550000	1.252018829400831	0.17302993263840422	-1.0192037549374153	0.0	1.0	1.0	0.0	0.17302993263840422	-1.0192037549374153
205600000	-2.0164224914331057	0.27055838700638146	-1.0452836896540987	0.0	1.0	1.0	-0.0	0.27055838700638146	-1.0452836896540987
205650000	-1.3198704790327873	0.29277686321739665	-1.097248465374725	0.0	1.0	1.0	-0.0	0.29277686321739665	-1.097248465374725
205700000	1.4935502346144618	-4.698771817762287	-1.2008630933196143	0.0	0.0	1.0	0.0	-0.0	-1.2008630933196143
205750000	2.7589627877254777	0.5098482782701905	-1.0344988153650059	0.0	1.0	1.0	0.0	0.5098482782701905	-1.0344988153650059
205800000	0.5216569800557762	0.2689107213424017	-1.0887580661681653	0.0	1.0	1.0	0.0	0.2689107213424017	-1.0887580661681653
205850000	0.8565373628117099	0.13251179835711913	-1.1197302235950732	0.0	1.0	1.0	0.0	0.13251179835711913	-1.1197302235950732
205900000	-0.5612032020506476	0.42737317457821616	-1.0445835716458525	0.0	1.0	1.0	-0.0	0.42737317457821616	-1.0445835716458525
205950000	1.264746157482103	0.36891019736389036	-1.1151070114074355	0.0	1.0	1.0	0.0	0.36891019736389036	-1.1151070114074355
206000000	0.015157540625851486	0.3864655196853318	-1.2089101223233516	1.0	1.0	1.0	0.015157540625851486	0.3864655196853318	-1.2089101223233516
206050000	-1.5083889808865316	0.28689423205619285	-1.1203924255427282	0.0	1.0	1.0	-0.0	0.28689423205619285	-1.1203924255427282
206100000	-3.7872658751350587	0.3475983112795922	-1.2187323051802388	0.0	1.0	1.0	-0.0	0.3475983112795922	-1.2187323051802388
206150000	0.9422078295497451	0.4571878646720207	-1.1227380626278378	0.0	1.0	1.0	0.0	0.4571878646720207	-1.1227380626278378
206200000	-0.03577034649032573	0.4444802855018489	-1.1997022237038983	1.0	1.0	1.0	-0.03577034649032573	0.4444802855018489	-1.1997022237038983
206250000	-4.282673697299633	0.5302937431430703	-1.023203173063476	0.0	1.0	1.0	-0.0	0.5302937431430703	-1.023203173063476
206300000	-1.7360286107618492	0.38569444400344444	-0.9391246081279768	0.0	1.0	1.0	-0.0	0.38569444400344444	-0.9391246081279768
206350000	0.8773544838682276	0.4632788442549511	-1.0298926118964928	0.0	1.0	1.0	0.0	0.4632788442549511	-1.0298926118964928
206400000	0.48245718693266754	0.4539593643231511	-1.105075858281901	0.0	1.0	1.0	0.0	0.4539593643231511	-1.105075858281901
206450000	0.8953320721680946	0.5610711517535671	-1.1093526181213345	0.0	1.0	1.0	0.0	0.5610711517535671	-1.1093526181213345
206500000	0.9907019242344097	0.39233004480499256	-1.2280604679603637	0.0	1.0	1.0	0.0	0.39233004480499256	-1.2280604679603637
206550000	0.22175905419397984	0.5176968101692064	-0.9807154981327125	0.0	1.0	1.0	0.0	0.5176968101692064	-0.9807154981327125
206600000	-2.398274044547398	0.44777538426173175	-1.1113318193404602	0.0	1.0	1.0	-0.0	0.44777538426173175	-1.1113318193404602
206650000	0.17196069761412533	0.5724834866977982	-0.8729700365912946	1.0	1.0	1.0	0.17196069761412533	0.5724834866977982	-0.8729700365912946
206700000	0.29582841314768715	0.27928202840204575	-1.0955408334565722	0.0	1.0	1.0	0.0	0.27928202840204575	-1.0955408334565722
206750000	2.064453397250727	0.5033883639353967	-1.0762106406897438	0.0	1.0	1.0	0.0	0.5033883639353967	-1.0762106406897438
206800000	-0.6056304120677901	0.3794442262146387	-1.1117905889674566	0.0	1.0	1.0	-0.0	0.3794442262146387	-1.1117905889674566
206850000	0.23941549597939146	3.6511923242050437	-1.1793196999832611	0.0	0.0	1.0	0.0	0.0	-1.1793196999832611
206900000	-0.039215102537128885	-2.7314538820234096	-1.1693669728655334	0.0	0.0	1.0	-0.0	-0.0	-1.1693669728655334
206950000	2.186255114855068	0.2530656108596122	-1.152119604732102	0.0	1.0	1.0	0.0	0.2530656108596122	-1.152119604732102
207000000	-1.5204170614635368	0.3915069692198801	-1.1636379582803913	0.0	1.0	1.0	-0.0	0.3915069692198801	-1.1636379582803913
207050000	0.5919085317601782	0.30731612056175905	-1.0653923798935392	0.0	1.0	1.0	0.0	0.30731612056175905	-1.0653923798935392
207100000	-0.809752137212016	0.4928714670799981	-1.1506223939818085	0.0	1.0	1.0	-0.0	0.4928714670799981	-1.1506223939818085
207150000	2.3965658321751326	0.43322634585480124	-1.2027011782428407	0.0	1.0	1.0	0.0	0.43322634585480124	-1.2027011782428407
207200000	-0.0013610600663925363	0.5222989889456126	-1.1527395894425836	0.0	1.0	1.0	-0.0	0.5222989889456126	-1.1527395894425836
207250000	3.174507593252212	0.5141616949090987	-1.102768137787214	0.0	1.0	1.0	0.0	0.5141616949090987	-1.102768137787214
207300000	-1.0036292464857126	0.41702269193135605	-1.195767481291265	0.0	1.0	1.0	-0.0	0.41702269193135605	-1.195767481291265
207350000	-0.008981726408876548	0.303274471175696	-1.2246220441771396	0.0	1.0	1.0	-0.0	0.303274471175696	-1.2246220441771396
207400000	-0.31646300089180623	0.21493671877999745	-1.0872210075944557	0.0	1.0	1.0	-0.0	0.21493671877999745	-1.0872210075944557
207450000	1.309903167411922	0.4742621500385362	-1.2278972934322114	0.0	1.0	1.0	0.0	0.4742621500385362	-1.2278972934322114
207500000	-0.2086148597686983	0.4098557991302621	-1.1250356688103815	0.0	1.0	1.0	-0.0	0.4098557991302621	-1.1250356688103815
207550000	-2.5785292099137203	0.4011589232748838	-1.1220320056864508	0.0	1.0	1.0	-0.0	0.4011589232748838	-1.1220320056864508
207600000	2.0898917932103442	0.4151150673968806	-1.0211915217625458	0.0	1.0	1.0	0.0	0.4151150673968806	-1.0211915217625458
207650000	-1.7807425863260198	0.44438907688788226	-0.951886131320575	0.0	1.0	1.0	-0.0	0.44438907688788226	-0.951886131320575
207700000	-0.6209591543590153	0.3423393778189066	-1.1939439174513182	0.0	1.0	1.0	-0.0	0.3423393778189066	-1.1939439174513182
207750000	-1.9955893838248497	0.4342888561098236	-1.096096099344346	0.0	1.0	1.0	-0.0	0.4342888561098236	-1.096096099344346
207800000	0.05840550865210827	0.5040842560139341	-1.0635017798405193	0.0	1.0	1.0	0.0	0.5040842560139341	-1.0635017798405193
207850000	-0.3805306074194791	0.2517234773145565	-1.0735315777642758	0.0	1.0	1.0	-0.0	0.2517234773145565	-1.0735315777642758
207900000	-3.8684546586252484	0.33481487389678	-1.0495366140784215	0.0	1.0	1.0	-0.0	0.33481487389678	-1.0495366140784215
207950000	-1.5819338702530248	0.4137004440739516	-0.9758775372907266	0.0	1.0	1.0	-0.0	0.4137004440739516	-0.9758775372907266
208000000	-0.767757103162614	0.5328471010118871	-1.1854959260101643	0.0	1.0	1.0	-0.0	0.5328471010118871	-1.1854959260101643
208050000	-1.4672447478133186	2.4469633573963483	-1.3345023152600894	0.0	0.0	1.0	-0.0	0.0	-1.3345023152600894
208100000	3.162187194411141	0.5221513079715446	-1.0845987607196186	0.0	1.0	1.0	0.0	0.5221513079715446	-1.0845987607196186
208150000	2.1946526965024837	0.16049942656393432	-1.1415557290019487	0.0	1.0	1.0	0.0	0.16049942656393432	-1.1415557290019487
208200000	-1.2827643685516976	0.3091947643604123	-1.04107954790338	0.0	1.0	1.0	-0.0	0.3091947643604123	-1.04107954790338
208250000	-1.6779701038112282	0.4591366721817394	-1.127850597056209	0.0	1.0	1.0	-0.0	0.4591366721817394	-1.127850597056209
208300000	-1.7087727877299363	0.49580091238783247	-0.9323065140674592	0.0	1.0	1.0	-0.0	0.49580091238783247	-0.9323065140674592
208350000	-0.8703595973733899	0.4200433305978883	-1.009012183014555	0.0	1.0	1.0	-0.0	0.4200433305978883	-1.009012183014555
208400000	1.4060136738409688	0.5552329550690277	-1.017533454000668	0.0	0.0	1.0	0.0	0.0	-1.017533454000668
208450000	-1.3239738575632825	0.2413267497865839	-1.134132565832892	0.0	1.0	1.0	-0.0	0.2413267497865839	-1.134132565832892
208500000	-1.282254589143365	2.5409916251601143	-1.1422898161812252	0.0	0.0	1.0	-0.0	0.0	-1.1422898161812252
208550000	2.0381717327687014	-1.3864074574038519	-1.1509751453417918	0.0	0.0	1.0	0.0	-0.0	-1.1509751453417918
208600000	1.4956391924567618	0.32791631305034835	-1.1606441132148382	0.0	1.0	1.0	0.0	0.32791631305034835	-1.1606441132148382
208650000	-0.245921743911508	0.2690513657536079	-1.091032513571356	0.0	1.0	1.0	-0.0	0.2690513657536079	-1.091032513571356
208700000	-1.2667624419776913	0.34049330520665694	-1.159308549152912	0.0	1.0	1.0	-0.0	0.34049330520665694	-1.159308549152912
208750000	-1.02102847482295	0.2894529788429264	-1.0544335659042876	0.0	1.0	1.0	-0.0	0.2894529788429264	-1.0544335659042876
208800000	-0.16594938900357606	0.3718026342104292	-1.118303273315295	0.0	1.0	1.0	-0.0	0.3718026342104292	-1.118303273315295
208850000	2.198003173700222	0.3297097845362469	-1.063518887978701	0.0	1.0	1.0	0.0	0.3297097845362469	-1.063518887978701
208900000	0.5539687614128218	0.46277356862973146	-1.0659944110202266	0.0	1.0	1.0	0.0	0.46277356862973146	-1.0659944110202266
208950000	3.1299542248753127	0.2659839070874059	-0.9327046780266157	0.0	1.0	1.0	0.0	0.2659839070874059	-0.9327046780266157
209000000	0.7691864176465412	0.44347234580687794	-1.023807614078881	0.0	1.0	1.0	0.0	0.44347234580687794	-1.023807614078881
209050000	-2.4403591568633107	0.32182298918081076	-1.149130251944237	0.0	1.0	1.0	-0.0	0.32182298918081076	-1.149130251944237
209100000	-1.7782830262466676	0.24598230583009123	-1.0747658125757804	0.0	1.0	1.0	-0.0	0.24598230583009123	-1.0747658125757804
209150000	0.13858034211733028	0.36970003776985955	-1.0790733090361717	1.0	1.0	1.0	0.13858034211733028	0.36970003776985955	-1.0790733090361717
209200000	1.5080993586675238	0.4751546948530864	-1.0774044604773652	0.0	1.0	1.0	0.0	0.4751546948530864	-1.0774044604773652
209250000	0.27069395077472896	0.2647638986308273	-1.0884798606182469	0.0	1.0	1.0	0.0	0.2647638986308273	-1.0884798606182469
209300000	3.24895159977883	0.3931074527177805	-1.1714116333004496	0.0	1.0	1.0	0.0	0.3931074527177805	-1.1714116333004496
209350000	2.8074878102457284	0.46852224995239894	-1.0954101153826936	0.0	1.0	1.0	0.0	0.46852224995239894	-1.0954101153826936
209400000	0.10337172668953754	0.3620672383052152	-1.140933987875323	0.0	1.0	1.0	0.0	0.3620672383052152	-1.140933987875323
209450000	1.2199855166032225	0.44406886967178244	-1.1711946225541974	0.0	1.0	1.0	0.0	0.44406886967178244	-1.1711946225541974
209500000	-0.44722975426042133	0.38122622732928435	-1.0241075899621246	0.0	1.0	1.0	-0.0	0.38122622732928435	-1.0241075899621246
209550000	-3.9041455434113703	0.6109546252165383	-1.00680159339547	0.0	1.0	1.0	-0.0	0.6109546252165383	-1.00680159339547
209600000	0.04917973343675808	0.3426752692543641	-1.080034050052406	0.0	1.0	1.0	0.0	0.3426752692543641	-1.080034050052406
209650000	-0.418718953194228	0.39996074711337526	-1.2162169806645153	0.0	1.0	1.0	-0.0	0.39996074711337526	-1.2162169806645153
209700000	0.06423174176403136	0.20769811247638056	-1.1463484295221646	1.0	1.0	1.0	0.06423174176403136	0.20769811247638056	-1.1463484295221646
209750000	0.33780097221748645	0.31810099231068434	-1.2542787963323812	0.0	1.0	1.0	0.0	0.31810099231068434	-1.2542787963323812
209800000	1.4976323812189296	0.29348008760206307	-1.1528901825701152	0.0	1.0	1.0	0.0	0.29348008760206307	-1.1528901825701152
209850000	-0.023224588092008336	0.440802318704021	-1.203478408204261	1.0	1.0	1.0	-0.023224588092008336	0.440802318704021	-1.203478408204261
209900000	-0.8152219954342392	0.2521013250475168	-1.2061376281947578	0.0	1.0	1.0	-0.0	0.2521013250475168	-1.2061376281947578
209950000	0.6703041702859546	0.16128290248844404	-1.089765088569204	0.0	1.0	1.0	0.0	0.16128290248844404	-1.089765088569204
210000000	-3.542901592677999	0.5909591271780642	-1.0821121277684904	0.0	1.0	1.0	-0.0	0.5909591271780642	-1.0821121277684904
210050000	2.3785397996767537	0.2633163150175227	-1.0829710848424778	0.0	1.0	1.0	0.0	0.2633163150175227	-1.0829710848424778
210100000	0.11427955909796135	0.48240516879213624	-1.1022071744495063	0.0	1.0	1.0	0.0	0.48240516879213624	-1.1022071744495063
210150000	-1.156771484209443	0.3750541543892875	-1.0936914503743365	0.0	1.0	1.0	-0.0	0.3750541543892875	-1.0936914503743365
210200000	-2.4932478105750007	0.3947005066868722	-1.0911684143219709	0.0	1.0	1.0	-0.0	0.3947005066868722	-1.0911684143219709
210250000	0.7590173021976983	0.34695552180322786	-1.2265097263618752	0.0	1.0	1.0	0.0	0.34695552180322786	-1.2265097263618752
210300000	1.3560564736522553	0.39684286656460527	-1.0118219188660462	0.0	1.0	1.0	0.0	0.39684286656460527	-1.0118219188660462
210350000	1.4014722619914068	0.5351622943684384	-1.111401471651316	0.0	1.0	1.0	0.0	0.5351622943684384	-1.111401471651316
210400000	3.5459250263263336	0.2903178332521589	-1.1691964582474208	0.0	1.0	1.0	0.0	0.2903178332521589	-1.1691964582474208
210450000	0.7458869585468192	0.41964045623448015	-1.1440744532761011	0.0	1.0	1.0	0.0	0.41964045623448015	-1.1440744532761011
210500000	1.0047894953184053	0.44763843526393166	-1.1129960085800465	0.0	1.0	1.0	0.0	0.44763843526393166	-1.1129960085800465
210550000	-1.3359450687915129	0.4241938290226783	-1.0951697993681024	0.0	1.0	1.0	-0.0	0.4241938290226783	-1.0951697993681024
210600000	0.7230730298452952	0.4793866090741577	-1.1091918159949756	0.0	1.0	1.0	0.0	0.4793866090741577	-1.1091918159949756
210650000	2.198080005309607	0.4138721796675232	-1.1637341070022227	0.0	1.0	1.0	0.0	0.4138721796675232	-1.1637341070022227
210700000	1.4331318932570858	0.4122590955110611	-0.9361182708238295	0.0	1.0	1.0	0.0	0.4122590955110611	-0.9361182708238295
210750000	-0.8803693237505206	0.39262525699435674	-1.1350297987374127	0.0	1.0	1.0	-0.0	0.39262525699435674	-1.1350297987374127
210800000	0.09002244115552971	0.6218993728832212	-1.03696004591795	0.0	1.0	1.0	0.0	0.6218993728832212	-1.03696004591795
210850000	1.434910694250475	0.3364459481486983	-0.9673504233549299	0.0	1.0	1.0	0.0	0.3364459481486983	-0.9673504233549299
210900000	-1.1488522053638475	0.24464941671739196	-1.1564284678551897	0.0	1.0	1.0	-0.0	0.24464941671739196	-1.1564284678551897
210950000	-1.4827902594980675	0.5127578090538435	-1.1028109312336793	0.0	1.0	1.0	-0.0	0.5127578090538435	-1.1028109312336793
211000000	-4.833598235100182	0.22183817468269443	-1.0592311398572318	0.0	1.0	1.0	-0.0	0.22183817468269443	-1.0592311398572318
211050000	-0.41473408192025174	0.3999535739895281	-1.0723092370225271	0.0	1.0	1.0	-0.0	0.3999535739895281	-1.0723092370225271
211100000	-2.859309196392398	0.2746715571054342	-1.1461961722115876	0.0	1.0	1.0	-0.0	0.2746715571054342	-1.1461961722115876
211150000	0.12006422045563427	0.21563293633288716	-1.0307101985921487	0.0	1.0	1.0	0.0	0.21563293633288716	-1.0307101985921487
211200000	0.005443213927207571	0.46629681994449773	-1.1216487088247644	0.0	1.0	1.0	0.0	0.46629681994449773	-1.1216487088247644
211250000	0.680833256167955	-0.41654557122645924	-1.232814729315488	0.0	0.0	1.0	0.0	-0.0	-1.232814729315488
211300000	-4.392234948755817	0.28930729336116023	-1.2151929387127312	0.0	1.0	1.0	-0.0	0.28930729336116023	-1.2151929387127312
211350000	-3.991781236254658	0.47181012073171436	-1.044316744968943	0.0	1.0	1.0	-0.0	0.47181012073171436	-1.044316744968943
211400000	-3.2952355980035573	0.5175160956387601	-1.0357162290207103	0.0	1.0	1.0	-0.0	0.5175160956387601	-1.0357162290207103
211450000	1.4063212999747972	0.4789467867112248	-1.0843320253867343	0.0	1.0	1.0	0.0	0.4789467867112248	-1.0843320253867343
211500000	2.707542385979417	0.43850181108965697	-1.084030772809838	0.0	1.0	1.0	0.0	0.43850181108965697	-1.084030772809838
211550000	2.4646740581129185	0.4838923301189904	-1.089976008432199	0.0	1.0	1.0	0.0	0.4838923301189904	-1.089976008432199
211600000	-0.7510866851302678	0.2020548569942173	-1.1782564850477368	0.0	1.0	1.0	-0.0	0.2020548569942173	-1.1782564850477368
211650000	3.2629020957077635	0.4793882826713592	-1.177870370733227	0.0	1.0	1.0	0.0	0.4793882826713592	-1.177870370733227
211700000	-2.766501668878831	0.6266592745404326	-1.1065366258769118	0.0	1.0	1.0	-0.0	0.6266592745404326	-1.1065366258769118
211750000	0.09573155369259866	0.38585292398837684	-1.0440867783838073	0.0	1.0	1.0	0.0	0.38585292398837684	-1.0440867783838073
211800000	3.5424712086966363	0.07874252391034119	-1.020074622541363	0.0	1.0	1.0	0.0	0.07874252391034119	-1.020074622541363
211850000	-0.13095981651908128	0.29426907573583505	-1.1610876344007852	0.0	1.0	1.0	-0.0	0.29426907573583505	-1.1610876344007852
211900000	-0.9287943464804531	0.23084779275566836	-1.1312913926358994	0.0	1.0	1.0	-0.0	0.23084779275566836	-1.1312913926358994
211950000	-0.005676965421772828	0.531481315716815	-1.158150523919523	0.0	0.0	1.0	-0.0	0.0	-1.158150523919523
212000000	-1.7981164919544428	0.41009811817113784	-1.116704369068773	0.0	1.0	1.0	-0.0	0.41009811817113784	-1.116704369068773
212050000	-1.22204862771185	0.21939909252064038	-1.0517837962976608	0.0	1.0	1.0	-0.0	0.21939909252064038	-1.0517837962976608
212100000	0.8950235976589491	0.3434210433148653	-1.1656898434452214	0.0	1.0	1.0	0.0	0.3434210433148653	-1.1656898434452214
212150000	2.4244568891887566	0.37168192232378533	-1.177523740547608	0.0	1.0	1.0	0.0	0.37168192232378533	-1.177523740547608
212200000	2.7000418932120356	0.3085728357072045	-1.0734131182189899	0.0	1.0	1.0	0.0	0.3085728357072045	-1.0734131182189899
212250000	0.7257819146838738	0.5269406166148989	-1.0591377359238892	0.0	1.0	1.0	0.0	0.5269406166148989	-1.0591377359238892
212300000	3.1198886366495895	0.5534407696653321	-1.0010990852408859	0.0	1.0	1.0	0.0	0.5534407696653321	-1.0010990852408859
212350000	1.530328711828533	0.3904225783414008	-1.18373790516546	0.0	1.0	1.0	0.0	0.3904225783414008	-1.18373790516546
212400000	2.1113844618127553	0.3720748726903109	-0.9632712450024599	0.0	1.0	1.0	0.0	0.3720748726903109	-0.9632712450024599
212450000	-0.34231092947005226	-0.13125007743920156	-1.1956707128771489	0.0	0.0	1.0	-0.0	-0.0	-1.1956707128771489
212500000	0.45950614127755185	0.24157948071782764	-1.1039953838356042	0.0	1.0	1.0	0.0	0.24157948071782764	-1.1039953838356042
212550000	-2.046766126324561	0.33366267448560794	-1.1469712339803022	0.0	1.0	1.0	-0.0	0.33366267448560794	-1.1469712339803022
212600000	2.1854019491686825	0.4278957830246306	-0.9090904820455071	0.0	1.0	1.0	0.0	0.4278957830246306	-0.9090904820455071
212650000	0.07593752491962658	0.3132845073470199	-1.0824908752693048	1.0	1.0	1.0	0.07593752491962658	0.3132845073470199	-1.0824908752693048
212700000	1.2210886663240152	0.4796070232470024	-1.157958882931845	0.0	0.0	1.0	0.0	0.0	-1.157958882931845
212750000	4.310501921503528	0.30782223027329614	-1.0356997812721518	0.0	1.0	1.0	0.0	0.30782223027329614	-1.0356997812721518
212800000	-0.5843863043532929	0.4075675080811535	-1.0611449373893398	0.0	1.0	1.0	-0.0	0.4075675080811535	-1.0611449373893398
212850000	-0.44492367982920217	0.6280771728340699	-1.0767868849379576	0.0	1.0	1.0	-0.0	0.6280771728340699	-1.0767868849379576
212900000	-2.0649110520490295	0.5266968714982415	-1.1781013500875914	0.0	1.0	1.0	-0.0	0.5266968714982415	-1.1781013500875914
212950000	0.877812019756885	0.34272822555948407	-1.1445604028630878	0.0	1.0	1.0	0.0	0.34272822555948407	-1.1445604028630878
213000000	-2.6745716373764	0.22621344247216824	-1.1645295045008393	0.0	1.0	1.0	-0.0	0.22621344247216824	-1.1645295045008393
213050000	-3.6765825475914555	0.2271435953986604	-1.041447339773522	0.0	1.0	1.0	-0.0	0.2271435953986604	-1.041447339773522
213100000	-0.45141615625327075	0.4132315568436503	-1.002101747700657	0.0	1.0	1.0	-0.0	0.4132315568436503	-1.002101747700657
213150000	-3.3231696190022526	0.5263092257293159	-1.147585591101522	0.0	1.0	1.0	-0.0	0.5263092257293159	-1.147585591101522
213200000	0.6797471793799348	0.35754616393021466	-1.122943628426566	0.0	1.0	1.0	0.0	0.35754616393021466	-1.122943628426566
213250000	-0.9166607179361991	0.32168835366418086	-1.1760531113415658	0.0	1.0	1.0	-0.0	0.32168835366418086	-1.1760531113415658
213300000	-2.1099055641973306	0.30289841696376196	-1.0067426060905085	0.0	1.0	1.0	-0.0	0.30289841696376196	-1.0067426060905085
213350000	-2.791859069073863	0.5275915374898383	-0.9550198008347378	0.0	1.0	1.0	-0.0	0.5275915374898383	-0.9550198008347378
213400000	0.011090167920350086	0.4184788353612495	-1.0290469163401164	1.0	1.0	1.0	0.011090167920350086	0.4184788353612495	-1.0290469163401164
213450000	-2.0945863506640006	0.5566100040914416	-1.0498502002290908	0.0	1.0	1.0	-0.0	0.5566100040914416	-1.0498502002290908
213500000	0.9299577007891621	0.1957618454323111	-1.0553388145950542	0.0	1.0	1.0	0.0	0.1957618454323111	-1.0553388145950542
213550000	-0.9311413236937326	2.120551513023061	-0.9974852747543574	0.0	0.0	1.0	-0.0	0.0	-0.9974852747543574
213600000	2.198303135415552	0.2894997091670943	-1.1643428621789367	0.0	1.0	1.0	0.0	0.2894997091670943	-1.1643428621789367
213650000	-1.1061625948814635	2.1398644998504084	-1.1901008542056626	0.0	0.0	1.0	-0.0	0.0	-1.1901008542056626
213700000	0.7666116280108828	0.5783667166330582	-0.9697279937542512	0.0	1.0	1.0	0.0	0.5783667166330582	-0.9697279937542512
213750000	4.271836997544924	0.3813230035189083	-0.9751196468733958	0.0	1.0	1.0	0.0	0.3813230035189083	-0.9751196468733958
213800000	2.2134249861810926	0.5150583921804391	-1.0420249082529378	0.0	1.0	1.0	0.0	0.5150583921804391	-1.0420249082529378
213850000	2.0062988285301	0.4785480364510437	-1.165890452646377	0.0	1.0	1.0	0.0	0.4785480364510437	-1.165890452646377
213900000	1.5078800681418536	0.4791635080974152	-1.2432013387357719	0.0	1.0	1.0	0.0	0.4791635080974152	-1.2432013387357719
213950000	1.061055905880134	0.5321709769750455	-1.096408776489006	0.0	1.0	1.0	0.0	0.5321709769750455	-1.096408776489006
214000000	5.231267600321627	0.3466740352716843	-1.2689066254688615	0.0	1.0	1.0	0.0	0.3466740352716843	-1.2689066254688615
214050000	-0.30009097734757884	0.4662461110009769	-1.104733551046393	0.0	1.0	1.0	-0.0	0.4662461110009769	-1.104733551046393
214100000	1.7718954975573864	-1.9295659816799522	-1.2403358217491518	0.0	0.0	1.0	0.0	-0.0	-1.2403358217491518
214150000	-2.845579120836869	0.4358432883349646	-1.2407041824498393	0.0	1.0	1.0	-0.0	0.4358432883349646	-1.2407041824498393
214200000	2.61332172680151	0.4463814668633327	-1.2651404904975074	0.0	1.0	1.0	0.0	0.4463814668633327	-1.2651404904975074
214250000	-1.567963873404039	0.37034839871910313	-1.0286960165586085	0.0	1.0	1.0	-0.0	0.37034839871910313	-1.0286960165586085
214300000	2.7227192141681527	0.45518917492303157	-0.9389198844626715	0.0	1.0	1.0	0.0	0.45518917492303157	-0.9389198844626715
214350000	-0.953304806958192	0.5092518050741882	-1.0513689566793814	0.0	1.0	1.0	-0.0	0.5092518050741882	-1.0513689566793814
214400000	-1.3911167397394835	0.5398083529036668	-1.2555130753905006	0.0	1.0	1.0	-0.0	0.5398083529036668	-1.2555130753905006
214450000	1.4889056721998064	0.4730723208664358	-1.0596824287521023	0.0	1.0	1.0	0.0	0.4730723208664358	-1.0596824287521023
214500000	-1.1698819412186647	0.48537905254740793	-1.124284915486726	0.0	1.0	1.0	-0.0	0.48537905254740793	-1.124284915486726
214550000	-0.785221578239284	0.41855815217002124	-1.127454236617753	0.0	1.0	1.0	-0.0	0.41855815217002124	-1.127454236617753
214600000	0.1473135180592944	0.2602582555387817	-1.0650427346298001	0.0	1.0	1.0	0.0	0.2602582555387817	-1.0650427346298001
214650000	0.4138920589801879	0.40225081290216724	-1.0933260704292138	0.0	1.0	1.0	0.0	0.40225081290216724	-1.0933260704292138
214700000	0.20675733337725188	0.3337457773697602	-1.0655753682664202	1.0	1.0	1.0	0.20675733337725188	0.3337457773697602	-1.0655753682664202
214750000	2.7977778473957153	0.4751182320154026	-1.071827349770125	0.0	1.0	1.0	0.0	0.4751182320154026	-1.071827349770125
214800000	-2.2790904783529555	0.3588505122612263	-0.9635592777287951	0.0	1.0	1.0	-0.0	0.3588505122612263	-0.9635592777287951
214850000	0.4926926860283816	0.32067443883193963	-1.1682349505278602	0.0	1.0	1.0	0.0	0.32067443883193963	-1.1682349505278602
214900000	-3.0418730695033442	0.3932084847863991	-1.057595642504342	0.0	1.0	1.0	-0.0	0.3932084847863991	-1.057595642504342
214950000	-0.7212782896890455	0.6733203294887621	-0.980006003374726	0.0	1.0	1.0	-0.0	0.6733203294887621	-0.980006003374726
215000000	-1.1486012790218	0.21503252855534685	-1.0279100856151482	0.0	1.0	1.0	-0.0	0.21503252855534685	-1.0279100856151482
215050000	2.684264065960937	0.5384775013216447	-0.9876217913302962	0.0	1.0	1.0	0.0	0.5384775013216447	-0.9876217913302962
215100000	1.256470891888474	0.33707600276381516	-1.0254897396088214	0.0	1.0	1.0	0.0	0.33707600276381516	-1.0254897396088214
215150000	3.519993831534159	0.48243762765367365	-1.0447818734781864	0.0	1.0	1.0	0.0	0.48243762765367365	-1.0447818734781864
215200000	-1.8347298796895393	0.3788475542831571	-1.1806555958832274	0.0	1.0	1.0	-0.0	0.3788475542831571	-1.1806555958832274
215250000	-0.6759154118445498	0.3672419878366894	-0.9826575469231217	0.0	1.0	1.0	-0.0	0.3672419878366894	-0.9826575469231217
215300000	0.33701915140101435	0.5658512668469196	-1.0979113293096703	0.0	1.0	1.0	0.0	0.5658512668469196	-1.0979113293096703
215350000	2.0260853048138396	0.4909064540889375	-1.1611776168894858	0.0	1.0	1.0	0.0	0.4909064540889375	-1.1611776168894858
215400000	2.1214122965884705	0.4387163730160969	-1.1753678012221909	0.0	1.0	1.0	0.0	0.4387163730160969	-1.1753678012221909
215450000	2.961134474024925	0.4370742285415871	-1.1153732568433494	0.0	1.0	1.0	0.0	0.4370742285415871	-1.1153732568433494
215500000	-2.718382708064981	0.49374930981033266	-1.2483598845974215	0.0	1.0	1.0	-0.0	0.49374930981033266	-1.2483598845974215
215550000	-0.5719511718608462	0.5857018928218563	-1.0401483060724535	0.0	1.0	1.0	-0.0	0.5857018928218563	-1.0401483060724535
215600000	-0.15857883401247913	0.20272295230161297	-1.147927020327029	0.0	1.0	1.0	-0.0	0.20272295230161297	-1.147927020327029
215650000	-0.7321458349050882	0.3346717089075579	-1.244593158042036	0.0	1.0	1.0	-0.0	0.3346717089075579	-1.244593158042036
215700000	-1.5820655072984466	0.34807496958317674	-1.0471345295739756	0.0	1.0	1.0	-0.0	0.34807496958317674	-1.0471345295739756
215750000	-1.2313960284989844	0.4879408586126021	-1.1177485243439198	0.0	1.0	1.0	-0.0	0.4879408586126021	-1.1177485243439198
215800000	-0.3095904775120084	0.5550945873764745	-1.0514225605045229	0.0	1.0	1.0	-0.0	0.5550945873764745	-1.0514225605045229
215850000	1.8294004800276347	0.46379246685729003	-1.0551315543242084	0.0	1.0	1.0	0.0	0.46379246685729003	-1.0551315543242084
215900000	-0.599910263515164	0.5114348224243892	-1.0768025045907266	0.0	1.0	1.0	-0.0	0.5114348224243892	-1.0768025045907266
215950000	-0.9786122511384641	0.44097610756475264	-1.0336803661869363	0.0	1.0	1.0	-0.0	0.44097610756475264	-1.0336803661869363
216000000	0.3462423757089619	0.718889616242108	-1.079554580567049	0.0	1.0	1.0	0.0	0.718889616242108	-1.079554580567049
216050000	3.2374100899180234	0.3712686623324573	-1.0599868380581936	0.0	1.0	1.0	0.0	0.3712686623324573	-1.0599868380581936
216100000	-0.2505584765915152	0.4095294438626121	-1.1076173551641229	0.0	1.0	1.0	-0.0	0.4095294438626121	-1.1076173551641229
216150000	-0.7174853600990547	0.3098872185257293	-1.1710762928967517	0.0	1.0	1.0	-0.0	0.3098872185257293	-1.1710762928967517
216200000	0.7814684523174273	0.23084065386024444	-1.1768369405658206	0.0	1.0	1.0	0.0	0.23084065386024444	-1.1768369405658206
216250000	-1.0370084755076785	0.34840143888884456	-1.2169403977212696	0.0	1.0	1.0	-0.0	0.34840143888884456	-1.2169403977212696
216300000	-1.2803882177256474	0.19692474909956764	-0.9934768058492449	0.0	1.0	1.0	-0.0	0.19692474909956764	-0.9934768058492449
216350000	2.4609393264460913	0.38735068077752843	-1.0183166124481855	0.0	1.0	1.0	0.0	0.38735068077752843	-1.0183166124481855
216400000	-2.6514649309950746	0.5261421928825346	-1.0408094513736221	0.0	1.0	1.0	-0.0	0.5261421928825346	-1.0408094513736221
216450000	0.733845720366326	0.6315977856340809	-1.0939491127377314	0.0	1.0	1.0	0.0	0.6315977856340809	-1.0939491127377314
216500000	-0.11432193682247957	0.36877887314915886	-1.310069783590455	0.0	1.0	1.0	-0.0	0.36877887314915886	-1.310069783590455
216550000	-0.612820961797945	1.9022424763818444	-1.2456849146935485	0.0	0.0	1.0	-0.0	0.0	-1.2456849146935485
216600000	0.13526049039096524	0.4634116174593524	-1.0250589051914358	1.0	1.0	1.0	0.13526049039096524	0.4634116174593524	-1.0250589051914358
216650000	0.8166029248085969	2.9740805932677428	-1.1286579196390805	0.0	0.0	1.0	0.0	0.0	-1.1286579196390805
216700000	-2.379586687140659	0.4833691339513968	-0.9860998715139577	0.0	1.0	1.0	-0.0	0.4833691339513968	-0.9860998715139577
216750000	-0.5509398105980013	0.45694425247361464	-0.9389931596807359	0.0	1.0	1.0	-0.0	0.45694425247361464	-0.9389931596807359
216800000	4.668314592227283	0.47838843359637984	-0.9285511190399943	0.0	1.0	1.0	0.0	0.47838843359637984	-0.9285511190399943
216850000	0.6981024246399307	0.36263636893317563	-1.1060496867646183	0.0	1.0	1.0	0.0	0.36263636893317563	-1.1060496867646183
216900000	3.179695858538213	0.42183499273730574	-1.046966394082805	0.0	1.0	1.0	0.0	0.42183499273730574	-1.046966394082805
216950000	0.6920673563356319	0.4136688975520339	-1.0965172344106575	0.0	1.0	1.0	0.0	0.4136688975520339	-1.0965172344106575
217000000	-0.02532519007397918	0.35811450888656504	-1.0421002618557766	1.0	1.0	1.0	-0.02532519007397918	0.35811450888656504	-1.0421002618557766
217050000	1.8013312077421513	0.4580179541742178	-1.0103715094404582	0.0	1.0	1.0	0.0	0.4580179541742178	-1.0103715094404582
217100000	0.9424005817608061	0.4088254135458887	-1.1201043749882826	0.0	1.0	1.0	0.0	0.4088254135458887	-1.1201043749882826
217150000	-2.130357742463766	0.42436266250644966	-1.070869465040648	0.0	1.0	1.0	-0.0	0.42436266250644966	-1.070869465040648
217200000	4.314031845229995	0.2761950536014087	-0.9864765256522398	0.0	1.0	1.0	0.0	0.2761950536014087	-0.9864765256522398
217250000	-0.6634059961993082	0.5544543035787791	-0.982652360744696	0.0	1.0	1.0	-0.0	0.5544543035787791	-0.982652360744696
217300000	0.31995253480510183	0.390186812435167	-1.0104280006720385	0.0	1.0	1.0	0.0	0.390186812435167	-1.0104280006720385
217350000	0.8702174358910958	0.41948434228858594	-1.077302722816631	0.0	1.0	1.0	0.0	0.41948434228858594	-1.077302722816631
217400000	2.2066321265125657	0.6087170661125572	-1.2311846959374402	0.0	1.0	1.0	0.0	0.6087170661125572	-1.2311846959374402
217450000	1.2636578647626737	0.28446726174695974	-1.2073406156686346	0.0	1.0	1.0	0.0	0.28446726174695974	-1.2073406156686346
217500000	1.4046850584358666	0.27849048272734117	-1.1475802643028419	0.0	1.0	1.0	0.0	0.27849048272734117	-1.1475802643028419
217550000	-0.6143861998698494	0.30363817305565355	-1.1396884593738204	0.0	1.0	1.0	-0.0	0.30363817305565355	-1.1396884593738204
217600000	1.9012190385733003	0.33115298726390874	-1.1481195208990986	0.0	1.0	1.0	0.0	0.33115298726390874	-1.1481195208990986
217650000	-0.6695125381961777	0.375063685335104	-1.238297460785994	0.0	1.0	1.0	-0.0	0.375063685335104	-1.238297460785994
217700000	-0.06759343437133145	-0.8406340166697571	-1.2210441623687047	0.0	0.0	1.0	-0.0	-0.0	-1.2210441623687047
217750000	1.3423111284811438	0.2718981438220344	-1.0299007061026801	0.0	1.0	1.0	0.0	0.2718981438220344	-1.0299007061026801
217800000	-2.9711827756435922	0.3907036147736905	-1.0868756052974198	0.0	1.0	1.0	-0.0	0.3907036147736905	-1.0868756052974198
217850000	-0.6518954021839818	0.5016793701205512	-0.9843815194251723	0.0	1.0	1.0	-0.0	0.5016793701205512	-0.9843815194251723
217900000	-0.7205654152449634	0.26783689975551306	-0.9033898868825188	0.0	1.0	1.0	-0.0	0.26783689975551306	-0.9033898868825188
217950000	2.62028868526105	0.4459287936456921	-1.134402561513265	0.0	1.0	1.0	0.0	0.4459287936456921	-1.134402561513265
218000000	-3.3484851239335867	-2.6866781301748746	-1.0547663206654072	0.0	0.0	1.0	-0.0	-0.0	-1.0547663206654072
218050000	1.533726499673816	0.492955082816011	-1.0517367569287919	0.0	1.0	1.0	0.0	0.492955082816011	-1.0517367569287919
218100000	-1.5544982012822512	0.24609420349936126	-1.1479536146288283	0.0	1.0	1.0	-0.0	0.24609420349936126	-1.1479536146288283
218150000	0.13239347924508166	0.32476717474560396	-1.074366233535709	1.0	1.0	1.0	0.13239347924508166	0.32476717474560396	-1.074366233535709
218200000	-5.510514243073484	0.5674542302730019	-0.9407033958426504	0.0	1.0	1.0	-0.0	0.5674542302730019	-0.9407033958426504
218250000	0.6553875030219674	0.437801247540691	-1.0931618409233774	0.0	1.0	1.0	0.0	0.437801247540691	-1.0931618409233774
218300000	-0.8471192042563633	0.472558887848111	-1.1535385741665178	0.0	1.0	1.0	-0.0	0.472558887848111	-1.1535385741665178
218350000	2.1310250071111807	0.2848546467393775	-0.9811759273789645	0.0	1.0	1.0	0.0	0.2848546467393775	-0.9811759273789645
218400000	-0.911114439227692	0.3259213914938404	-1.1265880059840678	0.0	1.0	1.0	-0.0	0.3259213914938404	-1.1265880059840678
218450000	6.572453930782574	0.427532273648432	-0.9689715904319439	0.0	1.0	1.0	0.0	0.427532273648432	-0.9689715904319439
218500000	0.7796148153125441	0.3653183275239859	-1.1691630324712727	0.0	1.0	1.0	0.0	0.3653183275239859	-1.1691630324712727
218550000	1.7560145068564967	-0.010444599984505944	-1.2123517171042015	0.0	1.0	1.0	0.0	-0.010444599984505944	-1.2123517171042015
218600000	0.8730281951029562	0.3335831715233886	-1.1236354565864706	0.0	1.0	1.0	0.0	0.3335831715233886	-1.1236354565864706
218650000	-2.4893032544759466	0.5231983254131239	-1.195578728568274	0.0	1.0	1.0	-0.0	0.5231983254131239	-1.195578728568274
218700000	1.0690567068681274	0.5817928952776856	-1.0246415776442728	0.0	1.0	1.0	0.0	0.5817928952776856	-1.0246415776442728
218750000	-0.20678810521036972	0.9452036386939385	-1.0970960297252157	0.0	0.0	1.0	-0.0	0.0	-1.0970960297252157
218800000	2.665627584219321	0.40927130205438395	-0.932487124901232	0.0	1.0	1.0	0.0	0.40927130205438395	-0.932487124901232
218850000	-0.29041142842056855	2.073951493213312	-1.179054215858039	0.0	0.0	1.0	-0.0	0.0	-1.179054215858039
218900000	-3.1449101363868124	0.2645289998800495	-1.046765157651683	0.0	1.0	1.0	-0.0	0.2645289998800495	-1.046765157651683
218950000	0.33861886764262006	0.5193999143732588	-0.9661444125473575	1.0	1.0	1.0	0.33861886764262006	0.5193999143732588	-0.9661444125473575
219000000	-2.5353704343954164	0.43075483555514194	-1.0906028889446424	0.0	1.0	1.0	-0.0	0.43075483555514194	-1.0906028889446424
219050000	3.5161407993738236	0.4263959273033565	-0.9785830888051362	0.0	1.0	1.0	0.0	0.4263959273033565	-0.9785830888051362
219100000	0.31710021390730997	0.5285305610069533	-1.0213922026097593	0.0	1.0	1.0	0.0	0.5285305610069533	-1.0213922026097593
219150000	0.6687998157500695	0.4379638701690538	-1.0739556472155631	0.0	1.0	1.0	0.0	0.4379638701690538	-1.0739556472155631
219200000	1.2464461949885624	0.5367355707530819	-1.0715884242198526	0.0	1.0	1.0	0.0	0.5367355707530819	-1.0715884242198526
219250000	0.6197248938236336	0.29409469475322236	-1.061382943802326	0.0	1.0	1.0	0.0	0.29409469475322236	-1.061382943802326
219300000	0.18004320597186974	0.3028773652026052	-1.0522562901936898	1.0	1.0	1.0	0.18004320597186974	0.3028773652026052	-1.0522562901936898
219350000	-1.067431295460251	1.3007913505798099	-1.0500952839927584	0.0	0.0	1.0	-0.0	0.0	-1.0500952839927584
219400000	-0.401013942651538	-0.5613637552419801	-1.0969803879564124	0.0	0.0	1.0	-0.0	-0.0	-1.0969803879564124
219450000	-1.1676754488490897	0.17247117310045515	-1.0771589167605993	0.0	1.0	1.0	-0.0	0.17247117310045515	-1.0771589167605993
219500000	0.382375631520538	0.4490232257468864	-1.212489842815197	0.0	1.0	1.0	0.0	0.4490232257468864	-1.212489842815197
219550000	1.8151139770756946	0.31697498187528633	-1.154319869870079	0.0	1.0	1.0	0.0	0.31697498187528633	-1.154319869870079
219600000	-3.200754383542871	0.597432932939652	-1.1080167960241878	0.0	1.0	1.0	-0.0	0.597432932939652	-1.1080167960241878
219650000	0.42504404285397607	0.31995021958364067	-1.0738715303211737	0.0	1.0	1.0	0.0	0.31995021958364067	-1.0738715303211737
219700000	-0.9582011960637531	0.4102148274139675	-1.014113580670335	0.0	1.0	1.0	-0.0	0.4102148274139675	-1.014113580670335
219750000	-1.4097597041133196	0.48743106526634306	-1.0596960320526727	0.0	1.0	1.0	-0.0	0.48743106526634306	-1.0596960320526727
219800000	-0.9504856358151301	0.3989960483058891	-1.0469440814123614	0.0	1.0	1.0	-0.0	0.3989960483058891	-1.0469440814123614
219850000	0.945948285704826	0.2704048877761167	-0.969575719302601	0.0	1.0	1.0	0.0	0.2704048877761167	-0.969575719302601
219900000	-0.8403783248301564	0.5400874454028117	-1.0196460055347636	0.0	1.0	1.0	-0.0	0.5400874454028117	-1.0196460055347636
219950000	-0.34342445102727154	0.24810405816203818	-1.1329847050717468	0.0	1.0	1.0	-0.0	0.24810405816203818	-1.1329847050717468
220000000	2.5816274552630167	0.25101426955466305	-1.1824302306191365	0.0	1.0	1.0	0.0	0.25101426955466305	-1.1824302306191365
220050000	-1.0557873258086985	0.4709562057408268	-1.0379711990246538	0.0	1.0	1.0	-0.0	0.4709562057408268	-1.0379711990246538
220100000	-1.0368791055550963	0.4889222798976283	-1.0367112438388626	0.0	1.0	1.0	-0.0	0.4889222798976283	-1.0367112438388626
220150000	3.8755752309318714	0.4933994554122722	-1.0655973273158958	0.0	1.0	1.0	0.0	0.4933994554122722	-1.0655973273158958
220200000	0.6356859049348691	0.5251926277163432	-1.0817526198977956	0.0	1.0	1.0	0.0	0.5251926277163432	-1.0817526198977956
220250000	0.18158260033283513	0.3110574109984867	-0.9442675076893663	1.0	1.0	1.0	0.18158260033283513	0.3110574109984867	-0.9442675076893663
220300000	-0.03660925435819422	0.26654972657135056	-1.1345209368802998	0.0	1.0	1.0	-0.0	0.26654972657135056	-1.1345209368802998
220350000	0.3688232891318499	0.4440335710956276	-0.9880501820547863	0.0	1.0	1.0	0.0	0.4440335710956276	-0.9880501820547863
220400000	4.726131331935663	0.4316763665043246	-0.9553044628848418	0.0	1.0	1.0	0.0	0.4316763665043246	-0.9553044628848418
220450000	3.1687215055669116	0.36767940440596236	-1.0312057877711456	0.0	1.0	1.0	0.0	0.36767940440596236	-1.0312057877711456
220500000	-1.2415374690671779	0.18184949011805673	-0.9903982042977888	0.0	1.0	1.0	-0.0	0.18184949011805673	-0.9903982042977888
220550000	-0.11918659486298036	0.584491925953487	-1.1212565198707627	1.0	1.0	1.0	-0.11918659486298036	0.584491925953487	-1.1212565198707627
220600000	2.7334576519570954	0.4095221569969922	-1.0316320856698578	0.0	1.0	1.0	0.0	0.4095221569969922	-1.0316320856698578
220650000	1.053059051041028	0.4147728044675431	-1.0242514015386057	0.0	1.0	1.0	0.0	0.4147728044675431	-1.0242514015386057
220700000	0.5612099614133762	0.4902513896219493	-0.966419893807644	0.0	1.0	1.0	0.0	0.4902513896219493	-0.966419893807644
220750000	0.3933314799040146	0.45389642013705656	-0.9926524861819794	0.0	1.0	1.0	0.0	0.45389642013705656	-0.9926524861819794
220800000	2.7312722794631608	0.2803344654052337	-0.9923592742257193	0.0	1.0	1.0	0.0	0.2803344654052337	-0.9923592742257193
220850000	0.07439329553917606	0.37100536431678105	-1.18598696745499	0.0	1.0	1.0	0.0	0.37100536431678105	-1.18598696745499
220900000	0.40844919768820565	0.21051603733809826	-1.1459263690703376	0.0	1.0	1.0	0.0	0.21051603733809826	-1.1459263690703376
220950000	0.9080934890066883	0.4277314717796359	-1.1471425178412786	0.0	1.0	1.0	0.0	0.4277314717796359	-1.1471425178412786
221000000	-0.1932487381891893	0.5027046872916947	-1.0312366826887736	0.0	1.0	1.0	-0.0	0.5027046872916947	-1.0312366826887736
221050000	0.15599910536653283	0.6368098196584459	-0.9296219959942102	1.0	1.0	1.0	0.15599910536653283	0.6368098196584459	-0.9296219959942102
221100000	-1.428131519420534	0.5138807103180413	-1.152742468870367	0.0	1.0	1.0	-0.0	0.5138807103180413	-1.152742468870367
221150000	2.068437521897794	0.3949886323373831	-1.0636690010737182	0.0	1.0	1.0	0.0	0.3949886323373831	-1.0636690010737182
221200000	-1.2002711621598803	0.36866328172491547	-0.9857205549601811	0.0	1.0	1.0	-0.0	0.36866328172491547	-0.9857205549601811
221250000	1.3439314054569138	0.6087056588016087	-0.9238446409939879	0.0	1.0	1.0	0.0	0.6087056588016087	-0.9238446409939879
221300000	0.5178669954351414	0.33003238701592735	-1.0663076431343297	0.0	1.0	1.0	0.0	0.33003238701592735	-1.0663076431343297
221350000	0.2535981258940153	0.3793340728539811	-1.1225276850901327	0.0	1.0	1.0	0.0	0.3793340728539811	-1.1225276850901327
221400000	0.9301208066867042	0.5391569195827034	-1.0676109234390567	0.0	1.0	1.0	0.0	0.5391569195827034	-1.0676109234390567
221450000	0.4958531359311973	0.21148794650031522	-1.1974753187993603	0.0	1.0	1.0	0.0	0.21148794650031522	-1.1974753187993603
221500000	-3.1545203842223515	0.29186979505900973	-0.9852793226438619	0.0	1.0	1.0	-0.0	0.29186979505900973	-0.9852793226438619
221550000	3.142676634662835	0.4214477008666061	-1.0290309460585685	0.0	1.0	1.0	0.0	0.4214477008666061	-1.0290309460585685
221600000	2.3741913915769355	0.3425523598967236	-1.1068205550166406	0.0	1.0	1.0	0.0	0.3425523598967236	-1.1068205550166406
221650000	-1.2314459756574598	0.39595890659094085	-1.1602439114354346	0.0	1.0	1.0	-0.0	0.39595890659094085	-1.1602439114354346
221700000	0.0922015095927371	0.473212374587166	-1.1259629799588962	0.0	1.0	1.0	0.0	0.473212374587166	-1.1259629799588962
221750000	1.1109779201999066	4.300316751830563	-1.0901985709826267	0.0	0.0	1.0	0.0	0.0	-1.0901985709826267
221800000	0.12236406246459824	0.3255889088960481	-0.984613180724476	0.0	1.0	1.0	0.0	0.3255889088960481	-0.984613180724476
221850000	-1.7531548832719541	0.3188547137187277	-1.1118380010203142	0.0	1.0	1.0	-0.0	0.3188547137187277	-1.1118380010203142
221900000	2.17675643865954	0.45626729178492764	-1.0545603572172917	0.0	1.0	1.0	0.0	0.45626729178492764	-1.0545603572172917
221950000	-1.9815362097876679	0.4909210995152863	-1.1733791492336154	0.0	1.0	1.0	-0.0	0.4909210995152863	-1.1733791492336154
222000000	0.5578293708886901	0.3393443108328072	-1.0188455097122213	0.0	1.0	1.0	0.0	0.3393443108328072	-1.0188455097122213
222050000	1.6236242813269568	0.3271399547076891	-1.2508859634891822	0.0	1.0	1.0	0.0	0.3271399547076891	-1.2508859634891822
222100000	-0.8330851743554427	0.34419439987752276	-0.9697450793945518	0.0	1.0	1.0	-0.0	0.34419439987752276	-0.9697450793945518
222150000	0.016299569588675244	0.5518194642637749	-1.102752960294498	1.0	1.0	1.0	0.016299569588675244	0.5518194642637749	-1.102752960294498
222200000	-1.226604478264104	0.28963072197678097	-1.0264465266980944	0.0	1.0	1.0	-0.0	0.28963072197678097	-1.0264465266980944
222250000	-1.452204144306298	0.2572669442237844	-1.0525376454417041	0.0	1.0	1.0	-0.0	0.2572669442237844	-1.0525376454417041
222300000	-0.11644355055121094	0.2611279929016255	-0.94521136138338	0.0	1.0	1.0	-0.0	0.2611279929016255	-0.94521136138338
222350000	0.04492827225923913	0.3080261034134725	-1.1288102533978874	0.0	1.0	1.0	0.0	0.3080261034134725	-1.1288102533978874
222400000	-2.824609683666904	0.39870945833306703	-1.0652432350673975	0.0	1.0	1.0	-0.0	0.39870945833306703	-1.0652432350673975
222450000	3.188144853809986	0.650315832839235	-1.1215759091812334	0.0	1.0	1.0	0.0	0.650315832839235	-1.1215759091812334
222500000	-1.7499235865411302	0.33097967244771354	-1.119285379787361	0.0	1.0	1.0	-0.0	0.33097967244771354	-1.119285379787361
222550000	1.269626595242441	0.16755852266764004	-1.1435186664165666	0.0	1.0	1.0	0.0	0.16755852266764004	-1.1435186664165666
222600000	-4.080827981546394	0.17308770249743957	-1.0501665358531342	0.0	1.0	1.0	-0.0	0.17308770249743957	-1.0501665358531342
222650000	-1.5088004975597251	0.4071026406069253	-0.9763834712499636	0.0	1.0	1.0	-0.0	0.4071026406069253	-0.9763834712499636
222700000	3.184681138802715	0.4773752030645658	-1.0967027424014764	0.0	1.0	1.0	0.0	0.4773752030645658	-1.0967027424014764
222750000	1.4973908132980902	0.41280686268416966	-1.0634107019036083	0.0	1.0	1.0	0.0	0.41280686268416966	-1.0634107019036083
222800000	-1.6644327270639598	0.5100842942038033	-1.0809699857756354	0.0	1.0	1.0	-0.0	0.5100842942038033	-1.0809699857756354
222850000	1.8104014379068865	0.262016490571144	-1.0453479025312284	0.0	1.0	1.0	0.0	0.262016490571144	-1.0453479025312284
222900000	-0.6435715573366603	0.8984454964423487	-1.1890151496322083	0.0	0.0	1.0	-0.0	0.0	-1.1890151496322083
222950000	2.372816315066891	0.3905639519528238	-1.1477269246021193	0.0	1.0	1.0	0.0	0.3905639519528238	-1.1477269246021193
223000000	0.8162153263406227	0.4061609514157197	-0.989904779921404	0.0	1.0	1.0	0.0	0.4061609514157197	-0.989904779921404
223050000	0.8700400728923849	0.443530051307919	-1.0935426088595734	0.0	1.0	1.0	0.0	0.443530051307919	-1.0935426088595734
223100000	-2.678805385113091	0.40954369258525986	-1.113834106527704	0.0	1.0	1.0	-0.0	0.40954369258525986	-1.113834106527704
223150000	0.054614888798154196	0.3348208618720321	-0.9398647867829819	1.0	1.0	1.0	0.054614888798154196	0.3348208618720321	-0.9398647867829819
223200000	1.4008118272538401	0.35265259608929894	-1.1438005931683735	0.0	1.0	1.0	0.0	0.35265259608929894	-1.1438005931683735
223250000	0.8050261352425652	-1.5697985963768346	-1.179730424731201	0.0	0.0	1.0	0.0	-0.0	-1.179730424731201
223300000	2.219385070200147	0.3833660675359598	-1.1497445208637531	0.0	1.0	1.0	0.0	0.3833660675359598	-1.1497445208637531
223350000	1.8890864339781772	0.40276527842376153	-1.150271396310532	0.0	1.0	1.0	0.0	0.40276527842376153	-1.150271396310532
223400000	1.5265724273500738	0.3982708477813789	-1.0781400536083456	0.0	1.0	1.0	0.0	0.3982708477813789	-1.0781400536083456
223450000	-1.8744346947079191	0.4434787993233247	-1.098352309193026	0.0	1.0	1.0	-0.0	0.4434787993233247	-1.098352309193026
223500000	-2.4635454590926154	0.4369784431358721	-1.1508434434834776	0.0	1.0	1.0	-0.0	0.4369784431358721	-1.1508434434834776
223550000	-2.0912487404756517	0.23899502921456936	-1.0521953545777074	0.0	1.0	1.0	-0.0	0.23899502921456936	-1.0521953545777074
223600000	-0.6146397563905277	0.3643173878350523	-1.137995219193522	0.0	1.0	1.0	-0.0	0.3643173878350523	-1.137995219193522
223650000	2.939764461480616	0.29283888950929504	-1.1434106728976448	0.0	1.0	1.0	0.0	0.29283888950929504	-1.1434106728976448
223700000	-1.5053700507373955	0.3596546003800936	-1.0887916487394989	0.0	1.0	1.0	-0.0	0.3596546003800936	-1.0887916487394989
223750000	-4.508133789877315	0.33914826744240256	-1.1365863248819996	0.0	1.0	1.0	-0.0	0.33914826744240256	-1.1365863248819996
223800000	-1.7891194263665477	0.26769545165536845	-1.1184585240333926	0.0	1.0	1.0	-0.0	0.26769545165536845	-1.1184585240333926
223850000	1.4782724300998453	0.255418893937992	-1.1064250750581877	0.0	1.0	1.0	0.0	0.255418893937992	-1.1064250750581877
223900000	-2.6295206020200537	-3.1892204420596206	-1.306090577839403	0.0	0.0	1.0	-0.0	-0.0	-1.306090577839403
223950000	0.3853177133720245	0.2179844247142611	-1.1409781545073485	0.0	1.0	1.0	0.0	0.2179844247142611	-1.1409781545073485
224000000	-3.023592528867563	0.3691809279038733	-1.126487718754676	0.0	1.0	1.0	-0.0	0.3691809279038733	-1.126487718754676
224050000	0.27888106778595345	0.5328744347142491	-0.9484578350412037	0.0	1.0	1.0	0.0	0.5328744347142491	-0.9484578350412037
224100000	0.31788523739704266	0.3708757092119412	-1.0701215461834825	0.0	1.0	1.0	0.0	0.3708757092119412	-1.0701215461834825
224150000	-2.1732114710010024	0.5107726066635999	-1.1860062499615873	0.0	1.0	1.0	-0.0	0.5107726066635999	-1.1860062499615873
224200000	-1.384658712146216	0.4124576497264458	-1.1084444779065095	0.0	1.0	1.0	-0.0	0.4124576497264458	-1.1084444779065095
224250000	-2.199114299716415	-0.4623362277139462	-1.2759468599397494	0.0	0.0	1.0	-0.0	-0.0	-1.2759468599397494
224300000	0.06983873486610043	0.2338113764933612	-1.0140131460087538	1.0	1.0	1.0	0.06983873486610043	0.2338113764933612	-1.0140131460087538
224350000	1.7554445248676354	0.5303377389840565	-1.0511917515662275	0.0	1.0	1.0	0.0	0.5303377389840565	-1.0511917515662275
224400000	0.3644330666915722	0.4731840848356765	-1.0630590602369445	0.0	1.0	1.0	0.0	0.4731840848356765	-1.0630590602369445
224450000	1.7756168241596537	0.37137584157356934	-1.1755110528967938	0.0	1.0	1.0	0.0	0.37137584157356934	-1.1755110528967938
224500000	-1.7142553190001257	0.3682081925865302	-1.017820453032401	0.0	1.0	1.0	-0.0	0.3682081925865302	-1.017820453032401
224550000	-0.02496273320506348	0.38629808898159795	-1.0823483584479687	0.0	1.0	1.0	-0.0	0.38629808898159795	-1.0823483584479687
224600000	-0.9794141847030553	0.24309634361082882	-1.133051847207325	0.0	1.0	1.0	-0.0	0.24309634361082882	-1.133051847207325
224650000	1.7635608317007352	-4.120637075631814	-1.3106958297693243	0.0	0.0	1.0	0.0	-0.0	-1.3106958297693243
224700000	-1.4653161484444375	0.43265216309617893	-1.201853549613749	0.0	1.0	1.0	-0.0	0.43265216309617893	-1.201853549613749
224750000	-0.319105812331888	0.4549115777920773	-1.133303773346813	0.0	1.0	1.0	-0.0	0.4549115777920773	-1.133303773346813
224800000	1.493129471106271	0.6160096783138445	-1.1241962107794152	0.0	1.0	1.0	0.0	0.6160096783138445	-1.1241962107794152
224850000	-0.9010824068868113	0.5597663271205244	-1.0942172939596277	0.0	1.0	1.0	-0.0	0.5597663271205244	-1.0942172939596277
224900000	0.9742003841137961	0.4964219216962491	-0.9895110103769311	0.0	1.0	1.0	0.0	0.4964219216962491	-0.9895110103769311
224950000	-1.693861544217272	0.45496233431783245	-1.091762964938468	0.0	1.0	1.0	-0.0	0.45496233431783245	-1.091762964938468
225000000	-1.5505287743837994	0.3772892444990686	-1.0081581448382007	0.0	1.0	1.0	-0.0	0.3772892444990686	-1.0081581448382007
225050000	3.3928843481645705	0.25290737234074456	-1.1034776713760142	0.0	1.0	1.0	0.0	0.25290737234074456	-1.1034776713760142
225100000	-1.0948982328844576	0.516795403290345	-1.111507114386074	0.0	1.0	1.0	-0.0	0.516795403290345	-1.111507114386074
225150000	3.99809297391523	0.5292962133872323	-1.3051767855551935	0.0	1.0	1.0	0.0	0.5292962133872323	-1.3051767855551935
225200000	-0.4908914120530174	-1.0091746072982513	-1.248152429765527	0.0	0.0	1.0	-0.0	-0.0	-1.248152429765527
225250000	-2.3329148228676524	0.3510852838378173	-1.110792516963416	0.0	1.0	1.0	-0.0	0.3510852838378173	-1.110792516963416
225300000	0.2808078578780613	0.32566215228254314	-1.145389030659251	0.0	1.0	1.0	0.0	0.32566215228254314	-1.145389030659251
225350000	-2.4221909744537133	0.24707988595798794	-1.1196306603582775	0.0	1.0	1.0	-0.0	0.24707988595798794	-1.1196306603582775
225400000	0.2884250441125343	0.42415425277493213	-0.9752664662076818	1.0	1.0	1.0	0.2884250441125343	0.42415425277493213	-0.9752664662076818
225450000	3.127461475396324	0.3382945683035596	-1.126985914747168	0.0	1.0	1.0	0.0	0.3382945683035596	-1.126985914747168
225500000	0.24012897685034185	0.6319232948756426	-1.1238801861855152	0.0	1.0	1.0	0.0	0.6319232948756426	-1.1238801861855152
225550000	1.98271628510463	0.5465631130746853	-1.13848284772464	0.0	1.0	1.0	0.0	0.5465631130746853	-1.13848284772464
225600000	-0.746104830796991	0.35536370288671887	-1.1017006344424707	0.0	1.0	1.0	-0.0	0.35536370288671887	-1.1017006344424707
225650000	2.5187024975653833	0.3809521065753503	-1.1304147673860312	0.0	1.0	1.0	0.0	0.3809521065753503	-1.1304147673860312
225700000	2.668248293051799	0.4334250108312576	-1.055641323077405	0.0	1.0	1.0	0.0	0.4334250108312576	-1.055641323077405
225750000	3.29030636159372	0.2976398346676289	-0.8953553065799962	0.0	1.0	1.0	0.0	0.2976398346676289	-0.8953553065799962
225800000	-2.737139201758169	0.302965582282563	-1.1976707356674388	0.0	1.0	1.0	-0.0	0.302965582282563	-1.1976707356674388
225850000	-0.6297728975328457	0.21754375172608303	-1.008353074577448	0.0	1.0	1.0	-0.0	0.21754375172608303	-1.008353074577448
225900000	-1.006474876333155	0.3443783665484969	-1.0299304662798279	0.0	1.0	1.0	-0.0	0.3443783665484969	-1.0299304662798279
225950000	-1.9012957290323806	0.37921478799591307	-0.9449510247458025	0.0	1.0	1.0	-0.0	0.37921478799591307	-0.9449510247458025
226000000	2.0730414814329867	0.36214753086076995	-1.2106703370787646	0.0	1.0	1.0	0.0	0.36214753086076995	-1.2106703370787646
226050000	-3.9066295915650056	0.24846024082923016	-1.1663188695161564	0.0	1.0	1.0	-0.0	0.24846024082923016	-1.1663188695161564
226100000	2.7623717208563487	0.2553382419109684	-0.9970381344656689	0.0	1.0	1.0	0.0	0.2553382419109684	-0.9970381344656689
226150000	0.023477993239458476	0.39571517860678096	-1.1848463784532641	1.0	1.0	1.0	0.023477993239458476	0.39571517860678096	-1.1848463784532641
226200000	0.10845757623489985	0.28196523183588523	-1.2689551223560525	0.0	1.0	1.0	0.0	0.28196523183588523	-1.2689551223560525
226250000	3.637078671408895	0.5201019716039309	-1.0015627095760542	0.0	1.0	1.0	0.0	0.5201019716039309	-1.0015627095760542
226300000	1.553958992953487	1.1254650127811736	-1.1060481580999382	0.0	0.0	1.0	0.0	0.0	-1.1060481580999382
226350000	4.15376982804651	0.3369995346562662	-1.0382990197918371	0.0	1.0	1.0	0.0	0.3369995346562662	-1.0382990197918371
226400000	-0.9264984767363622	0.3085960840085867	-1.046622642666747	0.0	1.0	1.0	-0.0	0.3085960840085867	-1.046622642666747
226450000	3.6379971799471638	0.17827227995685363	-1.1593837123693413	0.0	1.0	1.0	0.0	0.17827227995685363	-1.1593837123693413
226500000	1.2341347296712004	-1.1988660000688267	-1.2373852827392395	0.0	0.0	1.0	0.0	-0.0	-1.2373852827392395
226550000	-2.5323291116460607	0.40010732481239436	-1.0913399957507608	0.0	1.0	1.0	-0.0	0.40010732481239436	-1.0913399957507608
226600000	0.0027779361413823676	0.22415631759366889	-1.1221735549478817	1.0	1.0	1.0	0.0027779361413823676	0.22415631759366889	-1.1221735549478817
226650000	0.4810016480886659	0.44371981925230347	-1.0963227326165077	0.0	1.0	1.0	0.0	0.44371981925230347	-1.0963227326165077
226700000	2.5773270036829885	-2.5948959737972417	-1.0860730542837622	0.0	0.0	1.0	0.0	-0.0	-1.0860730542837622
226750000	-0.6620469120538719	0.1323650680617324	-1.0771213121949559	0.0	1.0	1.0	-0.0	0.1323650680617324	-1.0771213121949559
226800000	2.0478834371896943	-0.5525745747050165	-1.1759272281222384	0.0	0.0	1.0	0.0	-0.0	-1.1759272281222384
226850000	0.24144122059826278	0.3220174143626442	-1.1644273697638392	0.0	1.0	1.0	0.0	0.3220174143626442	-1.1644273697638392
226900000	-3.5718384436546637	0.46105308746533047	-1.1726782029639187	0.0	1.0	1.0	-0.0	0.46105308746533047	-1.1726782029639187
226950000	-4.403843040876826	0.4947384102661376	-1.0507469832170666	0.0	1.0	1.0	-0.0	0.4947384102661376	-1.0507469832170666
227000000	-4.350886355176588	0.4383669693752887	-1.0254701318819037	0.0	1.0	1.0	-0.0	0.4383669693752887	-1.0254701318819037
227050000	1.619548303633648	0.4467161050942763	-1.1383152654910402	0.0	1.0	1.0	0.0	0.4467161050942763	-1.1383152654910402
227100000	-0.05954858573731022	0.30982407848054017	-1.1297835127908387	0.0	1.0	1.0	-0.0	0.30982407848054017	-1.1297835127908387
227150000	0.08604780521707259	0.44677976648725837	-1.0509340588553977	1.0	1.0	1.0	0.08604780521707259	0.44677976648725837	-1.0509340588553977
227200000	-0.5363481332414579	0.3194668286307965	-0.9674843814367259	0.0	1.0	1.0	-0.0	0.3194668286307965	-0.9674843814367259
227250000	1.1389208504050008	0.5587438190495034	-1.018742267953498	0.0	1.0	1.0	0.0	0.5587438190495034	-1.018742267953498
227300000	0.3404392118966033	0.5101422389233479	-1.1370163081601565	0.0	1.0	1.0	0.0	0.5101422389233479	-1.1370163081601565
227350000	1.0566702120604734	0.4525719901570535	-0.9820915329255153	0.0	1.0	1.0	0.0	0.4525719901570535	-0.9820915329255153
227400000	-0.9824640580435196	0.30697789717878454	-1.1253245913004968	0.0	1.0	1.0	-0.0	0.30697789717878454	-1.1253245913004968
227450000	0.09370233964340118	0.38382084338763667	-0.9184737017387509	0.0	1.0	1.0	0.0	0.38382084338763667	-0.9184737017387509
227500000	1.32101464549246	0.4664301875906562	-1.0038115848718407	0.0	1.0	1.0	0.0	0.4664301875906562	-1.0038115848718407
227550000	-3.573396444045735	0.30887813914613993	-1.0495933272369768	0.0	1.0	1.0	-0.0	0.30887813914613993	-1.0495933272369768
227600000	2.959869720329158	0.40386338711064756	-1.0063331211043365	0.0	1.0	1.0	0.0	0.40386338711064756	-1.0063331211043365
227650000	0.3453896094543292	0.07861663816441047	-0.9516824729571626	0.0	1.0	1.0	0.0	0.07861663816441047	-0.9516824729571626
227700000	1.6659661039754132	0.425168194882807	-0.9813699789815964	0.0	1.0	1.0	0.0	0.425168194882807	-0.9813699789815964
227750000	3.0586258981944567	0.3681079889251337	-1.0187539667923555	0.0	1.0	1.0	0.0	0.3681079889251337	-1.0187539667923555
227800000	2.7117831589045265	-1.081332868481781	-1.1458673201045981	0.0	0.0	1.0	0.0	-0.0	-1.1458673201045981
227850000	2.373876400268428	0.5802823343342276	-1.087814484509333	0.0	1.0	1.0	0.0	0.5802823343342276	-1.087814484509333
227900000	-0.49023101268080393	0.5456583309295551	-1.0357801522423202	0.0	1.0	1.0	-0.0	0.5456583309295551	-1.0357801522423202
227950000	-0.4262448470133258	0.6330619844803904	-1.0073014722586064	0.0	1.0	1.0	-0.0	0.6330619844803904	-1.0073014722586064
228000000	1.0257590182871235	0.5910378087065541	-1.0318509498397224	0.0	1.0	1.0	0.0	0.5910378087065541	-1.0318509498397224
228050000	3.450284092990045	0.4360821584791792	-1.1425077873264087	0.0	1.0	1.0	0.0	0.4360821584791792	-1.1425077873264087
228100000	1.997489370579749	0.2664767202022674	-1.2281359332673452	0.0	1.0	1.0	0.0	0.2664767202022674	-1.2281359332673452
228150000	-1.3310458686501514	0.1120519191144449	-0.8939776234006668	0.0	1.0	1.0	-0.0	0.1120519191144449	-0.8939776234006668
228200000	6.194379979273601E-5	0.27139319027485004	-1.2129611824505544	1.0	1.0	1.0	6.194379979273601E-5	0.27139319027485004	-1.2129611824505544
228250000	-1.3504992389283774	1.1315845067959576	-1.1378215454852325	0.0	0.0	1.0	-0.0	0.0	-1.1378215454852325
228300000	0.7601132907029393	0.414912788508381	-0.9176162652989134	0.0	1.0	1.0	0.0	0.414912788508381	-0.9176162652989134
228350000	3.925371286387519	0.12086459862293866	-1.1507648906416836	0.0	1.0	1.0	0.0	0.12086459862293866	-1.1507648906416836
228400000	-0.7605705143397724	0.21445573277799804	-1.09420288968275	0.0	1.0	1.0	-0.0	0.21445573277799804	-1.09420288968275
228450000	4.446369743957345	0.4023597953251184	-1.017468875004244	0.0	1.0	1.0	0.0	0.4023597953251184	-1.017468875004244
228500000	-1.6255902750351714	0.4417718260511147	-1.2025714363190088	0.0	1.0	1.0	-0.0	0.4417718260511147	-1.2025714363190088
228550000	0.39981908721013715	0.35481571599664047	-1.086319466269115	0.0	1.0	1.0	0.0	0.35481571599664047	-1.086319466269115
228600000	0.9807997675402508	0.44471585542676295	-1.0023403383554639	0.0	1.0	1.0	0.0	0.44471585542676295	-1.0023403383554639
228650000	-1.0405065458521614	0.3773162526814676	-1.1445237469671201	0.0	1.0	1.0	-0.0	0.3773162526814676	-1.1445237469671201
228700000	-0.7248433889473934	0.46475545351185715	-1.1134089572731103	0.0	1.0	1.0	-0.0	0.46475545351185715	-1.1134089572731103
228750000	-1.3076114095510163	0.4220502084948053	-1.04289316387771	0.0	1.0	1.0	-0.0	0.4220502084948053	-1.04289316387771
228800000	2.557810219776503	0.32764498037117346	-1.0235839748340194	0.0	1.0	1.0	0.0	0.32764498037117346	-1.0235839748340194
228850000	-0.782061763894854	0.5428438861462668	-1.1922633067176163	0.0	1.0	1.0	-0.0	0.5428438861462668	-1.1922633067176163
228900000	2.613901375267081	0.4541582091497484	-1.2655833246801464	0.0	1.0	1.0	0.0	0.4541582091497484	-1.2655833246801464
228950000	-0.3084337527880203	0.3944796527234113	-1.0374431142249982	0.0	1.0	1.0	-0.0	0.3944796527234113	-1.0374431142249982
229000000	-0.9088402758063316	0.3409525317159364	-1.09835598326242	0.0	1.0	1.0	-0.0	0.3409525317159364	-1.09835598326242
229050000	-1.405546316018667	2.431392216949537	-1.1270969758998208	0.0	0.0	1.0	-0.0	0.0	-1.1270969758998208
229100000	-1.1681415867886387	0.45789645542369467	-1.1026642203999775	0.0	1.0	1.0	-0.0	0.45789645542369467	-1.1026642203999775
229150000	-1.6541873105328362	0.44633310585486735	-1.029984720063794	0.0	1.0	1.0	-0.0	0.44633310585486735	-1.029984720063794
229200000	2.542450413412078	-1.420639898321633	-1.2532165873399204	0.0	0.0	1.0	0.0	-0.0	-1.2532165873399204
229250000	-0.047089360115325385	0.3297529234257553	-0.9600318862088912	0.0	1.0	1.0	-0.0	0.3297529234257553	-0.9600318862088912
229300000	2.3640931462848496	0.420119614668489	-0.9706617044828425	0.0	1.0	1.0	0.0	0.420119614668489	-0.9706617044828425
229350000	2.553477104397409	0.37323408412113995	-1.1894406912919866	0.0	1.0	1.0	0.0	0.37323408412113995	-1.1894406912919866
229400000	0.3635979839535741	0.30199025175043803	-1.101390117515069	0.0	1.0	1.0	0.0	0.30199025175043803	-1.101390117515069
229450000	1.7657825315368414	0.5397666067241755	-1.1950204670732971	0.0	1.0	1.0	0.0	0.5397666067241755	-1.1950204670732971
229500000	-4.205378634297423	0.41154961769629544	-1.0866537549372686	0.0	1.0	1.0	-0.0	0.41154961769629544	-1.0866537549372686
229550000	1.3471142814596317	0.27807460089824476	-1.2749325011814454	0.0	1.0	1.0	0.0	0.27807460089824476	-1.2749325011814454
229600000	-1.3183466166930067	0.41870764099140717	-1.1122658823044635	0.0	1.0	1.0	-0.0	0.41870764099140717	-1.1122658823044635
229650000	1.9964386094894213	0.5016894903886092	-1.1133497460440345	0.0	1.0	1.0	0.0	0.5016894903886092	-1.1133497460440345
229700000	-0.08887727556489364	0.47934157831621926	-1.0723127119869094	0.0	1.0	1.0	-0.0	0.47934157831621926	-1.0723127119869094
229750000	-4.056731411845838	-0.9218977538864539	-1.1037562462219024	0.0	0.0	1.0	-0.0	-0.0	-1.1037562462219024
229800000	0.46999845875598956	0.3246174800347566	-1.046016282515085	0.0	1.0	1.0	0.0	0.3246174800347566	-1.046016282515085
229850000	-0.004303973954800545	0.4257821615262766	-1.0930659814897141	1.0	1.0	1.0	-0.004303973954800545	0.4257821615262766	-1.0930659814897141
229900000	3.6459063659025244	-0.025745882158735797	-1.0820126158239958	0.0	0.0	1.0	0.0	-0.0	-1.0820126158239958
229950000	-0.12900066533883256	0.17602539129933847	-1.1336930567403432	0.0	1.0	1.0	-0.0	0.17602539129933847	-1.1336930567403432
230000000	-1.2898548870329087	0.3226937862298486	-1.0140810128864863	0.0	1.0	1.0	-0.0	0.3226937862298486	-1.0140810128864863
230050000	3.044075722828432	3.2217138729648163	-1.1516980401517805	0.0	0.0	1.0	0.0	0.0	-1.1516980401517805
230100000	-0.46887922682199645	0.4059926913597297	-1.166692391359365	0.0	1.0	1.0	-0.0	0.4059926913597297	-1.166692391359365
230150000	-3.338352480138994	0.30778930503823854	-0.9809366725836703	0.0	1.0	1.0	-0.0	0.30778930503823854	-0.9809366725836703
230200000	-0.7610851677649245	-1.85777078091236	-1.2438058258779519	0.0	0.0	1.0	-0.0	-0.0	-1.2438058258779519
230250000	-1.3675659561647187	0.39409974748432086	-1.1448760397185587	0.0	1.0	1.0	-0.0	0.39409974748432086	-1.1448760397185587
230300000	1.478429293296762	0.38374671518246567	-1.059113754196058	0.0	1.0	1.0	0.0	0.38374671518246567	-1.059113754196058
230350000	3.278775008073663	0.31737497003246434	-1.2011790595585141	0.0	1.0	1.0	0.0	0.31737497003246434	-1.2011790595585141
230400000	-0.4706439451236598	0.2652026687383695	-1.148354288653437	0.0	1.0	1.0	-0.0	0.2652026687383695	-1.148354288653437
230450000	0.6396736912220894	0.27063792102642936	-1.167749958922853	0.0	1.0	1.0	0.0	0.27063792102642936	-1.167749958922853
230500000	-3.658331690213092	0.32726895178939747	-1.1301674266625226	0.0	1.0	1.0	-0.0	0.32726895178939747	-1.1301674266625226
230550000	4.7151864858321355	0.26293350919377145	-1.116623245113136	0.0	1.0	1.0	0.0	0.26293350919377145	-1.116623245113136
230600000	-1.2400497509903077	0.41197462306924504	-1.1345950487751097	0.0	1.0	1.0	-0.0	0.41197462306924504	-1.1345950487751097
230650000	0.4387134385214293	0.5687228093589209	-0.9975832333426806	0.0	1.0	1.0	0.0	0.5687228093589209	-0.9975832333426806
230700000	0.46234616955315166	0.25839781904234227	-1.3024005592415584	0.0	0.0	1.0	0.0	0.0	-1.3024005592415584
230750000	2.616317049450893	0.28385918608208927	-1.0071144670618375	0.0	1.0	1.0	0.0	0.28385918608208927	-1.0071144670618375
230800000	-1.6848738203689564	0.37411056018294603	-1.0473122085502906	0.0	1.0	1.0	-0.0	0.37411056018294603	-1.0473122085502906
230850000	3.322302066198294	0.4775882718840132	-1.0993421018509155	0.0	1.0	1.0	0.0	0.4775882718840132	-1.0993421018509155
230900000	-1.9609363675201925	0.4390470806044997	-1.2019542023770973	0.0	1.0	1.0	-0.0	0.4390470806044997	-1.2019542023770973
230950000	-0.01880930451985785	0.4927327216047245	-1.0806152708862522	1.0	1.0	1.0	-0.01880930451985785	0.4927327216047245	-1.0806152708862522
231000000	-2.1181043316178045	0.4151976548652967	-1.0491742963556578	0.0	1.0	1.0	-0.0	0.4151976548652967	-1.0491742963556578
231050000	3.07675002902081	0.5931757018387626	-1.0621849743627139	0.0	1.0	1.0	0.0	0.5931757018387626	-1.0621849743627139
231100000	-1.0878494853667084	0.2986095259318269	-1.1349779706098637	0.0	1.0	1.0	-0.0	0.2986095259318269	-1.1349779706098637
231150000	-3.035594003597681	0.4387741167405928	-1.0492282291706696	0.0	1.0	1.0	-0.0	0.4387741167405928	-1.0492282291706696
231200000	2.0670205339304357	0.1662879404378754	-1.10564323191543	0.0	1.0	1.0	0.0	0.1662879404378754	-1.10564323191543
231250000	-1.7718257790922485	0.42780373282435163	-1.19042649849888	0.0	1.0	1.0	-0.0	0.42780373282435163	-1.19042649849888
231300000	-2.7133577002507416	0.5255507383358033	-1.0690275836178738	0.0	1.0	1.0	-0.0	0.5255507383358033	-1.0690275836178738
231350000	1.7779832018335968	0.23487606265689792	-1.0945872062545046	0.0	1.0	1.0	0.0	0.23487606265689792	-1.0945872062545046
231400000	-1.0666347629538104	0.37064501396628036	-1.088684823539781	0.0	1.0	1.0	-0.0	0.37064501396628036	-1.088684823539781
231450000	-0.40343506984573757	0.6426496304679987	-1.059059348957161	0.0	1.0	1.0	-0.0	0.6426496304679987	-1.059059348957161
231500000	-0.2332741431611689	-1.524089454056847	-1.159828951077843	0.0	0.0	1.0	-0.0	-0.0	-1.159828951077843
231550000	-1.3072862803924814	0.45389129729790945	-1.1277189493736521	0.0	1.0	1.0	-0.0	0.45389129729790945	-1.1277189493736521
231600000	0.21530978980045795	0.46681845110814996	-1.1065394539850415	0.0	1.0	1.0	0.0	0.46681845110814996	-1.1065394539850415
231650000	0.7072715633081579	0.37743242192213705	-1.1349744597377045	0.0	1.0	1.0	0.0	0.37743242192213705	-1.1349744597377045
231700000	4.1696252808510845	0.40935165128903517	-1.0837868728381626	0.0	1.0	1.0	0.0	0.40935165128903517	-1.0837868728381626
231750000	1.2099712702007577	0.42603914062805837	-1.067831662770656	0.0	1.0	1.0	0.0	0.42603914062805837	-1.067831662770656
231800000	-1.4408875454370864	0.2862786758159486	-1.2278055457448	0.0	1.0	1.0	-0.0	0.2862786758159486	-1.2278055457448
231850000	-0.20108510769511634	0.499485900334668	-1.0543395548226788	0.0	1.0	1.0	-0.0	0.499485900334668	-1.0543395548226788
231900000	0.5302557333285313	0.3498093846163775	-1.036274673305595	0.0	1.0	1.0	0.0	0.3498093846163775	-1.036274673305595
231950000	1.7993431177055141	0.4877253033382358	-1.018425158493899	0.0	1.0	1.0	0.0	0.4877253033382358	-1.018425158493899
232000000	1.3376933549521748	0.39822066133534967	-1.0498672101974222	0.0	1.0	1.0	0.0	0.39822066133534967	-1.0498672101974222
232050000	-0.6587583902647764	0.5134109888165413	-1.1418581982475253	0.0	1.0	1.0	-0.0	0.5134109888165413	-1.1418581982475253
232100000	1.4924718689102021	0.34862064112820673	-1.1095918502392625	0.0	1.0	1.0	0.0	0.34862064112820673	-1.1095918502392625
232150000	-3.2898680112640233	0.4128738177328984	-1.010826830621613	0.0	1.0	1.0	-0.0	0.4128738177328984	-1.010826830621613
232200000	-1.309087976480019	0.24721142857125625	-1.062695531230845	0.0	1.0	1.0	-0.0	0.24721142857125625	-1.062695531230845
232250000	1.4100229434488631	0.28846992644016034	-1.1119802438379793	0.0	1.0	1.0	0.0	0.28846992644016034	-1.1119802438379793
232300000	-1.0502082441719995	0.47688900757528885	-1.0186763795662461	0.0	1.0	1.0	-0.0	0.47688900757528885	-1.0186763795662461
232350000	-3.011343398419178	0.5999910952472138	-1.0972587826096007	0.0	1.0	1.0	-0.0	0.5999910952472138	-1.0972587826096007
232400000	-1.1472640163576302	0.7134686261775881	-1.0812158730651686	0.0	1.0	1.0	-0.0	0.7134686261775881	-1.0812158730651686
232450000	0.09038940511220994	0.5908278162378697	-1.0281925229343933	0.0	1.0	1.0	0.0	0.5908278162378697	-1.0281925229343933
232500000	0.9895488701997756	0.5015488548693804	-1.0849628007197607	0.0	1.0	1.0	0.0	0.5015488548693804	-1.0849628007197607
232550000	3.2699038558403495	0.43838103693008273	-1.0891059010736133	0.0	1.0	1.0	0.0	0.43838103693008273	-1.0891059010736133
232600000	-1.261959866657822	0.42098960275363495	-1.155387219903104	0.0	1.0	1.0	-0.0	0.42098960275363495	-1.155387219903104
232650000	0.22467015875374274	0.18253009334695808	-1.0902002122084986	1.0	1.0	1.0	0.22467015875374274	0.18253009334695808	-1.0902002122084986
232700000	1.3382131198537333	0.4896733002624326	-1.0624442601418347	0.0	1.0	1.0	0.0	0.4896733002624326	-1.0624442601418347
232750000	-1.110427598060313	0.23039125061442642	-1.1284268589929667	0.0	1.0	1.0	-0.0	0.23039125061442642	-1.1284268589929667
232800000	2.2480542906641974	0.4832498535429449	-0.9951343666632111	0.0	1.0	1.0	0.0	0.4832498535429449	-0.9951343666632111
232850000	1.2636381834868904	0.46620626391073056	-1.0728713706194355	0.0	1.0	1.0	0.0	0.46620626391073056	-1.0728713706194355
232900000	-3.4532637620006272	0.46948065525624627	-1.1837843170970506	0.0	1.0	1.0	-0.0	0.46948065525624627	-1.1837843170970506
232950000	-1.1374819679899464	0.409352216659473	-0.9229153627649564	0.0	1.0	1.0	-0.0	0.409352216659473	-0.9229153627649564
233000000	-0.28508025594671155	0.5105691809994821	-1.052935749274161	0.0	1.0	1.0	-0.0	0.5105691809994821	-1.052935749274161
233050000	-5.037683245641839	0.40818270024644765	-1.0907695939078323	0.0	1.0	1.0	-0.0	0.40818270024644765	-1.0907695939078323
233100000	-2.8139094474682675	0.29415374697120794	-1.1180589755503039	0.0	1.0	1.0	-0.0	0.29415374697120794	-1.1180589755503039
233150000	3.4555370291129908	0.3945417271403795	-1.1076098659776288	0.0	1.0	1.0	0.0	0.3945417271403795	-1.1076098659776288
233200000	-0.050234471710754125	-2.193438849134719	-1.0870950091768037	1.0	0.0	1.0	-0.050234471710754125	-0.0	-1.0870950091768037
233250000	0.4459932536094741	0.35062537893464796	-1.1747332997482098	0.0	1.0	1.0	0.0	0.35062537893464796	-1.1747332997482098
233300000	-2.4657467888772087	0.495069213194477	-1.023346181205167	0.0	1.0	1.0	-0.0	0.495069213194477	-1.023346181205167
233350000	0.4274818888985778	0.36330368034390964	-0.9950138842732554	0.0	1.0	1.0	0.0	0.36330368034390964	-0.9950138842732554
233400000	-0.9063507153639777	0.43162654219099134	-1.1516846390928621	0.0	1.0	1.0	-0.0	0.43162654219099134	-1.1516846390928621
233450000	0.2544069004687683	0.30399343071745444	-0.9683785829047141	0.0	1.0	1.0	0.0	0.30399343071745444	-0.9683785829047141
233500000	1.9875168951005495	0.27048331047662627	-1.118142253581845	0.0	1.0	1.0	0.0	0.27048331047662627	-1.118142253581845
233550000	-3.801255629869665	0.17186607592606815	-1.0863016450424592	0.0	1.0	1.0	-0.0	0.17186607592606815	-1.0863016450424592
233600000	-0.4688293750785433	0.2648720015140908	-1.0839005322861666	0.0	1.0	1.0	-0.0	0.2648720015140908	-1.0839005322861666
233650000	1.3525421383726255	0.19786099456518014	-1.139951182566376	0.0	1.0	1.0	0.0	0.19786099456518014	-1.139951182566376
233700000	1.4498653144533737	0.2942995472556009	-1.2298271601617075	0.0	1.0	1.0	0.0	0.2942995472556009	-1.2298271601617075
233750000	-0.11569986542210624	0.5526001540213251	-1.0484617100179605	1.0	1.0	1.0	-0.11569986542210624	0.5526001540213251	-1.0484617100179605
233800000	-1.8002619120164265	0.41549123168067986	-1.084204975693282	0.0	1.0	1.0	-0.0	0.41549123168067986	-1.084204975693282
233850000	0.07282288783080482	0.9261199725720486	-1.2783838250220814	0.0	0.0	1.0	0.0	0.0	-1.2783838250220814
233900000	1.124858039633814	-1.8678043284098755	-1.1348906410906479	0.0	0.0	1.0	0.0	-0.0	-1.1348906410906479
233950000	0.5292432992664955	0.3734276787747706	-1.0871044368247142	0.0	1.0	1.0	0.0	0.3734276787747706	-1.0871044368247142
234000000	-0.5388666924094893	0.4082140239462287	-0.9575337164599038	0.0	1.0	1.0	-0.0	0.4082140239462287	-0.9575337164599038
234050000	-0.5576561534392313	0.4637290315094398	-1.0751007732474007	0.0	1.0	1.0	-0.0	0.4637290315094398	-1.0751007732474007
234100000	-1.5214845141753417	0.44470023718576823	-1.0762622981859418	0.0	1.0	1.0	-0.0	0.44470023718576823	-1.0762622981859418
234150000	1.1160083121971631	0.5201463534551729	-1.0674544544207436	0.0	1.0	1.0	0.0	0.5201463534551729	-1.0674544544207436
234200000	-2.8875101820726203	0.3760017072220353	-1.0794712908081743	0.0	1.0	1.0	-0.0	0.3760017072220353	-1.0794712908081743
234250000	1.7686125213435562	0.4477076157779316	-1.1225077167680786	0.0	1.0	1.0	0.0	0.4477076157779316	-1.1225077167680786
234300000	-0.37314798223509565	0.41898669557534335	-0.9413809264720422	0.0	1.0	1.0	-0.0	0.41898669557534335	-0.9413809264720422
234350000	-0.9942740026902459	-0.08838911169323982	-1.0551285667326762	0.0	0.0	1.0	-0.0	-0.0	-1.0551285667326762
234400000	-2.0521244992379875	0.2972584541124767	-1.0193818167551334	0.0	1.0	1.0	-0.0	0.2972584541124767	-1.0193818167551334
234450000	-1.760838910529052	0.5342715276007698	-1.1955262707056729	0.0	1.0	1.0	-0.0	0.5342715276007698	-1.1955262707056729
234500000	0.11491103869536357	0.509771251208208	-0.9717547609014147	1.0	1.0	1.0	0.11491103869536357	0.509771251208208	-0.9717547609014147
234550000	-0.28769241187932776	0.3666643019140804	-0.8262476712793714	0.0	1.0	1.0	-0.0	0.3666643019140804	-0.8262476712793714
234600000	1.5308507872898631	0.4239888111566431	-1.0181230151144482	0.0	1.0	1.0	0.0	0.4239888111566431	-1.0181230151144482
234650000	0.6452195839653478	0.37927833996558985	-1.049197108104725	0.0	1.0	1.0	0.0	0.37927833996558985	-1.049197108104725
234700000	1.8852424893587576	0.40551809047993653	-1.0398516418886254	0.0	1.0	1.0	0.0	0.40551809047993653	-1.0398516418886254
234750000	1.9718321116210902	0.3078182786197823	-1.1409938000882391	0.0	1.0	1.0	0.0	0.3078182786197823	-1.1409938000882391
234800000	2.3416450708357894	0.5449968356576772	-0.9714305128578972	0.0	1.0	1.0	0.0	0.5449968356576772	-0.9714305128578972
234850000	1.2968919496646296	0.4099585392652263	-1.1192953395813139	0.0	1.0	1.0	0.0	0.4099585392652263	-1.1192953395813139
234900000	2.683416243483195	0.23471981271890882	-1.0439775953383705	0.0	1.0	1.0	0.0	0.23471981271890882	-1.0439775953383705
234950000	0.0821552689975767	0.44664109489589676	-1.0280074270511625	1.0	1.0	1.0	0.0821552689975767	0.44664109489589676	-1.0280074270511625
235000000	-3.034515300387213	0.34314066834548373	-1.0812035399964968	0.0	1.0	1.0	-0.0	0.34314066834548373	-1.0812035399964968
235050000	1.2051752822609203	0.3803307096148087	-0.9396573237602137	0.0	1.0	1.0	0.0	0.3803307096148087	-0.9396573237602137
235100000	-0.7663282095251656	0.44663580369149486	-1.052354823472348	0.0	1.0	1.0	-0.0	0.44663580369149486	-1.052354823472348
235150000	0.24996614265683842	0.3438034563165539	-1.0978061010119677	0.0	1.0	1.0	0.0	0.3438034563165539	-1.0978061010119677
235200000	-2.6693232673258955	0.3728422703084086	-1.1701378440544814	0.0	1.0	1.0	-0.0	0.3728422703084086	-1.1701378440544814
235250000	0.8594026819037177	0.2560378546559152	-1.1069991413773481	0.0	1.0	1.0	0.0	0.2560378546559152	-1.1069991413773481
235300000	0.1934957701427573	0.6069458256576967	-1.0076598341877405	1.0	1.0	1.0	0.1934957701427573	0.6069458256576967	-1.0076598341877405
235350000	0.13608912042148524	0.2797914431487975	-1.1450643856653606	1.0	1.0	1.0	0.13608912042148524	0.2797914431487975	-1.1450643856653606
235400000	-0.5513110693789478	0.1657978234014322	-1.2115538646558588	0.0	1.0	1.0	-0.0	0.1657978234014322	-1.2115538646558588
235450000	-3.9227478545018206	0.4337862197084276	-1.0137036055457629	0.0	1.0	1.0	-0.0	0.4337862197084276	-1.0137036055457629
235500000	-0.6743319682388614	0.41862732806784514	-1.0713593298917823	0.0	1.0	1.0	-0.0	0.41862732806784514	-1.0713593298917823
235550000	0.29996678090697104	0.6338876875617236	-1.035364862959002	0.0	1.0	1.0	0.0	0.6338876875617236	-1.035364862959002
235600000	-0.28103650519408596	0.41217183863434126	-1.1744784165832434	0.0	1.0	1.0	-0.0	0.41217183863434126	-1.1744784165832434
235650000	-0.5185495338693356	0.5880906576575314	-1.017080347031939	0.0	1.0	1.0	-0.0	0.5880906576575314	-1.017080347031939
235700000	-2.0588383714913188	0.44568583535298884	-1.0570608839225164	0.0	1.0	1.0	-0.0	0.44568583535298884	-1.0570608839225164
235750000	2.4141187595590643	0.4440808384225755	-1.0652218733010739	0.0	1.0	1.0	0.0	0.4440808384225755	-1.0652218733010739
235800000	-2.408116986544153	0.34722991236869294	-1.1034647918233382	0.0	1.0	1.0	-0.0	0.34722991236869294	-1.1034647918233382
235850000	1.7391954386571593	0.4603915501579099	-1.0753661223129225	0.0	1.0	1.0	0.0	0.4603915501579099	-1.0753661223129225
235900000	1.4376763847933007	0.3917186687890981	-1.1896815081664067	0.0	1.0	1.0	0.0	0.3917186687890981	-1.1896815081664067
235950000	1.5224581513837498	0.45868563833348897	-1.0628408934561677	0.0	1.0	1.0	0.0	0.45868563833348897	-1.0628408934561677
236000000	-1.045033344242051	0.3863294392495206	-1.1316640965270286	0.0	1.0	1.0	-0.0	0.3863294392495206	-1.1316640965270286
236050000	1.5795067839698673	0.3958341457238581	-1.104977101910043	0.0	1.0	1.0	0.0	0.3958341457238581	-1.104977101910043
236100000	1.5615087399653849	0.443384353286571	-0.9267675437381513	0.0	1.0	1.0	0.0	0.443384353286571	-0.9267675437381513
236150000	4.5601865173382405	0.3940778597391714	-0.9954201604020259	0.0	1.0	1.0	0.0	0.3940778597391714	-0.9954201604020259
236200000	1.3215951607489766	0.4417266070320966	-1.0874025435761534	0.0	1.0	1.0	0.0	0.4417266070320966	-1.0874025435761534
236250000	-0.10365723384152759	0.3835762511877418	-0.9348855684562762	0.0	1.0	1.0	-0.0	0.3835762511877418	-0.9348855684562762
236300000	0.10900296576524512	0.39792720407599835	-0.9835776542335712	1.0	1.0	1.0	0.10900296576524512	0.39792720407599835	-0.9835776542335712
236350000	0.8598280383695551	0.5636748490405	-1.1197446899512773	0.0	1.0	1.0	0.0	0.5636748490405	-1.1197446899512773
236400000	1.0202130005562715	0.4095633035678145	-1.0129845667756656	0.0	1.0	1.0	0.0	0.4095633035678145	-1.0129845667756656
236450000	1.3302230115978413	0.4286249868951454	-1.07447037277264	0.0	1.0	1.0	0.0	0.4286249868951454	-1.07447037277264
236500000	-1.5164338912145694	0.38053937535875076	-1.2045224692656642	0.0	1.0	1.0	-0.0	0.38053937535875076	-1.2045224692656642
236550000	-2.017576216698632	0.27877439686592603	-1.0122023876207815	0.0	1.0	1.0	-0.0	0.27877439686592603	-1.0122023876207815
236600000	-0.01617345459463282	0.5210665620874326	-1.063158247909257	0.0	1.0	1.0	-0.0	0.5210665620874326	-1.063158247909257
236650000	-3.0894675222247385	0.3003256671612326	-1.173246609427756	0.0	1.0	1.0	-0.0	0.3003256671612326	-1.173246609427756
236700000	-0.008664087763688773	0.21557438368903836	-1.1436494946770335	1.0	1.0	1.0	-0.008664087763688773	0.21557438368903836	-1.1436494946770335
236750000	-1.9199329953565485	0.5710431888261226	-1.1121316563424268	0.0	1.0	1.0	-0.0	0.5710431888261226	-1.1121316563424268
236800000	-0.5008942684709843	0.26153182308135914	-1.1306137221241652	0.0	1.0	1.0	-0.0	0.26153182308135914	-1.1306137221241652
236850000	1.8278760420875249	0.41757771772102026	-1.219187286502224	0.0	1.0	1.0	0.0	0.41757771772102026	-1.219187286502224
236900000	2.2719929798286485	0.5611202447020018	-1.1144300010283215	0.0	1.0	1.0	0.0	0.5611202447020018	-1.1144300010283215
236950000	-0.83792537279556	0.5061648653124871	-1.122539739705458	0.0	1.0	1.0	-0.0	0.5061648653124871	-1.122539739705458
237000000	-1.5319013167156537	0.3504051412958933	-0.9858180592954977	0.0	1.0	1.0	-0.0	0.3504051412958933	-0.9858180592954977
237050000	-2.0429375268668255	0.4820362426800906	-1.0714353777712669	0.0	1.0	1.0	-0.0	0.4820362426800906	-1.0714353777712669
237100000	-0.7744579179986558	0.3318395433085334	-0.9933230315483954	0.0	1.0	1.0	-0.0	0.3318395433085334	-0.9933230315483954
237150000	-2.0198133237446863	0.4238041945452801	-1.102544001859112	0.0	1.0	1.0	-0.0	0.4238041945452801	-1.102544001859112
237200000	-0.4113958940222491	0.4270153144557406	-1.055971501183591	0.0	1.0	1.0	-0.0	0.4270153144557406	-1.055971501183591
237250000	0.5488918813110892	1.6270641247742688	-1.0852002425238807	0.0	0.0	1.0	0.0	0.0	-1.0852002425238807
237300000	0.5926017970435253	-2.6402932691049465	-1.1197475501231406	0.0	0.0	1.0	0.0	-0.0	-1.1197475501231406
237350000	3.5582963941064385	-0.545066364717318	-1.0016586677322097	0.0	0.0	1.0	0.0	-0.0	-1.0016586677322097
237400000	-4.057055428065663	0.392250024469501	-1.126972416284792	0.0	1.0	1.0	-0.0	0.392250024469501	-1.126972416284792
237450000	-2.0314500702530154	0.4932675828858017	-1.0170904225185724	0.0	1.0	1.0	-0.0	0.4932675828858017	-1.0170904225185724
237500000	1.5853044010699988	0.35546985812487825	-1.0542614973664373	0.0	1.0	1.0	0.0	0.35546985812487825	-1.0542614973664373
237550000	-0.008374934044767439	0.34089082747013333	-1.0550917073737653	1.0	1.0	1.0	-0.008374934044767439	0.34089082747013333	-1.0550917073737653
237600000	-0.6891066435453544	0.5715154677957444	-0.9918160479892673	0.0	1.0	1.0	-0.0	0.5715154677957444	-0.9918160479892673
237650000	-2.3004596072228853	0.3625249851985079	-1.0088733103001368	0.0	1.0	1.0	-0.0	0.3625249851985079	-1.0088733103001368
237700000	-0.7572647311544548	0.3378630249095835	-1.026065401854559	0.0	1.0	1.0	-0.0	0.3378630249095835	-1.026065401854559
237750000	-0.010621137015356432	0.3853105897520473	-1.1477609179177028	1.0	1.0	1.0	-0.010621137015356432	0.3853105897520473	-1.1477609179177028
237800000	0.22393207535826598	0.5614307418615156	-1.0561696526156632	1.0	1.0	1.0	0.22393207535826598	0.5614307418615156	-1.0561696526156632
237850000	0.8362003510071024	0.3639958466241425	-1.1074876370535658	0.0	1.0	1.0	0.0	0.3639958466241425	-1.1074876370535658
237900000	4.164987181798814	0.5566316049679537	-1.0023262111547555	0.0	1.0	1.0	0.0	0.5566316049679537	-1.0023262111547555
237950000	3.1016985532496157	0.2671440391267921	-1.209542186294875	0.0	1.0	1.0	0.0	0.2671440391267921	-1.209542186294875
238000000	0.025460603635172774	0.1718739743258473	-1.082390094270891	0.0	1.0	1.0	0.0	0.1718739743258473	-1.082390094270891
238050000	-0.04172280731253297	0.39997712202809704	-1.0183340051515646	0.0	1.0	1.0	-0.0	0.39997712202809704	-1.0183340051515646
238100000	-0.08540199325067721	0.356992035339904	-1.1862086978081652	1.0	1.0	1.0	-0.08540199325067721	0.356992035339904	-1.1862086978081652
238150000	-4.324443269122128	0.14297952966474684	-1.298900274738277	0.0	1.0	1.0	-0.0	0.14297952966474684	-1.298900274738277
238200000	-0.7480806232770932	-4.881489748269518	-1.1590878293679643	0.0	0.0	1.0	-0.0	-0.0	-1.1590878293679643
238250000	1.2412597906872593	0.5015297314065299	-1.1508787886049654	0.0	1.0	1.0	0.0	0.5015297314065299	-1.1508787886049654
238300000	-0.25440352753327233	0.4262181176862732	-0.990749607803707	0.0	1.0	1.0	-0.0	0.4262181176862732	-0.990749607803707
238350000	-2.009445239851425	0.2998047168535813	-1.1082009975483524	0.0	1.0	1.0	-0.0	0.2998047168535813	-1.1082009975483524
238400000	-0.2629225311023471	0.21498049328672786	-1.1629487658359923	0.0	1.0	1.0	-0.0	0.21498049328672786	-1.1629487658359923
238450000	0.3572607987011731	0.3148440879290457	-1.1106574692871185	0.0	1.0	1.0	0.0	0.3148440879290457	-1.1106574692871185
238500000	1.4175518330998644	0.5900699522065899	-1.07372023601241	0.0	1.0	1.0	0.0	0.5900699522065899	-1.07372023601241
238550000	-1.7343786616550223	-0.5286299342136882	-1.19640409962873	0.0	0.0	1.0	-0.0	-0.0	-1.19640409962873
238600000	-0.17999764649688696	0.4554526442494086	-0.9721704809819038	0.0	0.0	1.0	-0.0	0.0	-0.9721704809819038
238650000	0.12271605831952276	0.5288381313391093	-1.0075784213896664	1.0	1.0	1.0	0.12271605831952276	0.5288381313391093	-1.0075784213896664
238700000	5.183679813185933	0.33526416711578383	-1.0587316401326528	0.0	1.0	1.0	0.0	0.33526416711578383	-1.0587316401326528
238750000	1.906665097375961	0.4669700975374062	-1.0905607326462372	0.0	1.0	1.0	0.0	0.4669700975374062	-1.0905607326462372
238800000	4.271083840660999	0.4518151440183302	-1.1847385312045173	0.0	1.0	1.0	0.0	0.4518151440183302	-1.1847385312045173
238850000	-2.423847801418336	0.20195597950800684	-1.1424960625190184	0.0	1.0	1.0	-0.0	0.20195597950800684	-1.1424960625190184
238900000	-2.6337538996595544	0.3099129529514865	-1.108089723516498	0.0	1.0	1.0	-0.0	0.3099129529514865	-1.108089723516498
238950000	3.3602477611786985	0.4299727228194822	-1.1214307628143256	0.0	1.0	1.0	0.0	0.4299727228194822	-1.1214307628143256
239000000	0.26514115684891515	0.39249957714626066	-1.0832407341386916	0.0	1.0	1.0	0.0	0.39249957714626066	-1.0832407341386916
239050000	-0.9734344511620079	0.48259260565550044	-1.2057277701547544	0.0	1.0	1.0	-0.0	0.48259260565550044	-1.2057277701547544
239100000	-1.1832031187706695	0.4213493038549461	-1.0554823668655648	0.0	1.0	1.0	-0.0	0.4213493038549461	-1.0554823668655648
239150000	4.258813135073533	0.588266482897627	-0.9698833606830454	0.0	1.0	1.0	0.0	0.588266482897627	-0.9698833606830454
239200000	3.0972665981647665	0.28619744894612575	-1.1551372783686553	0.0	1.0	1.0	0.0	0.28619744894612575	-1.1551372783686553
239250000	1.3577373210982313	-2.809599151801011	-1.2240688561501878	0.0	0.0	1.0	0.0	-0.0	-1.2240688561501878
239300000	0.20769858597758215	0.46135203896331617	-1.138981470163097	1.0	1.0	1.0	0.20769858597758215	0.46135203896331617	-1.138981470163097
239350000	1.0271571008019413	0.42542285847474154	-1.084742968306336	0.0	1.0	1.0	0.0	0.42542285847474154	-1.084742968306336
239400000	-2.9956499312723697	0.216411608205167	-1.0889864086584087	0.0	1.0	1.0	-0.0	0.216411608205167	-1.0889864086584087
239450000	1.6429865071342962	0.37606589749741787	-1.1311054398226856	0.0	1.0	1.0	0.0	0.37606589749741787	-1.1311054398226856
239500000	3.5728091989488666	0.17217790045130954	-1.0698257142695171	0.0	1.0	1.0	0.0	0.17217790045130954	-1.0698257142695171
239550000	0.9616273785218615	0.32160926108633536	-1.095542529921903	0.0	1.0	1.0	0.0	0.32160926108633536	-1.095542529921903
239600000	-0.35704817278424805	0.38882655334273614	-1.1178972466882149	0.0	1.0	1.0	-0.0	0.38882655334273614	-1.1178972466882149
239650000	0.843000364594803	0.44614321640961524	-1.0472721627608348	0.0	1.0	1.0	0.0	0.44614321640961524	-1.0472721627608348
239700000	1.2802890854685756	0.3995509896507316	-1.1475841006816452	0.0	1.0	1.0	0.0	0.3995509896507316	-1.1475841006816452
239750000	1.3741247183966505	0.5261124928625338	-0.9375248858871675	0.0	1.0	1.0	0.0	0.5261124928625338	-0.9375248858871675
239800000	2.917674865185241	0.41022990331981324	-1.145244570151741	0.0	1.0	1.0	0.0	0.41022990331981324	-1.145244570151741
239850000	2.1712875899689625	0.4542445136535303	-1.026189365043888	0.0	1.0	1.0	0.0	0.4542445136535303	-1.026189365043888
239900000	-0.6041050223606611	0.41694372964087084	-1.050492753213107	0.0	1.0	1.0	-0.0	0.41694372964087084	-1.050492753213107
239950000	1.406915297629161	0.28746072860183436	-1.0800885527504744	0.0	1.0	1.0	0.0	0.28746072860183436	-1.0800885527504744
240000000	3.9839441068682655	0.40346926042112596	-0.9380383562229485	0.0	1.0	1.0	0.0	0.40346926042112596	-0.9380383562229485
240050000	1.6660982248490308	0.35307745936000523	-1.0449746295590308	0.0	1.0	1.0	0.0	0.35307745936000523	-1.0449746295590308
240100000	2.883088626216453	0.2460689022433871	-1.2310038546881716	0.0	1.0	1.0	0.0	0.2460689022433871	-1.2310038546881716
240150000	-1.5324171527524304	0.5085359057831221	-0.8694001606233694	0.0	1.0	1.0	-0.0	0.5085359057831221	-0.8694001606233694
240200000	0.18278489028277922	0.539141788907626	-1.0706454808098946	1.0	1.0	1.0	0.18278489028277922	0.539141788907626	-1.0706454808098946
240250000	-0.45274672727796056	0.5265781585820261	-0.928338575280067	0.0	1.0	1.0	-0.0	0.5265781585820261	-0.928338575280067
240300000	1.8049670140882004	0.40347952600277925	-0.9768549923203895	0.0	1.0	1.0	0.0	0.40347952600277925	-0.9768549923203895
240350000	4.180040738117228	0.2744996486548025	-1.0623328154367637	0.0	1.0	1.0	0.0	0.2744996486548025	-1.0623328154367637
240400000	3.3185093223758257	0.3084050527344037	-1.1036083684274034	0.0	1.0	1.0	0.0	0.3084050527344037	-1.1036083684274034
240450000	2.045766287738657	0.23717047067380315	-0.9775342537395546	0.0	1.0	1.0	0.0	0.23717047067380315	-0.9775342537395546
240500000	-0.23507371914810493	0.3731508946213487	-1.0599198480975867	0.0	1.0	1.0	-0.0	0.3731508946213487	-1.0599198480975867
240550000	-2.4781936304897965	0.3032215741390156	-1.082698138617529	0.0	1.0	1.0	-0.0	0.3032215741390156	-1.082698138617529
240600000	-2.598020564472668	2.859479261169252	-1.0194445070274756	0.0	0.0	1.0	-0.0	0.0	-1.0194445070274756
240650000	0.2329807918586641	-0.6256669179799508	-1.1579409151312665	0.0	0.0	1.0	0.0	-0.0	-1.1579409151312665
240700000	-0.2668779021491476	0.3402309128276011	-1.0509250759532365	0.0	1.0	1.0	-0.0	0.3402309128276011	-1.0509250759532365
240750000	3.9317485706304414	0.30177438224666286	-1.1031805909826438	0.0	1.0	1.0	0.0	0.30177438224666286	-1.1031805909826438
240800000	2.4282679353809202	0.5577406797479336	-0.9621955151100541	0.0	1.0	1.0	0.0	0.5577406797479336	-0.9621955151100541
240850000	1.224354386412306	0.41343329007434115	-1.0682634052571056	0.0	1.0	1.0	0.0	0.41343329007434115	-1.0682634052571056
240900000	-4.2911550686788145	0.4768555436250185	-1.09776095286463	0.0	1.0	1.0	-0.0	0.4768555436250185	-1.09776095286463
240950000	-3.6336467581165675	0.28261172942454804	-1.1271268456429746	0.0	1.0	1.0	-0.0	0.28261172942454804	-1.1271268456429746
241000000	-0.9829353596805656	0.6137241155314532	-1.0208884732696966	0.0	1.0	1.0	-0.0	0.6137241155314532	-1.0208884732696966
241050000	-0.11114473279219748	0.5205081267378352	-0.9611257897087955	0.0	1.0	1.0	-0.0	0.5205081267378352	-0.9611257897087955
241100000	1.711047569514705	0.359212064896337	-1.156846296870785	0.0	1.0	1.0	0.0	0.359212064896337	-1.156846296870785
241150000	0.41620404732232874	0.4148972680472419	-1.046080559777972	0.0	1.0	1.0	0.0	0.4148972680472419	-1.046080559777972
241200000	3.7619589313167947	0.2544294196405862	-1.10956593489782	0.0	1.0	1.0	0.0	0.2544294196405862	-1.10956593489782
241250000	-6.153243567734782	0.47032191188384437	-1.0025159351182176	0.0	1.0	1.0	-0.0	0.47032191188384437	-1.0025159351182176
241300000	-0.23944009514803294	0.331476959812331	-1.2409743913887166	0.0	1.0	1.0	-0.0	0.331476959812331	-1.2409743913887166
241350000	-0.66921261778168	0.4287508461272407	-1.1417617884608937	0.0	1.0	1.0	-0.0	0.4287508461272407	-1.1417617884608937
241400000	0.10000028780595491	0.27996652658732424	-1.1309476739607704	1.0	1.0	1.0	0.10000028780595491	0.27996652658732424	-1.1309476739607704
241450000	1.322584505413594	0.400247076595374	-1.0755174169091923	0.0	1.0	1.0	0.0	0.400247076595374	-1.0755174169091923
241500000	-4.807842578481106	0.28915197372306556	-1.1260049985756018	0.0	1.0	1.0	-0.0	0.28915197372306556	-1.1260049985756018
241550000	0.2814917839305829	0.43419073685053605	-1.0027077302571883	0.0	1.0	1.0	0.0	0.43419073685053605	-1.0027077302571883
241600000	1.300947475380961	0.38404320238114836	-1.0388723899099908	0.0	1.0	1.0	0.0	0.38404320238114836	-1.0388723899099908
241650000	1.1130062461709347	0.12487711563329042	-1.201706106079111	0.0	1.0	1.0	0.0	0.12487711563329042	-1.201706106079111
241700000	-2.156707524087059	0.5647219898572323	-0.9275072183981523	0.0	1.0	1.0	-0.0	0.5647219898572323	-0.9275072183981523
241750000	0.0715724075034639	0.27871994583986115	-1.0393078717971436	0.0	1.0	1.0	0.0	0.27871994583986115	-1.0393078717971436
241800000	-0.02780800899758229	0.29883350116254415	-1.076817445181958	0.0	1.0	1.0	-0.0	0.29883350116254415	-1.076817445181958
241850000	3.732292036543099	0.30093974677687746	-1.1283076607437479	0.0	1.0	1.0	0.0	0.30093974677687746	-1.1283076607437479
241900000	-4.761585800574882	0.23867894054411218	-1.0967999634863344	0.0	1.0	1.0	-0.0	0.23867894054411218	-1.0967999634863344
241950000	0.015340382153075649	0.27173503381971154	-1.0666624333601638	1.0	1.0	1.0	0.015340382153075649	0.27173503381971154	-1.0666624333601638
242000000	0.10136803489501933	-0.20490325361498785	-1.2483242531414847	0.0	0.0	1.0	0.0	-0.0	-1.2483242531414847
242050000	-1.3466368716410972	-0.1109340437504191	-1.2415750871309195	0.0	0.0	1.0	-0.0	-0.0	-1.2415750871309195
242100000	2.544978159546256	0.4864653353474951	-0.9167552617667426	0.0	1.0	1.0	0.0	0.4864653353474951	-0.9167552617667426
242150000	-2.8928936567041466	0.444900323203637	-0.9769277103520229	0.0	1.0	1.0	-0.0	0.444900323203637	-0.9769277103520229
242200000	0.4016012506181985	0.2754865037179346	-1.153416898791491	0.0	1.0	1.0	0.0	0.2754865037179346	-1.153416898791491
242250000	4.7391696906104706	-0.6706036971200043	-1.1824179681471834	0.0	0.0	1.0	0.0	-0.0	-1.1824179681471834
242300000	-0.807244698000698	0.5997232531732986	-1.0455609948020654	0.0	0.0	1.0	-0.0	0.0	-1.0455609948020654
242350000	-1.8772054795730313	0.4009949435053998	-1.13094093842717	0.0	1.0	1.0	-0.0	0.4009949435053998	-1.13094093842717
242400000	0.24300540736891696	0.3860537121062876	-1.0263724275554302	1.0	1.0	1.0	0.24300540736891696	0.3860537121062876	-1.0263724275554302
242450000	1.4686105837095482	0.17614102733711304	-1.2175801565256854	0.0	1.0	1.0	0.0	0.17614102733711304	-1.2175801565256854
242500000	-0.02207410424479472	-1.6162818265720864	-1.124627426533176	0.0	0.0	1.0	-0.0	-0.0	-1.124627426533176
242550000	4.189241378074143	0.5115093269893266	-1.0549761646945675	0.0	1.0	1.0	0.0	0.5115093269893266	-1.0549761646945675
242600000	0.8983915890169096	0.36992629160956275	-1.2157125495056529	0.0	1.0	1.0	0.0	0.36992629160956275	-1.2157125495056529
242650000	1.2879768631777624	0.36889279112088125	-1.0835227932932465	0.0	1.0	1.0	0.0	0.36889279112088125	-1.0835227932932465
242700000	1.3621897735109472	-3.846250158579524	-1.1604773724119852	0.0	0.0	1.0	0.0	-0.0	-1.1604773724119852
242750000	0.03037640299937508	0.649388815774247	-1.0139864194358326	0.0	1.0	1.0	0.0	0.649388815774247	-1.0139864194358326
242800000	1.73490000420643	0.4243766270814438	-1.09058667247593	0.0	1.0	1.0	0.0	0.4243766270814438	-1.09058667247593
242850000	-0.7819938145666753	0.4242613310144191	-1.0770355088437797	0.0	1.0	1.0	-0.0	0.4242613310144191	-1.0770355088437797
242900000	0.7299406648167008	0.2601965142197193	-0.9816566609244055	0.0	1.0	1.0	0.0	0.2601965142197193	-0.9816566609244055
242950000	2.5301568701983808	0.44160309100808415	-1.2283648478838678	0.0	1.0	1.0	0.0	0.44160309100808415	-1.2283648478838678
243000000	-1.1122727432872357	0.36255074385908664	-1.0173443750163667	0.0	1.0	1.0	-0.0	0.36255074385908664	-1.0173443750163667
243050000	-4.0086976130042355	0.2877246124808078	-1.0747344951465252	0.0	1.0	1.0	-0.0	0.2877246124808078	-1.0747344951465252
243100000	-1.4248939237428624	0.4937097317179799	-0.9699676363961205	0.0	1.0	1.0	-0.0	0.4937097317179799	-0.9699676363961205
243150000	3.805143210314307	0.36100337550176287	-1.1674795572487902	0.0	1.0	1.0	0.0	0.36100337550176287	-1.1674795572487902
243200000	-1.503553883773285	0.40926197615004445	-1.1639041288392682	0.0	1.0	1.0	-0.0	0.40926197615004445	-1.1639041288392682
243250000	-3.697998234846904	0.38977932101298873	-0.9741831229787751	0.0	1.0	1.0	-0.0	0.38977932101298873	-0.9741831229787751
243300000	-0.9822548917568095	0.3095410471724523	-0.995216468966178	0.0	1.0	1.0	-0.0	0.3095410471724523	-0.995216468966178
243350000	-1.1172924069661239	0.5293971749067494	-1.0057966274978298	0.0	1.0	1.0	-0.0	0.5293971749067494	-1.0057966274978298
243400000	-2.2818632534842145	0.3229336012876944	-1.1078614834179437	0.0	1.0	1.0	-0.0	0.3229336012876944	-1.1078614834179437
243450000	-0.9186571783967044	0.28470362781948033	-1.0265028167897465	0.0	1.0	1.0	-0.0	0.28470362781948033	-1.0265028167897465
243500000	-0.99868713514886	0.4870413079902383	-1.0500653628632222	0.0	1.0	1.0	-0.0	0.4870413079902383	-1.0500653628632222
243550000	-0.033313035338231524	0.6081310629461093	-1.0397460550656266	0.0	1.0	1.0	-0.0	0.6081310629461093	-1.0397460550656266
243600000	-1.1594392430208371	0.2419743991353498	-1.1566119409851843	0.0	0.0	1.0	-0.0	0.0	-1.1566119409851843
243650000	-0.15135301468436127	0.3130668940491975	-1.1781567223839422	0.0	1.0	1.0	-0.0	0.3130668940491975	-1.1781567223839422
243700000	1.262238272614609	0.44851139882194085	-0.9492594246412478	0.0	1.0	1.0	0.0	0.44851139882194085	-0.9492594246412478
243750000	-0.6836622554464924	0.405519649919548	-1.050536783022827	0.0	1.0	1.0	-0.0	0.405519649919548	-1.050536783022827
243800000	-1.7745015605645598	0.30287133723340387	-1.2235146299811313	0.0	1.0	1.0	-0.0	0.30287133723340387	-1.2235146299811313
243850000	2.2397646094343426	-0.8167272408102388	-1.1173234364858202	0.0	0.0	1.0	0.0	-0.0	-1.1173234364858202
243900000	1.9620279741531303	0.4894829370131865	-1.2226385629855612	0.0	1.0	1.0	0.0	0.4894829370131865	-1.2226385629855612
243950000	-0.568278979091623	0.3595313061547159	-1.1073691363915896	0.0	1.0	1.0	-0.0	0.3595313061547159	-1.1073691363915896
244000000	-0.02471416569482924	0.4750855634716474	-1.0257826342108929	0.0	1.0	1.0	-0.0	0.4750855634716474	-1.0257826342108929
244050000	0.1118353196097468	0.36427357131202426	-1.016116896848044	0.0	1.0	1.0	0.0	0.36427357131202426	-1.016116896848044
244100000	-1.9044420108431674	0.2589504939713923	-1.0992533749261049	0.0	1.0	1.0	-0.0	0.2589504939713923	-1.0992533749261049
244150000	-1.391392751774747	-0.12528892485418064	-1.2497811363033433	0.0	0.0	1.0	-0.0	-0.0	-1.2497811363033433
244200000	0.8506435130936789	0.2722878603956742	-1.0686583327194257	0.0	1.0	1.0	0.0	0.2722878603956742	-1.0686583327194257
244250000	0.5331919951307784	0.2989266918937523	-1.2355918664500214	0.0	1.0	1.0	0.0	0.2989266918937523	-1.2355918664500214
244300000	1.8271936485288172	0.4580820584569918	-0.9238828262438983	0.0	1.0	1.0	0.0	0.4580820584569918	-0.9238828262438983
244350000	1.1395736945300137	0.4418476555521308	-0.9988396376251379	0.0	1.0	1.0	0.0	0.4418476555521308	-0.9988396376251379
244400000	2.346781801241298	0.3616445922551118	-1.1736478458794326	0.0	1.0	1.0	0.0	0.3616445922551118	-1.1736478458794326
244450000	-0.8257894789407443	0.6124709087824548	-0.9806030144061084	0.0	1.0	1.0	-0.0	0.6124709087824548	-0.9806030144061084
244500000	0.6577903458490169	0.3546126223891773	-1.1890620217203633	0.0	0.0	1.0	0.0	0.0	-1.1890620217203633
244550000	1.1661270854882384	0.3644223291083366	-0.9835810520472487	0.0	1.0	1.0	0.0	0.3644223291083366	-0.9835810520472487
244600000	-1.05798388013215	0.2773312431264177	-1.1776062400487743	0.0	1.0	1.0	-0.0	0.2773312431264177	-1.1776062400487743
244650000	-2.568992287657364	0.422554337970269	-1.2422667420221771	0.0	1.0	1.0	-0.0	0.422554337970269	-1.2422667420221771
244700000	-3.0119220360447962	0.5681176103136427	-1.0407592978111035	0.0	0.0	1.0	-0.0	0.0	-1.0407592978111035
244750000	-1.1086971792532614	2.461229462360455	-0.9278319525643093	0.0	0.0	1.0	-0.0	0.0	-0.9278319525643093
244800000	-0.9620976643449342	0.26847119716689416	-1.09617395516998	0.0	1.0	1.0	-0.0	0.26847119716689416	-1.09617395516998
244850000	-1.981664027585701	0.2662479193258148	-1.0927936903031756	0.0	1.0	1.0	-0.0	0.2662479193258148	-1.0927936903031756
244900000	3.2158255322525955	0.45965112214966347	-1.0074486789721062	0.0	1.0	1.0	0.0	0.45965112214966347	-1.0074486789721062
244950000	-2.4099456321797788	0.4012092935414103	-0.9317396116760628	0.0	1.0	1.0	-0.0	0.4012092935414103	-0.9317396116760628
245000000	-0.14418105462182462	0.5579291912883492	-1.217036074692058	0.0	1.0	1.0	-0.0	0.5579291912883492	-1.217036074692058
245050000	-0.4582444501812279	0.5119351490738056	-1.1018821564705465	0.0	1.0	1.0	-0.0	0.5119351490738056	-1.1018821564705465
245100000	1.6218623247097432	0.5310449374920332	-1.033773542107546	0.0	1.0	1.0	0.0	0.5310449374920332	-1.033773542107546
245150000	0.8111623201984028	0.31750182187231246	-1.1428687560501445	0.0	1.0	1.0	0.0	0.31750182187231246	-1.1428687560501445
245200000	0.14582447764338924	0.32925128464228065	-0.9982346345783455	1.0	1.0	1.0	0.14582447764338924	0.32925128464228065	-0.9982346345783455
245250000	2.0817761291188757	0.5517089077565923	-0.9152618622957805	0.0	1.0	1.0	0.0	0.5517089077565923	-0.9152618622957805
245300000	-0.19558675240163398	0.5295535271250001	-1.1432970956222532	0.0	1.0	1.0	-0.0	0.5295535271250001	-1.1432970956222532
245350000	0.7251478215017108	0.31204462887683654	-0.9619967097705496	0.0	1.0	1.0	0.0	0.31204462887683654	-0.9619967097705496
245400000	2.7553451557315576	0.36756579066350553	-1.0442630142361322	0.0	1.0	1.0	0.0	0.36756579066350553	-1.0442630142361322
245450000	-2.2499762468758293	0.38692879626462456	-1.1248046434893766	0.0	1.0	1.0	-0.0	0.38692879626462456	-1.1248046434893766
245500000	1.1677483886398305	0.46294419610086746	-1.2259158505629912	0.0	1.0	1.0	0.0	0.46294419610086746	-1.2259158505629912
245550000	-0.6391132180729335	0.5672151962719207	-1.0612579876035408	0.0	1.0	1.0	-0.0	0.5672151962719207	-1.0612579876035408
245600000	-2.1553626319643278	0.24475928298346838	-0.9986617697103932	0.0	1.0	1.0	-0.0	0.24475928298346838	-0.9986617697103932
245650000	-0.8361002458821881	0.5307919268010398	-1.035394423240926	0.0	1.0	1.0	-0.0	0.5307919268010398	-1.035394423240926
245700000	-1.2607569706525767	0.3766866017349251	-1.078192006926249	0.0	1.0	1.0	-0.0	0.3766866017349251	-1.078192006926249
245750000	0.6876642376451568	0.5592465239275166	-1.1337354938679642	0.0	0.0	1.0	0.0	0.0	-1.1337354938679642
245800000	1.888672326199599	0.36129053420735324	-1.0659797224807306	0.0	1.0	1.0	0.0	0.36129053420735324	-1.0659797224807306
245850000	-1.7812897464913373	0.2783227871765457	-1.1219626649786059	0.0	1.0	1.0	-0.0	0.2783227871765457	-1.1219626649786059
245900000	1.301591521796964	0.41039261300674074	-1.0810933085582706	0.0	1.0	1.0	0.0	0.41039261300674074	-1.0810933085582706
245950000	-0.47312010414849237	0.32435646833058984	-1.0254600215902443	0.0	1.0	1.0	-0.0	0.32435646833058984	-1.0254600215902443
246000000	0.3994257705969549	0.25979886637606864	-1.0460056974350764	0.0	1.0	1.0	0.0	0.25979886637606864	-1.0460056974350764
246050000	-0.6870939205132658	0.5839068675860754	-0.9780957082807001	0.0	1.0	1.0	-0.0	0.5839068675860754	-0.9780957082807001
246100000	1.6823730533807577	0.3440483773840154	-1.0722697087705129	0.0	1.0	1.0	0.0	0.3440483773840154	-1.0722697087705129
246150000	2.2598096049709633	0.30445941109867514	-1.0175441467769601	0.0	1.0	1.0	0.0	0.30445941109867514	-1.0175441467769601
246200000	-3.789715644226155	0.430739315551083	-1.2257845562101346	0.0	1.0	1.0	-0.0	0.430739315551083	-1.2257845562101346
246250000	2.951342880792414	0.33125672275492857	-1.1979347655006383	0.0	1.0	1.0	0.0	0.33125672275492857	-1.1979347655006383
246300000	2.359172661258637	0.4787249663509099	-1.032200140743698	0.0	0.0	1.0	0.0	0.0	-1.032200140743698
246350000	0.1340041274998061	0.2353095127146696	-1.0806359249866218	1.0	1.0	1.0	0.1340041274998061	0.2353095127146696	-1.0806359249866218
246400000	-0.15160506684505318	0.4309249680505667	-0.9564452485413771	0.0	1.0	1.0	-0.0	0.4309249680505667	-0.9564452485413771
246450000	0.9604649202818507	0.4078607606547549	-0.971845492542314	0.0	1.0	1.0	0.0	0.4078607606547549	-0.971845492542314
246500000	1.0625697709777242	0.3923174731111546	-1.0556756557752478	0.0	1.0	1.0	0.0	0.3923174731111546	-1.0556756557752478
246550000	-1.1463181955542572	0.2114713364579636	-1.0714721602770712	0.0	1.0	1.0	-0.0	0.2114713364579636	-1.0714721602770712
246600000	-0.8332757442236374	0.39557160594686414	-1.0431906734360397	0.0	1.0	1.0	-0.0	0.39557160594686414	-1.0431906734360397
246650000	0.5689907580879431	0.5093177150499131	-1.0909374675494377	0.0	1.0	1.0	0.0	0.5093177150499131	-1.0909374675494377
246700000	1.5490208206993132	2.573101073092844	-1.264183615429403	0.0	0.0	1.0	0.0	0.0	-1.264183615429403
246750000	-1.5790330146916298	0.5631300182106301	-1.1230515520478805	0.0	0.0	1.0	-0.0	0.0	-1.1230515520478805
246800000	-0.8336204586439964	0.504716757288893	-1.0873986035836356	0.0	1.0	1.0	-0.0	0.504716757288893	-1.0873986035836356
246850000	-0.7132571269375152	0.4143234776080811	-1.0097680934792	0.0	1.0	1.0	-0.0	0.4143234776080811	-1.0097680934792
246900000	0.1122312449632854	0.4921725135880868	-1.0458616704248436	1.0	1.0	1.0	0.1122312449632854	0.4921725135880868	-1.0458616704248436
246950000	-5.169703167106499	0.32174129617241665	-1.0854266577822889	0.0	1.0	1.0	-0.0	0.32174129617241665	-1.0854266577822889
247000000	-0.9160600914225151	0.5336241159138104	-1.1214759919423039	0.0	1.0	1.0	-0.0	0.5336241159138104	-1.1214759919423039
247050000	2.046114623251324	0.28743852431264166	-1.011405932452472	0.0	1.0	1.0	0.0	0.28743852431264166	-1.011405932452472
247100000	2.9219842658951474	0.4011679503460809	-1.123254362485488	0.0	1.0	1.0	0.0	0.4011679503460809	-1.123254362485488
247150000	-3.0441736020767975	0.34409876229731745	-1.0664857538121606	0.0	1.0	1.0	-0.0	0.34409876229731745	-1.0664857538121606
247200000	-2.1997458973004584	0.35921110868781253	-1.0454906271427884	0.0	1.0	1.0	-0.0	0.35921110868781253	-1.0454906271427884
247250000	0.38392549106456997	0.25487950557117683	-1.0951690911416523	0.0	1.0	1.0	0.0	0.25487950557117683	-1.0951690911416523
247300000	-0.7483052056101221	1.7976296674012833	-1.2411189690572904	0.0	0.0	1.0	-0.0	0.0	-1.2411189690572904
247350000	2.2618207475066328	0.08270166054302089	-1.1335667989071072	0.0	1.0	1.0	0.0	0.08270166054302089	-1.1335667989071072
247400000	3.9132998538143813	0.3210013815837777	-1.0625375213217747	0.0	1.0	1.0	0.0	0.3210013815837777	-1.0625375213217747
247450000	5.354732929429303	0.45989678649920135	-1.0510733262687992	0.0	1.0	1.0	0.0	0.45989678649920135	-1.0510733262687992
247500000	1.6583825023491496	0.4963622515165222	-1.0480457248480093	0.0	1.0	1.0	0.0	0.4963622515165222	-1.0480457248480093
247550000	1.5899550988515407	0.42897258364070695	-0.962137202194057	0.0	1.0	1.0	0.0	0.42897258364070695	-0.962137202194057
247600000	-3.687135913160712	0.6262330263754344	-1.1044432455783817	0.0	1.0	1.0	-0.0	0.6262330263754344	-1.1044432455783817
247650000	-0.4272370461477655	0.2919754895145948	-1.2498947689038507	0.0	1.0	1.0	-0.0	0.2919754895145948	-1.2498947689038507
247700000	2.0471365936613006	0.34480512505732114	-1.077446817108973	0.0	1.0	1.0	0.0	0.34480512505732114	-1.077446817108973
247750000	1.9002551667132066	0.4508010453031126	-1.0839765053119237	0.0	1.0	1.0	0.0	0.4508010453031126	-1.0839765053119237
247800000	-0.7992543179370056	0.48609119669409084	-1.179380486867718	0.0	1.0	1.0	-0.0	0.48609119669409084	-1.179380486867718
247850000	-3.396729848811269	0.1882047822444787	-1.038296946517145	0.0	1.0	1.0	-0.0	0.1882047822444787	-1.038296946517145
247900000	0.840543774968479	0.3411545443955726	-1.1691655967349015	0.0	1.0	1.0	0.0	0.3411545443955726	-1.1691655967349015
247950000	-0.02394543396238909	0.48646567592385614	-1.0768435050328264	1.0	1.0	1.0	-0.02394543396238909	0.48646567592385614	-1.0768435050328264
248000000	1.0185789383496002	0.5531220066801484	-1.0636380458646102	0.0	1.0	1.0	0.0	0.5531220066801484	-1.0636380458646102
248050000	1.2048302366926615	0.37714361469426544	-1.0202197239388884	0.0	1.0	1.0	0.0	0.37714361469426544	-1.0202197239388884
248100000	0.9194178994295026	0.36391245316013077	-1.1690196622110514	0.0	1.0	1.0	0.0	0.36391245316013077	-1.1690196622110514
248150000	-2.208114208719972	0.3816341185567601	-1.0503637649616298	0.0	0.0	1.0	-0.0	0.0	-1.0503637649616298
248200000	-2.9796362027785634	0.4828024806793236	-1.04476624159976	0.0	1.0	1.0	-0.0	0.4828024806793236	-1.04476624159976
248250000	-1.252641468784648	0.40540019325794474	-1.0664739352666803	0.0	1.0	1.0	-0.0	0.40540019325794474	-1.0664739352666803
248300000	0.3878066138901848	0.5028453848862596	-1.1157687938973635	0.0	1.0	1.0	0.0	0.5028453848862596	-1.1157687938973635
248350000	-0.23536703649642216	-1.7315442511596197	-1.276939345247589	0.0	0.0	1.0	-0.0	-0.0	-1.276939345247589
248400000	-0.09066617275171499	0.3303774512363644	-1.2350362916466466	1.0	1.0	1.0	-0.09066617275171499	0.3303774512363644	-1.2350362916466466
248450000	-1.885652946480669	0.3155567010604986	-1.0484487554913882	0.0	1.0	1.0	-0.0	0.3155567010604986	-1.0484487554913882
248500000	0.11818992355003058	0.6094246731244232	-0.9626225623779445	0.0	1.0	1.0	0.0	0.6094246731244232	-0.9626225623779445
248550000	-2.317504332663482	0.44329903524474984	-1.0497641873960528	0.0	1.0	1.0	-0.0	0.44329903524474984	-1.0497641873960528
248600000	0.6302406965161876	0.39622589392093155	-1.12086299706637	0.0	1.0	1.0	0.0	0.39622589392093155	-1.12086299706637
248650000	1.197669775102155	0.4969903405770092	-0.9800866903076565	0.0	1.0	1.0	0.0	0.4969903405770092	-0.9800866903076565
248700000	-2.63296617354144	0.38622283874381	-1.0847897080248758	0.0	1.0	1.0	-0.0	0.38622283874381	-1.0847897080248758
248750000	0.3391739850638843	0.6943284716417425	-0.9109076353530405	0.0	1.0	1.0	0.0	0.6943284716417425	-0.9109076353530405
248800000	2.5500877248626637	0.504752577204892	-0.8579158572045401	0.0	1.0	1.0	0.0	0.504752577204892	-0.8579158572045401
248850000	4.499857022089915	0.5983152768297368	-0.9335183353692398	0.0	1.0	1.0	0.0	0.5983152768297368	-0.9335183353692398
248900000	1.9778941461232382	1.0326236089577	-1.1822559717210164	0.0	0.0	1.0	0.0	0.0	-1.1822559717210164
248950000	2.3272747141647447	0.5767713827993256	-1.1300958656564866	0.0	1.0	1.0	0.0	0.5767713827993256	-1.1300958656564866
249000000	-1.0623652940809827	0.47344161376937594	-1.1640345515078858	0.0	1.0	1.0	-0.0	0.47344161376937594	-1.1640345515078858
249050000	-1.1082917230421647	0.3785457510459734	-1.0359386522745673	0.0	1.0	1.0	-0.0	0.3785457510459734	-1.0359386522745673
249100000	-2.3829858680158686	0.36713762251737997	-1.1297032975750396	0.0	1.0	1.0	-0.0	0.36713762251737997	-1.1297032975750396
249150000	-0.041987649072854266	0.4783928547678008	-1.0266898000111846	0.0	1.0	1.0	-0.0	0.4783928547678008	-1.0266898000111846
249200000	0.8405642907853738	0.1579969015526933	-1.0627724922678126	0.0	1.0	1.0	0.0	0.1579969015526933	-1.0627724922678126
249250000	1.7717361645977745	0.31815375189490724	-1.2194493809817206	0.0	1.0	1.0	0.0	0.31815375189490724	-1.2194493809817206
249300000	2.835294749511352	0.2407861096206703	-1.1766100718138817	0.0	1.0	1.0	0.0	0.2407861096206703	-1.1766100718138817
249350000	-1.276136638651621	0.6445990837889956	-1.1159860161693118	0.0	1.0	1.0	-0.0	0.6445990837889956	-1.1159860161693118
249400000	-1.573108506246927	-0.7538867693029421	-1.154996741865238	0.0	0.0	1.0	-0.0	-0.0	-1.154996741865238
249450000	-0.5591329602599119	-0.49076269363511665	-1.2107221244449482	0.0	0.0	1.0	-0.0	-0.0	-1.2107221244449482
249500000	-2.3330035366554087	0.3556957758792231	-1.147751349686019	0.0	1.0	1.0	-0.0	0.3556957758792231	-1.147751349686019
249550000	-0.36344366285423646	0.8173040003575295	-0.9562344374677023	0.0	0.0	1.0	-0.0	0.0	-0.9562344374677023
249600000	0.6030009937397018	0.4529552745078456	-1.103003387516923	0.0	1.0	1.0	0.0	0.4529552745078456	-1.103003387516923
249650000	-1.8778745435647701	0.44573186913326934	-1.1044829452197893	0.0	1.0	1.0	-0.0	0.44573186913326934	-1.1044829452197893
249700000	2.2734227608189888	0.35044305671069975	-0.9612533978891067	0.0	1.0	1.0	0.0	0.35044305671069975	-0.9612533978891067
249750000	1.4500476323332234	0.4342622658650702	-0.9949193701810761	0.0	1.0	1.0	0.0	0.4342622658650702	-0.9949193701810761
249800000	1.7556659262927923	0.4300113877783972	-1.0278293042231443	0.0	1.0	1.0	0.0	0.4300113877783972	-1.0278293042231443
249850000	-0.7413810076164262	0.4903738425650425	-0.9938182808777724	0.0	1.0	1.0	-0.0	0.4903738425650425	-0.9938182808777724
249900000	2.964388976514161	0.512303479622235	-0.9386567630498719	0.0	1.0	1.0	0.0	0.512303479622235	-0.9386567630498719
249950000	-2.435788579240246	0.39659523430432614	-0.9742241887860986	0.0	1.0	1.0	-0.0	0.39659523430432614	-0.9742241887860986
250000000	-1.4410828852419866	0.4520282962594683	-1.120479197640889	0.0	1.0	1.0	-0.0	0.4520282962594683	-1.120479197640889
